{"type":"FeatureCollection","name":"long_branch_road_centerlines","metadata":{"source":"NJOGIS NG911 Road Centerlines (Tran_road)","url":"https://services2.arcgis.com/XVOqAjTOJ5P6ngMu/arcgis/rest/services/Tran_road/FeatureServer/0","query_url":"https://services2.arcgis.com/XVOqAjTOJ5P6ngMu/arcgis/rest/services/Tran_road/FeatureServer/0/query","retrieved_at_utc":"2026-09-04T20:05:35.355545+00:00","source_last_edit_date":1785341586960,"out_sr":4326,"query_envelope_wgs84":[-74.0127574,40.2603529,-73.9745304,40.3297032],"spatial_relationship":"esriSpatialRelIntersects","boundary_file":"long_branch_boundary.geojson","boundary_sha256":"62209bb29bb131f4158210d8b005cb1e876908a0500aa7327b5481ea6087622c","fields":["OBJECTID","PRIMENAME","ELEVTYP_F","ELEVTYP_T"],"feature_count":2251,"complete_objectid_inventory_verified":true,"municipal_clipping":"Envelope selection only; clip against the actual municipal boundary in the application."},"features":[{"type":"Feature","id":567,"properties":{"OBJECTID":567,"PRIMENAME":"Unnamed Segment","ELEVTYP_F":0,"ELEVTYP_T":0},"geometry":{"type":"LineString","coordinates":[[-73.9970873950481,40.2658209387985],[-73.9969980184577,40.2658016084896],[-73.9961656608516,40.2656216340078],[-73.9960811514399,40.26560336715]]}},{"type":"Feature","id":840,"properties":{"OBJECTID":840,"PRIMENAME":"James Street","ELEVTYP_F":0,"ELEVTYP_T":0},"geometry":{"type":"LineString","coordinates":[[-73.9810640281625,40.3134281279024],[-73.9810866568114,40.3133016207077],[-73.9811891970731,40.3127285685865]]}},{"type":"Feature","id":983,"properties":{"OBJECTID":983,"PRIMENAME":"Unnamed Segment","ELEVTYP_F":0,"ELEVTYP_T":0},"geometry":{"type":"LineString","coordinates":[[-74.0069039104624,40.2817042057099],[-74.0068234214055,40.2811301715276],[-74.0067284242989,40.2806331719537],[-74.006676891255,40.2801513977152]]}},{"type":"Feature","id":1009,"properties":{"OBJECTID":1009,"PRIMENAME":"Garrett Drive","ELEVTYP_F":0,"ELEVTYP_T":0},"geometry":{"type":"LineString","coordinates":[[-73.9974560762652,40.2923450003345],[-73.9974330992343,40.2923306144532],[-73.9974119920849,40.2923146366897],[-73.9973929421484,40.2922972088515],[-73.9973761184968,40.2922784856161],[-73.9973616704433,40.2922586331576],[-73.9973497262163,40.2922378276723],[-73.9973403918218,40.2922162538148],[-73.9973337501026,40.2921941030588],[-73.9973321996135,40.2921869973298],[-73.9972411306621,40.2917217265741],[-73.9972374095242,40.2916907605569],[-73.9972383135712,40.2916596714195],[-73.9972438310554,40.2916288629333],[-73.9972538903122,40.2915987352243],[-73.9972683606909,40.2915696795767],[-73.9972870542521,40.2915420733504],[-73.9973097282086,40.2915162750807],[-73.9973360880789,40.2914926198216],[-73.997365791512,40.2914714147948],[-73.9973984527334,40.2914529353991],[-73.997433647556,40.2914374216343],[-73.9974709188882,40.2914250749842],[-73.9975097826713,40.2914160557998],[-73.9975497341652,40.291410481217],[-73.9975902545038,40.291408423635],[-73.9976308174334,40.2914099097766],[-73.9977696096854,40.2914210905635]]}},{"type":"Feature","id":1138,"properties":{"OBJECTID":1138,"PRIMENAME":"Gates Avenue","ELEVTYP_F":0,"ELEVTYP_T":0},"geometry":{"type":"LineString","coordinates":[[-74.0108233946553,40.2664452001286],[-74.0108172969014,40.2663763790005],[-74.0107598832585,40.2657298320948],[-74.0106907087636,40.2649507964212]]}},{"type":"Feature","id":1231,"properties":{"OBJECTID":1231,"PRIMENAME":"South Lincoln Avenue","ELEVTYP_F":0,"ELEVTYP_T":0},"geometry":{"type":"LineString","coordinates":[[-74.0108233946553,40.2664452001286],[-74.0100646051998,40.2663588921052],[-74.0099597696347,40.2663458470181]]}},{"type":"Feature","id":1262,"properties":{"OBJECTID":1262,"PRIMENAME":"Atlantic Avenue","ELEVTYP_F":0,"ELEVTYP_T":0},"geometry":{"type":"LineString","coordinates":[[-74.0010925516666,40.3113577373688],[-74.000519288922,40.3115670565741]]}},{"type":"Feature","id":1387,"properties":{"OBJECTID":1387,"PRIMENAME":"Unnamed Segment","ELEVTYP_F":0,"ELEVTYP_T":0},"geometry":{"type":"LineString","coordinates":[[-74.0059996831294,40.2830049348142],[-74.00634985943,40.282842788337],[-74.0063427395938,40.2827268960963],[-74.0062932924615,40.2824095922784],[-74.0062593050034,40.2821563805518]]}},{"type":"Feature","id":1451,"properties":{"OBJECTID":1451,"PRIMENAME":"Atlantic Avenue","ELEVTYP_F":0,"ELEVTYP_T":0},"geometry":{"type":"LineString","coordinates":[[-73.9781664562795,40.3205756747849],[-73.9777143028441,40.3206020489928],[-73.977549657836,40.3206116531404]]}},{"type":"Feature","id":1457,"properties":{"OBJECTID":1457,"PRIMENAME":"Pullman Avenue","ELEVTYP_F":0,"ELEVTYP_T":0},"geometry":{"type":"LineString","coordinates":[[-73.987949865111,40.2728277457448],[-73.9887502686749,40.2729668984189],[-73.9901733933228,40.2732019364419],[-73.9902591595986,40.2732160953164]]}},{"type":"Feature","id":1473,"properties":{"OBJECTID":1473,"PRIMENAME":"Bay Avenue","ELEVTYP_F":0,"ELEVTYP_T":0},"geometry":{"type":"LineString","coordinates":[[-73.986339947183,40.3257550612231],[-73.9863614205701,40.3258761818661],[-73.9863824196384,40.3260921815216]]}},{"type":"Feature","id":1616,"properties":{"OBJECTID":1616,"PRIMENAME":"Avenel Boulevard","ELEVTYP_F":0,"ELEVTYP_T":0},"geometry":{"type":"LineString","coordinates":[[-73.977692455896,40.3179668848617],[-73.9769101731105,40.3180011263719],[-73.9768379791666,40.3180092876735]]}},{"type":"Feature","id":1654,"properties":{"OBJECTID":1654,"PRIMENAME":"Unnamed Segment","ELEVTYP_F":0,"ELEVTYP_T":0},"geometry":{"type":"LineString","coordinates":[[-73.9778264152646,40.3188731794635],[-73.9777944149316,40.3189721799317],[-73.9777534169398,40.3189941806695],[-73.9772494157829,40.3190151798761]]}},{"type":"Feature","id":1656,"properties":{"OBJECTID":1656,"PRIMENAME":"Riverdale Avenue","ELEVTYP_F":0,"ELEVTYP_T":0},"geometry":{"type":"LineString","coordinates":[[-73.9797355791934,40.3267160353155],[-73.9796789444184,40.3265990820663]]}},{"type":"Feature","id":1757,"properties":{"OBJECTID":1757,"PRIMENAME":"Dudley Street","ELEVTYP_F":0,"ELEVTYP_T":0},"geometry":{"type":"LineString","coordinates":[[-73.9975911378901,40.303282878013],[-73.9977929006941,40.3034231009757],[-73.9978525568736,40.3034679415442]]}},{"type":"Feature","id":1852,"properties":{"OBJECTID":1852,"PRIMENAME":"Mohican Avenue","ELEVTYP_F":0,"ELEVTYP_T":0},"geometry":{"type":"LineString","coordinates":[[-74.0039015885131,40.3262542174915],[-74.00381394331,40.3262420367147],[-74.0003117101438,40.325755144926],[-74.000234494681,40.3257444070068]]}},{"type":"Feature","id":1941,"properties":{"OBJECTID":1941,"PRIMENAME":"Rivington Avenue","ELEVTYP_F":0,"ELEVTYP_T":0},"geometry":{"type":"LineString","coordinates":[[-74.0120559993521,40.3027277204494],[-74.013044810744,40.3021707931263],[-74.0131436369134,40.302114685571]]}},{"type":"Feature","id":2084,"properties":{"OBJECTID":2084,"PRIMENAME":"Hampton Avenue","ELEVTYP_F":0,"ELEVTYP_T":0},"geometry":{"type":"LineString","coordinates":[[-74.0004150999322,40.3017766491383],[-73.9997096478133,40.3018109636095],[-73.9988316936771,40.3018452949158],[-73.9986261802288,40.3018587069207],[-73.9984890765388,40.3018771642894],[-73.9983643437404,40.3019100325134],[-73.998233302956,40.3019523175375],[-73.9981209063504,40.3019994864978],[-73.9979960334486,40.3020561544854],[-73.9978708405294,40.3021413997048],[-73.9972138973148,40.3025960624682],[-73.996912048103,40.3028062137825]]}},{"type":"Feature","id":2323,"properties":{"OBJECTID":2323,"PRIMENAME":"Prospect Street","ELEVTYP_F":0,"ELEVTYP_T":0},"geometry":{"type":"LineString","coordinates":[[-73.9940722674685,40.2982696982125],[-73.9936837721235,40.2986811799618]]}},{"type":"Feature","id":2485,"properties":{"OBJECTID":2485,"PRIMENAME":"Long Branch Avenue","ELEVTYP_F":0,"ELEVTYP_T":0},"geometry":{"type":"LineString","coordinates":[[-73.9844295237143,40.3140625489653],[-73.9845714038451,40.3148016399903],[-73.9846122113952,40.3150142178633]]}},{"type":"Feature","id":2491,"properties":{"OBJECTID":2491,"PRIMENAME":"Robbin Street","ELEVTYP_F":0,"ELEVTYP_T":0},"geometry":{"type":"LineString","coordinates":[[-73.9783385515019,40.329249214504],[-73.9783526084204,40.3292403830499],[-73.9784466348425,40.3291550198651],[-73.9785343810887,40.3290839306557],[-73.9786157389066,40.3290318640903],[-73.9787407140038,40.3289752448816],[-73.9789092685468,40.3289188218591],[-73.9797896299223,40.3286225147877],[-73.980129942576,40.3285077587311],[-73.9804451879361,40.3284014533908],[-73.9805440838884,40.3283681041399]]}},{"type":"Feature","id":2702,"properties":{"OBJECTID":2702,"PRIMENAME":"White Street","ELEVTYP_F":0,"ELEVTYP_T":0},"geometry":{"type":"LineString","coordinates":[[-73.9799479477478,40.3218564266373],[-73.9781935078197,40.3219578951989],[-73.9780632574592,40.3219654332972]]}},{"type":"Feature","id":2707,"properties":{"OBJECTID":2707,"PRIMENAME":"Wertheim Place","ELEVTYP_F":0,"ELEVTYP_T":0},"geometry":{"type":"LineString","coordinates":[[-73.987752803458,40.2801458756153],[-73.9878817498144,40.2801371939117],[-73.988099001328,40.280122565719],[-73.9881340533171,40.2801277446702],[-73.9881655926816,40.2801376014145],[-73.9881864865404,40.2801522160858],[-73.9881877462705,40.2801540527007]]}},{"type":"Feature","id":2782,"properties":{"OBJECTID":2782,"PRIMENAME":"Pleasant Place","ELEVTYP_F":0,"ELEVTYP_T":0},"geometry":{"type":"LineString","coordinates":[[-73.998838622467,40.2612195469491],[-73.9987104446539,40.2615789735064],[-73.9985517624963,40.2620024787221],[-73.9984375672026,40.2623070061276],[-73.9983864571096,40.262483110178],[-73.9983723362713,40.2625561549178]]}},{"type":"Feature","id":2838,"properties":{"OBJECTID":2838,"PRIMENAME":"Valentine Street","ELEVTYP_F":0,"ELEVTYP_T":0},"geometry":{"type":"LineString","coordinates":[[-73.9801936557309,40.3255608850114],[-73.9803238977139,40.3255413477917],[-73.981247824788,40.325408976449]]}},{"type":"Feature","id":2928,"properties":{"OBJECTID":2928,"PRIMENAME":"Larchwood Avenue","ELEVTYP_F":0,"ELEVTYP_T":0},"geometry":{"type":"LineString","coordinates":[[-74.008823788867,40.2666976636445],[-74.0087772021901,40.2662962511233],[-74.0087610115441,40.2661565868178]]}},{"type":"Feature","id":3029,"properties":{"OBJECTID":3029,"PRIMENAME":"Bauer Avenue","ELEVTYP_F":0,"ELEVTYP_T":0},"geometry":{"type":"LineString","coordinates":[[-74.0074875219639,40.2655102734809],[-74.0074586129135,40.2653803288442],[-74.0074044029448,40.2651370352098],[-74.0073807081571,40.2649748834079],[-74.0073703122039,40.2646888695525],[-74.0073004405009,40.264030869869],[-74.0072660754508,40.2636208343193],[-74.0072590498131,40.2635371841049]]}},{"type":"Feature","id":3049,"properties":{"OBJECTID":3049,"PRIMENAME":"Unnamed Segment","ELEVTYP_F":0,"ELEVTYP_T":0},"geometry":{"type":"LineString","coordinates":[[-74.0059996831294,40.2830049348142],[-74.0059270034776,40.2829598931906],[-74.005711271847,40.282912043793]]}},{"type":"Feature","id":3152,"properties":{"OBJECTID":3152,"PRIMENAME":"Dale Street","ELEVTYP_F":0,"ELEVTYP_T":0},"geometry":{"type":"LineString","coordinates":[[-74.0006414036837,40.2950630051435],[-74.0005743301627,40.2951256365319],[-73.999982266112,40.2956785234338],[-73.9999037322842,40.2957518596566]]}},{"type":"Feature","id":3189,"properties":{"OBJECTID":3189,"PRIMENAME":"7th Avenue","ELEVTYP_F":0,"ELEVTYP_T":0},"geometry":{"type":"LineString","coordinates":[[-73.9947972801998,40.3046635749193],[-73.9953906104143,40.3054814910916]]}},{"type":"Feature","id":3265,"properties":{"OBJECTID":3265,"PRIMENAME":"Monmouth Boulevard","ELEVTYP_F":0,"ELEVTYP_T":0},"geometry":{"type":"LineString","coordinates":[[-73.9982680970384,40.3204511937697],[-73.9986202445411,40.3204769886907]]}},{"type":"Feature","id":3376,"properties":{"OBJECTID":3376,"PRIMENAME":"Bath Avenue","ELEVTYP_F":0,"ELEVTYP_T":0},"geometry":{"type":"LineString","coordinates":[[-73.9878967463167,40.2923949534742],[-73.9877892178046,40.2923968759434],[-73.9876936997668,40.2923985839987],[-73.9875504750449,40.2923989656711]]}},{"type":"Feature","id":3397,"properties":{"OBJECTID":3397,"PRIMENAME":"Itaska Place","ELEVTYP_F":0,"ELEVTYP_T":0},"geometry":{"type":"LineString","coordinates":[[-74.0025445043193,40.3186187654834],[-74.0020342143483,40.3180789502284],[-74.0017911748893,40.3178191681539]]}},{"type":"Feature","id":3403,"properties":{"OBJECTID":3403,"PRIMENAME":"Unnamed Segment","ELEVTYP_F":0,"ELEVTYP_T":0},"geometry":{"type":"LineString","coordinates":[[-73.9931594187619,40.2954821751623],[-73.9925854209038,40.2952091753443]]}},{"type":"Feature","id":3417,"properties":{"OBJECTID":3417,"PRIMENAME":"Unnamed Segment","ELEVTYP_F":0,"ELEVTYP_T":0},"geometry":{"type":"LineString","coordinates":[[-73.993088422614,40.32549918004],[-73.9930834226208,40.3253701809363],[-73.99303342171,40.3249741812977]]}},{"type":"Feature","id":3434,"properties":{"OBJECTID":3434,"PRIMENAME":"Unnamed Segment","ELEVTYP_F":0,"ELEVTYP_T":0},"geometry":{"type":"LineString","coordinates":[[-73.9937624209722,40.3254981804167],[-73.993759421915,40.325382181124],[-73.9937014206115,40.324924180884]]}},{"type":"Feature","id":3618,"properties":{"OBJECTID":3618,"PRIMENAME":"Riverdale Avenue","ELEVTYP_F":0,"ELEVTYP_T":0},"geometry":{"type":"LineString","coordinates":[[-73.9796789444184,40.3265990820663],[-73.9796499203559,40.3265391616571],[-73.9792285988567,40.3257055260075]]}},{"type":"Feature","id":3656,"properties":{"OBJECTID":3656,"PRIMENAME":"Atlantic Avenue","ELEVTYP_F":0,"ELEVTYP_T":0},"geometry":{"type":"LineString","coordinates":[[-73.9823381611165,40.3203338712826],[-73.9819458593994,40.3203587708742],[-73.9806127914302,40.3204338044868],[-73.9798046447187,40.3204805477313]]}},{"type":"Feature","id":3715,"properties":{"OBJECTID":3715,"PRIMENAME":"South Broadway","ELEVTYP_F":0,"ELEVTYP_T":0},"geometry":{"type":"LineString","coordinates":[[-73.981116603392,40.3051716675406],[-73.9809469849986,40.3051877075137]]}},{"type":"Feature","id":3768,"properties":{"OBJECTID":3768,"PRIMENAME":"Long Branch Avenue","ELEVTYP_F":0,"ELEVTYP_T":0},"geometry":{"type":"LineString","coordinates":[[-73.9831468466182,40.3086311775068],[-73.9832405421132,40.308979824764],[-73.983470742126,40.3098149015168],[-73.983592083311,40.3102396043354],[-73.983816125166,40.3110603773553],[-73.9838289676674,40.3111067733855]]}},{"type":"Feature","id":3792,"properties":{"OBJECTID":3792,"PRIMENAME":"Liberty Street","ELEVTYP_F":0,"ELEVTYP_T":0},"geometry":{"type":"LineString","coordinates":[[-73.9859491763462,40.3057460161723],[-73.9859656748381,40.3058494740307],[-73.9860748139482,40.3062530098485]]}},{"type":"Feature","id":3870,"properties":{"OBJECTID":3870,"PRIMENAME":"Cleveland Avenue","ELEVTYP_F":0,"ELEVTYP_T":0},"geometry":{"type":"LineString","coordinates":[[-73.9910560699564,40.295249721852],[-73.9911371545544,40.295289444474],[-73.9916084525752,40.295520302464],[-73.9927185934889,40.2960589547861],[-73.9944031133973,40.2968621111188]]}},{"type":"Feature","id":3883,"properties":{"OBJECTID":3883,"PRIMENAME":"Branchport Avenue","ELEVTYP_F":0,"ELEVTYP_T":0},"geometry":{"type":"LineString","coordinates":[[-74.0047528770673,40.3069152229649],[-74.0049491436572,40.3071929995915]]}},{"type":"Feature","id":4024,"properties":{"OBJECTID":4024,"PRIMENAME":"Columbia Avenue","ELEVTYP_F":0,"ELEVTYP_T":0},"geometry":{"type":"LineString","coordinates":[[-73.9838772934512,40.3230013675614],[-73.9842630108203,40.3229764600218]]}},{"type":"Feature","id":4117,"properties":{"OBJECTID":4117,"PRIMENAME":"Brook Street","ELEVTYP_F":0,"ELEVTYP_T":0},"geometry":{"type":"LineString","coordinates":[[-73.9863446087944,40.3074834291264],[-73.9862518981865,40.3075092887019],[-73.9850416288699,40.3078470587892]]}},{"type":"Feature","id":4138,"properties":{"OBJECTID":4138,"PRIMENAME":"Florence Avenue","ELEVTYP_F":0,"ELEVTYP_T":0},"geometry":{"type":"LineString","coordinates":[[-73.9888783253063,40.3162530030168],[-73.9892254455399,40.3166046873525]]}},{"type":"Feature","id":4173,"properties":{"OBJECTID":4173,"PRIMENAME":"Lawrence Avenue","ELEVTYP_F":0,"ELEVTYP_T":0},"geometry":{"type":"LineString","coordinates":[[-73.9910434941087,40.2610560874616],[-73.9916306612498,40.2611763563132],[-73.9922593687062,40.2613146763234]]}},{"type":"Feature","id":4352,"properties":{"OBJECTID":4352,"PRIMENAME":"6th Avenue","ELEVTYP_F":0,"ELEVTYP_T":0},"geometry":{"type":"LineString","coordinates":[[-73.992158140272,40.3077105372536],[-73.9920939645523,40.3071538030234],[-73.9920378122984,40.3067455825545],[-73.9920349305091,40.3067246323412],[-73.9919055640282,40.3057136636456],[-73.991757914574,40.3046502078051],[-73.9917054795977,40.3041686061097],[-73.9916966561387,40.304087692863]]}},{"type":"Feature","id":4377,"properties":{"OBJECTID":4377,"PRIMENAME":"2nd Avenue","ELEVTYP_F":0,"ELEVTYP_T":0},"geometry":{"type":"LineString","coordinates":[[-73.98281435206,40.3028875712626],[-73.9828809331787,40.3034193680648],[-73.9829391808471,40.3039438808543],[-73.9829594425772,40.3041221357029]]}},{"type":"Feature","id":4486,"properties":{"OBJECTID":4486,"PRIMENAME":"Pinewood Avenue","ELEVTYP_F":0,"ELEVTYP_T":0},"geometry":{"type":"LineString","coordinates":[[-74.0072824107042,40.2830978223146],[-74.0070997849193,40.2818187333743],[-74.0070852532513,40.2817171805246]]}},{"type":"Feature","id":4510,"properties":{"OBJECTID":4510,"PRIMENAME":"Joline Avenue","ELEVTYP_F":0,"ELEVTYP_T":0},"geometry":{"type":"LineString","coordinates":[[-73.9995069589596,40.3077428104171],[-73.9987308330974,40.3079767452251]]}},{"type":"Feature","id":4514,"properties":{"OBJECTID":4514,"PRIMENAME":"Hillsdale Avenue","ELEVTYP_F":0,"ELEVTYP_T":0},"geometry":{"type":"LineString","coordinates":[[-73.9884508274204,40.3196714141963],[-73.9885286022284,40.319644910486],[-73.9898956813689,40.3191791290069],[-73.9911254952024,40.3187555798135],[-73.9912489005488,40.3187130785092]]}},{"type":"Feature","id":4573,"properties":{"OBJECTID":4573,"PRIMENAME":"Van Court Avenue","ELEVTYP_F":0,"ELEVTYP_T":0},"geometry":{"type":"LineString","coordinates":[[-73.9995500216035,40.2786179582135],[-73.9994720613385,40.2781758602932]]}},{"type":"Feature","id":4814,"properties":{"OBJECTID":4814,"PRIMENAME":"Cummings Avenue","ELEVTYP_F":0,"ELEVTYP_T":0},"geometry":{"type":"LineString","coordinates":[[-73.9941514708686,40.2761110472942],[-73.9928332863547,40.2761352277232]]}},{"type":"Feature","id":4873,"properties":{"OBJECTID":4873,"PRIMENAME":"Algonquin Avenue","ELEVTYP_F":0,"ELEVTYP_T":0},"geometry":{"type":"LineString","coordinates":[[-74.0047011341722,40.3228767111754],[-74.0054912926125,40.3229867137794],[-74.0067817503628,40.323166352799],[-74.0081129780531,40.3233483997278],[-74.0093446472826,40.3235204288505],[-74.0094170242072,40.3235305088125]]}},{"type":"Feature","id":4916,"properties":{"OBJECTID":4916,"PRIMENAME":"Larchwood Avenue","ELEVTYP_F":0,"ELEVTYP_T":0},"geometry":{"type":"LineString","coordinates":[[-74.0118281708455,40.2848271698316],[-74.0116397347627,40.2839445552155],[-74.0115696724679,40.2836136252336]]}},{"type":"Feature","id":4994,"properties":{"OBJECTID":4994,"PRIMENAME":"Foy Lane","ELEVTYP_F":0,"ELEVTYP_T":0},"geometry":{"type":"LineString","coordinates":[[-73.9965859649861,40.2895128098497],[-73.9964979846912,40.2896008510373],[-73.9963036372477,40.2897954094436],[-73.9962658594742,40.2898524548455],[-73.9962715303614,40.2899239648514],[-73.9963142723423,40.2900385445454],[-73.9963346176382,40.2901006074671],[-73.9963690287248,40.2902055822697]]}},{"type":"Feature","id":5003,"properties":{"OBJECTID":5003,"PRIMENAME":"7th Avenue","ELEVTYP_F":0,"ELEVTYP_T":0},"geometry":{"type":"LineString","coordinates":[[-73.9953906104143,40.3054814910916],[-73.9954180110363,40.3055193301039],[-73.9954702714454,40.3055941999467]]}},{"type":"Feature","id":5011,"properties":{"OBJECTID":5011,"PRIMENAME":"Forest Street","ELEVTYP_F":0,"ELEVTYP_T":0},"geometry":{"type":"LineString","coordinates":[[-74.0129120300243,40.2970495925672],[-74.013562685346,40.2959295375807],[-74.0138430313171,40.2954568370746]]}},{"type":"Feature","id":5073,"properties":{"OBJECTID":5073,"PRIMENAME":"East Hillsdale Avenue","ELEVTYP_F":0,"ELEVTYP_T":0},"geometry":{"type":"LineString","coordinates":[[-73.9856674249452,40.3206238451459],[-73.9857505973307,40.3205952804939],[-73.9871364711707,40.3201201179159],[-73.9872271932356,40.3200890323132]]}},{"type":"Feature","id":5195,"properties":{"OBJECTID":5195,"PRIMENAME":"Matilda Terrace","ELEVTYP_F":0,"ELEVTYP_T":0},"geometry":{"type":"LineString","coordinates":[[-73.9823421726756,40.2894082324361],[-73.9829970767312,40.2894055054248],[-73.9830756539312,40.2894058565124]]}},{"type":"Feature","id":5333,"properties":{"OBJECTID":5333,"PRIMENAME":"Norwood Court","ELEVTYP_F":0,"ELEVTYP_T":0},"geometry":{"type":"LineString","coordinates":[[-74.0019965023798,40.2836564371001],[-74.0020830353217,40.2836464609227],[-74.0037148866815,40.2834580662887]]}},{"type":"Feature","id":5526,"properties":{"OBJECTID":5526,"PRIMENAME":"West Campbell Avenue","ELEVTYP_F":0,"ELEVTYP_T":0},"geometry":{"type":"LineString","coordinates":[[-74.006132439862,40.2930490501123],[-74.0067576587725,40.2927503747211],[-74.0077946410569,40.2922353141447],[-74.0084816331897,40.2919093851148],[-74.0087439409873,40.2917865801627],[-74.008850040694,40.2917441232031],[-74.0088524112591,40.2917435568442]]}},{"type":"Feature","id":5531,"properties":{"OBJECTID":5531,"PRIMENAME":"Howland Avenue","ELEVTYP_F":0,"ELEVTYP_T":0},"geometry":{"type":"LineString","coordinates":[[-73.9834392804964,40.2875158632041],[-73.9831639132563,40.2875272319125],[-73.9827924575829,40.287542566596]]}},{"type":"Feature","id":5679,"properties":{"OBJECTID":5679,"PRIMENAME":"Unnamed Segment","ELEVTYP_F":0,"ELEVTYP_T":0},"geometry":{"type":"LineString","coordinates":[[-73.9926434215139,40.3255561814359],[-73.9926544204518,40.3256781808654],[-73.9926534202947,40.3260641803522]]}},{"type":"Feature","id":5708,"properties":{"OBJECTID":5708,"PRIMENAME":"Berg Avenue","ELEVTYP_F":0,"ELEVTYP_T":0},"geometry":{"type":"LineString","coordinates":[[-74.0027035616372,40.2784849259689],[-74.0026040330041,40.2784891167617],[-73.9997344545106,40.2786101913647],[-73.9995500216035,40.2786179582135]]}},{"type":"Feature","id":5750,"properties":{"OBJECTID":5750,"PRIMENAME":"Alpern Avenue","ELEVTYP_F":0,"ELEVTYP_T":0},"geometry":{"type":"LineString","coordinates":[[-74.0080686174944,40.2738135917537],[-74.0060722868951,40.2740772485883]]}},{"type":"Feature","id":6103,"properties":{"OBJECTID":6103,"PRIMENAME":"2nd Avenue","ELEVTYP_F":0,"ELEVTYP_T":0},"geometry":{"type":"LineString","coordinates":[[-73.9851412992411,40.2885791525437],[-73.9849303182137,40.2893021227182],[-73.9849008786447,40.2894071336858]]}},{"type":"Feature","id":6108,"properties":{"OBJECTID":6108,"PRIMENAME":"7th Avenue","ELEVTYP_F":0,"ELEVTYP_T":0},"geometry":{"type":"LineString","coordinates":[[-73.9989950760367,40.3104611206211],[-73.999503673346,40.311165710327],[-73.9998857231756,40.3117011398588],[-73.9999413051122,40.3117790427773]]}},{"type":"Feature","id":6161,"properties":{"OBJECTID":6161,"PRIMENAME":"Dudley Street","ELEVTYP_F":0,"ELEVTYP_T":0},"geometry":{"type":"LineString","coordinates":[[-73.9978525568736,40.3034679415442],[-73.9986533951541,40.3040702552533],[-73.9986903905741,40.3040956708877],[-73.9987152784697,40.3041098073605],[-73.9987418264398,40.304117553654],[-73.9987465339224,40.304116975113]]}},{"type":"Feature","id":6519,"properties":{"OBJECTID":6519,"PRIMENAME":"Cedar Avenue","ELEVTYP_F":0,"ELEVTYP_T":0},"geometry":{"type":"LineString","coordinates":[[-74.0033462859458,40.281706051139],[-74.003359791814,40.2817792418475]]}},{"type":"Feature","id":6679,"properties":{"OBJECTID":6679,"PRIMENAME":"Elm Avenue","ELEVTYP_F":0,"ELEVTYP_T":0},"geometry":{"type":"LineString","coordinates":[[-74.006246412139,40.2748590627188],[-74.0060722868951,40.2740772485883]]}},{"type":"Feature","id":7103,"properties":{"OBJECTID":7103,"PRIMENAME":"Hulick Place","ELEVTYP_F":0,"ELEVTYP_T":0},"geometry":{"type":"LineString","coordinates":[[-73.9867462751411,40.2881207460921],[-73.9867666015891,40.2880306010129],[-73.9868438654147,40.2876877916402],[-73.9869258826076,40.2873600199657],[-73.9869594161463,40.2872260100498],[-73.9870296848052,40.2869832606637],[-73.9870481254031,40.2869195433098]]}},{"type":"Feature","id":7154,"properties":{"OBJECTID":7154,"PRIMENAME":"Albert Place","ELEVTYP_F":0,"ELEVTYP_T":0},"geometry":{"type":"LineString","coordinates":[[-74.0006207251389,40.2671820328773],[-73.99782949423,40.2667217955153]]}},{"type":"Feature","id":7157,"properties":{"OBJECTID":7157,"PRIMENAME":"Ausable Avenue","ELEVTYP_F":0,"ELEVTYP_T":0},"geometry":{"type":"LineString","coordinates":[[-74.0030083542706,40.3163074330485],[-74.003093455991,40.3163222928659],[-74.0032138638819,40.3163395828995],[-74.0036520387587,40.316354036876]]}},{"type":"Feature","id":7189,"properties":{"OBJECTID":7189,"PRIMENAME":"Shore Drive","ELEVTYP_F":0,"ELEVTYP_T":0},"geometry":{"type":"LineString","coordinates":[[-73.9899094185789,40.3237481808517],[-73.9898924197736,40.3235611815091],[-73.9899024193498,40.3234331796536],[-73.9899314204986,40.3231791808508],[-73.9899424196316,40.3231481811088],[-73.9899994192448,40.3230611797743],[-73.9900604185088,40.3229991810806],[-73.9901144194197,40.3229581808749],[-73.9901744192104,40.3229221795921],[-73.9902204203831,40.3229021806524],[-73.9902954200012,40.3228781799714],[-73.9904384194827,40.3228491811487],[-73.990668420551,40.3228301797236],[-73.9908454205509,40.322833180819],[-73.9910484204933,40.3228561815748],[-73.9911674212185,40.3228781811666],[-73.9914786823571,40.3229666295888]]}},{"type":"Feature","id":7252,"properties":{"OBJECTID":7252,"PRIMENAME":"Villa Drive","ELEVTYP_F":0,"ELEVTYP_T":0},"geometry":{"type":"LineString","coordinates":[[-73.983988180874,40.2982769436196],[-73.9840586503603,40.2984799310629],[-73.9840760264202,40.2985243299064],[-73.9840989872834,40.2985672162279],[-73.9841273113976,40.2986081810385],[-73.984160726513,40.2986468304338],[-73.9841924623624,40.2986855759081],[-73.9842164342878,40.2987274687845],[-73.9842321233943,40.2987715988916],[-73.9842391898965,40.2988170145245],[-73.9842374848136,40.2988627315024],[-73.9842314097447,40.2988892711136],[-73.9842204671699,40.2989148793608],[-73.9842048798272,40.2989390366556]]}},{"type":"Feature","id":7302,"properties":{"OBJECTID":7302,"PRIMENAME":"Jessica Place","ELEVTYP_F":0,"ELEVTYP_T":0},"geometry":{"type":"LineString","coordinates":[[-73.9810234730678,40.3244159653046],[-73.9809676734451,40.3244146990177],[-73.9808929283146,40.3244191127706],[-73.9799216227403,40.3245202480213]]}},{"type":"Feature","id":7489,"properties":{"OBJECTID":7489,"PRIMENAME":"Park Avenue","ELEVTYP_F":0,"ELEVTYP_T":0},"geometry":{"type":"LineString","coordinates":[[-73.9963366345129,40.2700377432339],[-73.9958820416865,40.2699626199915],[-73.9957372553011,40.2699386926031]]}},{"type":"Feature","id":7528,"properties":{"OBJECTID":7528,"PRIMENAME":"Unnamed Segment","ELEVTYP_F":0,"ELEVTYP_T":0},"geometry":{"type":"LineString","coordinates":[[-73.9778264152646,40.3188731794635],[-73.977789416295,40.3187991804187],[-73.9777554142819,40.3187671806898],[-73.977731415043,40.3187641812437],[-73.9776414159574,40.3187641801877],[-73.977151415917,40.3187801805147]]}},{"type":"Feature","id":7573,"properties":{"OBJECTID":7573,"PRIMENAME":"Unnamed Segment","ELEVTYP_F":0,"ELEVTYP_T":0},"geometry":{"type":"LineString","coordinates":[[-73.9861525431411,40.2924195349942],[-73.9861554164691,40.2924951742494],[-73.9861804179486,40.2926741758745],[-73.9862034184625,40.2927081742986],[-73.9862434165108,40.2927391742481],[-73.9863014160054,40.2927591742096],[-73.9863764162005,40.2927631755623],[-73.9865564172707,40.2927491748762],[-73.9866114159884,40.2927261756385],[-73.9866924158872,40.2927071744715]]}},{"type":"Feature","id":7678,"properties":{"OBJECTID":7678,"PRIMENAME":"2nd Avenue","ELEVTYP_F":0,"ELEVTYP_T":0},"geometry":{"type":"LineString","coordinates":[[-73.9856894926449,40.2866098916921],[-73.9856594273379,40.2867173976525],[-73.9855949219125,40.2870173546942],[-73.9854974881562,40.2873536770918],[-73.9854735561916,40.2874362845168]]}},{"type":"Feature","id":7723,"properties":{"OBJECTID":7723,"PRIMENAME":"Marina Bay Drive","ELEVTYP_F":0,"ELEVTYP_T":0},"geometry":{"type":"LineString","coordinates":[[-73.9933244218525,40.325488180332],[-73.9935944213589,40.3255051817018],[-73.9937624209722,40.3254981804167]]}},{"type":"Feature","id":7842,"properties":{"OBJECTID":7842,"PRIMENAME":"Royal Place","ELEVTYP_F":0,"ELEVTYP_T":0},"geometry":{"type":"LineString","coordinates":[[-73.9987464585734,40.2713417292023],[-73.9988981925753,40.2713527079755],[-74.0006453920806,40.271517534674]]}},{"type":"Feature","id":8304,"properties":{"OBJECTID":8304,"PRIMENAME":"Pleasant Place","ELEVTYP_F":0,"ELEVTYP_T":0},"geometry":{"type":"LineString","coordinates":[[-73.9983723362713,40.2625561549178],[-73.9983477110172,40.2626831245718],[-73.9983091419077,40.2628545337431],[-73.9982828631028,40.2630354954793],[-73.9982695140682,40.2631593571697],[-73.9982377057111,40.2632545607702],[-73.9982172483826,40.2632840615569]]}},{"type":"Feature","id":8760,"properties":{"OBJECTID":8760,"PRIMENAME":"Morrell Street","ELEVTYP_F":0,"ELEVTYP_T":0},"geometry":{"type":"LineString","coordinates":[[-73.9982283797655,40.2970734532359],[-73.9983044883565,40.2973796818907],[-73.9985281525238,40.2982798180251]]}},{"type":"Feature","id":8822,"properties":{"OBJECTID":8822,"PRIMENAME":"MacArthur Way","ELEVTYP_F":0,"ELEVTYP_T":0},"geometry":{"type":"LineString","coordinates":[[-73.9866206415552,40.3139529312058],[-73.9867262364883,40.3138937466597],[-73.986923198485,40.313783357026],[-73.9869579915493,40.3137588045563],[-73.9869789943178,40.31372708115],[-73.9869884782966,40.3136918202237],[-73.9869819140793,40.3136494044772],[-73.9869636905076,40.3136122364801],[-73.9869294064613,40.3135696986977],[-73.9868469688528,40.313488102057],[-73.9868033478267,40.3134614175842],[-73.9867550618615,40.3134400100532],[-73.9867089898899,40.3134292094355],[-73.9866721032944,40.3134272615687],[-73.9866305322036,40.3134376733097],[-73.9865818620172,40.3134621920166],[-73.9863710538822,40.3135778172562],[-73.9862914337687,40.3136214967628]]}},{"type":"Feature","id":8940,"properties":{"OBJECTID":8940,"PRIMENAME":"Avery Avenue","ELEVTYP_F":0,"ELEVTYP_T":0},"geometry":{"type":"LineString","coordinates":[[-73.9852566720273,40.2881838018737],[-73.9867462751411,40.2881207460921]]}},{"type":"Feature","id":9326,"properties":{"OBJECTID":9326,"PRIMENAME":"Westwood Avenue","ELEVTYP_F":0,"ELEVTYP_T":0},"geometry":{"type":"LineString","coordinates":[[-73.9893810833808,40.2972873315729],[-73.989303229212,40.2973940806633],[-73.9892708806223,40.2974384357694],[-73.9891463990424,40.2976336747891]]}},{"type":"Feature","id":9377,"properties":{"OBJECTID":9377,"PRIMENAME":"Unnamed Segment","ELEVTYP_F":0,"ELEVTYP_T":0},"geometry":{"type":"LineString","coordinates":[[-73.9894549661565,40.2808916691339],[-73.9886824158166,40.2809111732806]]}},{"type":"Feature","id":9544,"properties":{"OBJECTID":9544,"PRIMENAME":"Shrewsbury Avenue","ELEVTYP_F":0,"ELEVTYP_T":0},"geometry":{"type":"LineString","coordinates":[[-74.0122564643742,40.3207176217692],[-74.0122044326114,40.3205420665165],[-74.0121187568764,40.3203319724427],[-74.0120019192085,40.3201312991932],[-74.0118713384719,40.3199564832736]]}},{"type":"Feature","id":9629,"properties":{"OBJECTID":9629,"PRIMENAME":"Elmwood Avenue","ELEVTYP_F":0,"ELEVTYP_T":0},"geometry":{"type":"LineString","coordinates":[[-74.0097541831031,40.2838143645935],[-74.0095801887531,40.2828668286528]]}},{"type":"Feature","id":9882,"properties":{"OBJECTID":9882,"PRIMENAME":"Garden Terrace","ELEVTYP_F":0,"ELEVTYP_T":0},"geometry":{"type":"LineString","coordinates":[[-74.0065569436858,40.2894610815709],[-74.0066641089914,40.2895283017385],[-74.0078041094355,40.2902432619965],[-74.0078973234011,40.2903017194964]]}},{"type":"Feature","id":10500,"properties":{"OBJECTID":10500,"PRIMENAME":"Chelton Avenue","ELEVTYP_F":0,"ELEVTYP_T":0},"geometry":{"type":"LineString","coordinates":[[-73.9810426859322,40.3161551432574],[-73.9809338096356,40.3161546547903],[-73.9804969808487,40.3161526939534],[-73.980459949357,40.3161459943013],[-73.9804172464719,40.3161261196064],[-73.9803917201708,40.3161063211465],[-73.9803690939392,40.3160778074627],[-73.9803552567485,40.3160209193989],[-73.9803537117643,40.3158482668521],[-73.980356814842,40.3158176711382],[-73.9803684720396,40.315789338465],[-73.9803800272263,40.3157697074586],[-73.9803974196377,40.3157370080495],[-73.9804032730386,40.3157173784503],[-73.9803992206518,40.3157078889633]]}},{"type":"Feature","id":10796,"properties":{"OBJECTID":10796,"PRIMENAME":"Monmouth Park Highway","ELEVTYP_F":0,"ELEVTYP_T":0},"geometry":{"type":"LineString","coordinates":[[-74.0122581218324,40.3043438405226],[-74.0124450196312,40.3043221668115],[-74.0125775732316,40.3043067945204],[-74.0128393034656,40.3042649896013],[-74.0130497145813,40.3042193987938],[-74.0134034486074,40.3041198793005],[-74.0134058061572,40.3041192146238],[-74.013408200245,40.3041185401936]]}},{"type":"Feature","id":10870,"properties":{"OBJECTID":10870,"PRIMENAME":"Lincoln Court","ELEVTYP_F":0,"ELEVTYP_T":0},"geometry":{"type":"LineString","coordinates":[[-73.9960811514399,40.26560336715],[-73.9961616539985,40.2653213436476],[-73.9961804521706,40.2652557869786]]}},{"type":"Feature","id":10906,"properties":{"OBJECTID":10906,"PRIMENAME":"Brookwillow Avenue","ELEVTYP_F":0,"ELEVTYP_T":0},"geometry":{"type":"LineString","coordinates":[[-74.0048684899718,40.2855970588858],[-74.0050071510336,40.2863136867418],[-74.0050799775142,40.2865713627383],[-74.0051222094022,40.2867526453562],[-74.0052505592678,40.2874398275476],[-74.0052626956647,40.2875048043993]]}},{"type":"Feature","id":11062,"properties":{"OBJECTID":11062,"PRIMENAME":"Airsdale Avenue","ELEVTYP_F":0,"ELEVTYP_T":0},"geometry":{"type":"LineString","coordinates":[[-73.9873647861945,40.3207603764295],[-73.9875754552582,40.3206897050951],[-73.9882359356814,40.3204681363158],[-73.9884138951156,40.3204067999263]]}},{"type":"Feature","id":11279,"properties":{"OBJECTID":11279,"PRIMENAME":"Unnamed Segment","ELEVTYP_F":0,"ELEVTYP_T":0},"geometry":{"type":"LineString","coordinates":[[-73.9894587045988,40.279951943714],[-73.9897254168378,40.2799921728647],[-73.9903594186615,40.2799911716967],[-73.9904044179195,40.2799791722426],[-73.9904254177619,40.2794081720575],[-73.9904124184143,40.2793931719478],[-73.9894616629716,40.2793885503471]]}},{"type":"Feature","id":11743,"properties":{"OBJECTID":11743,"PRIMENAME":"Charles Street","ELEVTYP_F":0,"ELEVTYP_T":0},"geometry":{"type":"LineString","coordinates":[[-73.9853524426356,40.3189489160716],[-73.9854767426868,40.3189355511765],[-73.9867105819086,40.3188027836995]]}},{"type":"Feature","id":13923,"properties":{"OBJECTID":13923,"PRIMENAME":"Overton Place","ELEVTYP_F":0,"ELEVTYP_T":0},"geometry":{"type":"LineString","coordinates":[[-74.0017272050836,40.2938184504531],[-74.0016294715864,40.2938385906478],[-74.0003774709349,40.293966663134],[-74.0003414438155,40.2939710928059]]}},{"type":"Feature","id":14540,"properties":{"OBJECTID":14540,"PRIMENAME":"Jerome Avenue","ELEVTYP_F":0,"ELEVTYP_T":0},"geometry":{"type":"LineString","coordinates":[[-74.0028786957811,40.2615531961166],[-74.0020807611195,40.2614777583792],[-74.0019382768915,40.2614642972476]]}},{"type":"Feature","id":15864,"properties":{"OBJECTID":15864,"PRIMENAME":"Ocean Avenue","ELEVTYP_F":0,"ELEVTYP_T":0},"geometry":{"type":"LineString","coordinates":[[-73.9846333155595,40.2817215068376],[-73.9846113045861,40.2818645660231]]}},{"type":"Feature","id":16585,"properties":{"OBJECTID":16585,"PRIMENAME":"Melden Avenue","ELEVTYP_F":0,"ELEVTYP_T":0},"geometry":{"type":"LineString","coordinates":[[-73.9947406630538,40.2719659210071],[-73.9950915782436,40.2711788871617]]}},{"type":"Feature","id":16629,"properties":{"OBJECTID":16629,"PRIMENAME":"Gansett Court","ELEVTYP_F":0,"ELEVTYP_T":0},"geometry":{"type":"LineString","coordinates":[[-73.9878504471298,40.3224875286424],[-73.9879494203409,40.3224681803163],[-73.9880224196959,40.3224611811029],[-73.9880874192949,40.3224551803936],[-73.9881564183183,40.322447179879],[-73.9882185517873,40.3224403531238],[-73.9882838202191,40.3224372364866],[-73.9883592561662,40.3224625407851],[-73.9883930842073,40.3224990092666],[-73.9884030364031,40.3225558016821],[-73.9884204016434,40.3226126268795],[-73.9884392911725,40.3226637846951],[-73.9884478281784,40.3227114913552],[-73.988451584433,40.3228034413093],[-73.9884615600634,40.322856829349],[-73.9884686499414,40.3228999894107],[-73.9884828518828,40.3229829060593]]}},{"type":"Feature","id":17462,"properties":{"OBJECTID":17462,"PRIMENAME":"Unnamed Segment","ELEVTYP_F":0,"ELEVTYP_T":0},"geometry":{"type":"LineString","coordinates":[[-73.9958914211882,40.3137751790953],[-73.9967474214423,40.3134501784491]]}},{"type":"Feature","id":17866,"properties":{"OBJECTID":17866,"PRIMENAME":"Wooley Court","ELEVTYP_F":0,"ELEVTYP_T":0},"geometry":{"type":"LineString","coordinates":[[-73.9813364152996,40.2890391739461],[-73.9823091705184,40.2890211463915],[-73.9823365379584,40.2890239041675],[-73.982353460938,40.2890282625146],[-73.9823703393142,40.2890384677378],[-73.9823871959156,40.2890515279498],[-73.9823926671677,40.2890674202357],[-73.982398256343,40.2890818846037],[-73.982401832819,40.2891064156391],[-73.9823528376118,40.2893543090671],[-73.9823421726756,40.2894082324361]]}},{"type":"Feature","id":17932,"properties":{"OBJECTID":17932,"PRIMENAME":"Lincoln Court","ELEVTYP_F":0,"ELEVTYP_T":0},"geometry":{"type":"LineString","coordinates":[[-73.9949058948516,40.2698060963896],[-73.9949343487194,40.2697293265484],[-73.9950613625274,40.2693867285351],[-73.9950867647368,40.2693153529105],[-73.995087437978,40.2692248185702],[-73.9950883241311,40.2691056522012],[-73.9950469802602,40.2688099761821],[-73.9950352899831,40.2687098345566],[-73.9950485750667,40.2685955264169],[-73.9951568802634,40.2682528456863],[-73.9951994405505,40.2681053110029]]}},{"type":"Feature","id":19364,"properties":{"OBJECTID":19364,"PRIMENAME":"Valentine Street","ELEVTYP_F":0,"ELEVTYP_T":0},"geometry":{"type":"LineString","coordinates":[[-73.9756851732494,40.3271155118075],[-73.9757535621194,40.3271077780332],[-73.97585966307,40.3270844302572],[-73.9770608104432,40.3265989160462]]}},{"type":"Feature","id":19651,"properties":{"OBJECTID":19651,"PRIMENAME":"Highland Avenue","ELEVTYP_F":0,"ELEVTYP_T":0},"geometry":{"type":"LineString","coordinates":[[-73.9940993984752,40.2744462272196],[-73.993779189092,40.2744521843039],[-73.9937282239702,40.2744520712095],[-73.9936997675396,40.2744519467013],[-73.9936780152175,40.2744467177512]]}},{"type":"Feature","id":19865,"properties":{"OBJECTID":19865,"PRIMENAME":"Long Branch Avenue","ELEVTYP_F":0,"ELEVTYP_T":0},"geometry":{"type":"LineString","coordinates":[[-73.9847933762923,40.3159783437067],[-73.9850210446269,40.3171757160339],[-73.9850368978041,40.3172605039829]]}},{"type":"Feature","id":20008,"properties":{"OBJECTID":20008,"PRIMENAME":"Matilda Terrace","ELEVTYP_F":0,"ELEVTYP_T":0},"geometry":{"type":"LineString","coordinates":[[-73.9831949545687,40.2894063894527],[-73.9837874767246,40.2894090345472],[-73.984209747841,40.2894088651657]]}},{"type":"Feature","id":20265,"properties":{"OBJECTID":20265,"PRIMENAME":"Morris Avenue","ELEVTYP_F":0,"ELEVTYP_T":0},"geometry":{"type":"LineString","coordinates":[[-73.9932804559392,40.299108326345],[-73.9927663280207,40.2988282025463],[-73.9927215191969,40.2988030524654]]}},{"type":"Feature","id":20996,"properties":{"OBJECTID":20996,"PRIMENAME":"Springdale Avenue","ELEVTYP_F":0,"ELEVTYP_T":0},"geometry":{"type":"LineString","coordinates":[[-73.9985167212615,40.2945836429157],[-73.9984625491493,40.2945207898198],[-73.9982606000701,40.2941762967943]]}},{"type":"Feature","id":21136,"properties":{"OBJECTID":21136,"PRIMENAME":"Hillside Avenue","ELEVTYP_F":0,"ELEVTYP_T":0},"geometry":{"type":"LineString","coordinates":[[-73.9921866752955,40.2993990247326],[-73.9920835014536,40.2994114197144],[-73.9910119010906,40.2995401544311],[-73.9909837786976,40.2995419247895],[-73.9909548611945,40.2995397665771],[-73.990933824215,40.2995336342059],[-73.9909194228532,40.2995224801414],[-73.9909116923969,40.2995063045415],[-73.9909105342584,40.2994791221043],[-73.9909574602463,40.2993654017057],[-73.991072996603,40.2990767025357]]}},{"type":"Feature","id":21210,"properties":{"OBJECTID":21210,"PRIMENAME":"Jerome Avenue","ELEVTYP_F":0,"ELEVTYP_T":0},"geometry":{"type":"LineString","coordinates":[[-74.008932984502,40.261959836935],[-74.0080615431623,40.2620228441989],[-74.0079142636678,40.2620278462537]]}},{"type":"Feature","id":21252,"properties":{"OBJECTID":21252,"PRIMENAME":"Comanche Drive","ELEVTYP_F":0,"ELEVTYP_T":0},"geometry":{"type":"LineString","coordinates":[[-73.9991012327586,40.3205156110041],[-73.9992007298775,40.3204611649036],[-74.000365812001,40.319823166972]]}},{"type":"Feature","id":21615,"properties":{"OBJECTID":21615,"PRIMENAME":"Union Avenue","ELEVTYP_F":0,"ELEVTYP_T":0},"geometry":{"type":"LineString","coordinates":[[-73.9879401869903,40.3054278641355],[-73.9889550804286,40.3052622032394],[-73.9890585482087,40.3052453108931]]}},{"type":"Feature","id":22780,"properties":{"OBJECTID":22780,"PRIMENAME":"Tabor Street","ELEVTYP_F":0,"ELEVTYP_T":0},"geometry":{"type":"LineString","coordinates":[[-74.0015827788429,40.2967682998315],[-74.0009556661986,40.2969019787357]]}},{"type":"Feature","id":22910,"properties":{"OBJECTID":22910,"PRIMENAME":"Hollywood Avenue","ELEVTYP_F":0,"ELEVTYP_T":0},"geometry":{"type":"LineString","coordinates":[[-73.9970290689387,40.2864786391093],[-73.9960831323159,40.2859625945402],[-73.9948897795236,40.2853093006329]]}},{"type":"Feature","id":23001,"properties":{"OBJECTID":23001,"PRIMENAME":"Virginia Court","ELEVTYP_F":0,"ELEVTYP_T":0},"geometry":{"type":"LineString","coordinates":[[-73.9956676655792,40.2958063442875],[-73.9958224201849,40.2956351749759],[-73.9958226645849,40.2956348932343],[-73.9961194207567,40.2952941754557]]}},{"type":"Feature","id":23284,"properties":{"OBJECTID":23284,"PRIMENAME":"Ridgewood Avenue","ELEVTYP_F":0,"ELEVTYP_T":0},"geometry":{"type":"LineString","coordinates":[[-74.0018575641158,40.2645734417183],[-74.0018657462394,40.2644937277168],[-74.0019327794214,40.263841064211],[-74.0019408048386,40.263763134634]]}},{"type":"Feature","id":23433,"properties":{"OBJECTID":23433,"PRIMENAME":"Ocean Boulevard","ELEVTYP_F":0,"ELEVTYP_T":0},"geometry":{"type":"LineString","coordinates":[[-73.9835587981598,40.2875109333335],[-73.9835856400035,40.287345159814],[-73.9836282745482,40.2870818370078],[-73.9836952995228,40.2866920956872]]}},{"type":"Feature","id":24415,"properties":{"OBJECTID":24415,"PRIMENAME":"Propect Alley","ELEVTYP_F":0,"ELEVTYP_T":0},"geometry":{"type":"LineString","coordinates":[[-73.9936837721235,40.2986811799618],[-73.993769293858,40.2987277831551],[-73.9947921681389,40.2992850851433],[-73.9948568692534,40.2993208355536]]}},{"type":"Feature","id":24491,"properties":{"OBJECTID":24491,"PRIMENAME":"Unnamed Segment","ELEVTYP_F":0,"ELEVTYP_T":0},"geometry":{"type":"LineString","coordinates":[[-74.0032694204586,40.2769421713827],[-74.0033034212994,40.2770711722497],[-74.0033254213279,40.2771981716609],[-74.0033334224414,40.2772831707859],[-74.0033304221161,40.27745617043],[-74.0033174237409,40.277639170426],[-74.0032834217012,40.2777871706253],[-74.0032214201175,40.2781241723307],[-74.0032074215614,40.2784641712393],[-74.0032314229581,40.2788471723163],[-74.0032594201179,40.2790571717435],[-74.00328742313,40.2791961720784],[-74.0033404217972,40.2794141712889]]}},{"type":"Feature","id":24735,"properties":{"OBJECTID":24735,"PRIMENAME":"Division Street","ELEVTYP_F":0,"ELEVTYP_T":0},"geometry":{"type":"LineString","coordinates":[[-73.9944571748961,40.299748303532],[-73.9945215441611,40.2996794602131],[-73.9946004767856,40.2995950450603],[-73.9948568692534,40.2993208355536]]}},{"type":"Feature","id":25500,"properties":{"OBJECTID":25500,"PRIMENAME":"Jim Lynch Drive","ELEVTYP_F":0,"ELEVTYP_T":0},"geometry":{"type":"LineString","coordinates":[[-73.9922852008246,40.2746969637785],[-73.992065555477,40.2752063640866],[-73.9918788207526,40.2757866914186],[-73.9918253504465,40.2759528600671]]}},{"type":"Feature","id":25832,"properties":{"OBJECTID":25832,"PRIMENAME":"Park Avenue","ELEVTYP_F":0,"ELEVTYP_T":0},"geometry":{"type":"LineString","coordinates":[[-73.9957372553011,40.2699386926031],[-73.9955946099922,40.2699151022077],[-73.9955464708698,40.2699071421594],[-73.995335829293,40.2698739160325],[-73.9949058948516,40.2698060963896]]}},{"type":"Feature","id":28084,"properties":{"OBJECTID":28084,"PRIMENAME":"Grove Street","ELEVTYP_F":0,"ELEVTYP_T":0},"geometry":{"type":"LineString","coordinates":[[-74.0047179664689,40.2992835845227],[-74.0046899360123,40.2991992142829],[-74.0044661134618,40.2985250752839]]}},{"type":"Feature","id":28507,"properties":{"OBJECTID":28507,"PRIMENAME":"Norwood Avenue","ELEVTYP_F":0,"ELEVTYP_T":0},"geometry":{"type":"LineString","coordinates":[[-74.003359791814,40.2817792418475],[-74.0029006149484,40.2817459522839]]}},{"type":"Feature","id":28770,"properties":{"OBJECTID":28770,"PRIMENAME":"Edwards Avenue","ELEVTYP_F":0,"ELEVTYP_T":0},"geometry":{"type":"LineString","coordinates":[[-74.0025882954842,40.3108085490367],[-74.0025449043185,40.3107451129926],[-74.0014916116277,40.3092059267446],[-74.0010778760495,40.3086298730368]]}},{"type":"Feature","id":30287,"properties":{"OBJECTID":30287,"PRIMENAME":"Bath Avenue","ELEVTYP_F":0,"ELEVTYP_T":0},"geometry":{"type":"LineString","coordinates":[[-73.9926382119006,40.2942817152857],[-73.992230780808,40.2940819091529],[-73.9920748647986,40.2940100142216]]}},{"type":"Feature","id":30302,"properties":{"OBJECTID":30302,"PRIMENAME":"Franklin Avenue","ELEVTYP_F":0,"ELEVTYP_T":0},"geometry":{"type":"LineString","coordinates":[[-73.9828576483573,40.300303672628],[-73.9848146720892,40.3000274510814],[-73.9873945285221,40.299652879537],[-73.9875115285768,40.2996327259744]]}},{"type":"Feature","id":30850,"properties":{"OBJECTID":30850,"PRIMENAME":"Oneida Avenue","ELEVTYP_F":0,"ELEVTYP_T":0},"geometry":{"type":"LineString","coordinates":[[-74.0007914903661,40.3286163660607],[-74.0008696456051,40.3286266690454],[-74.0024000720341,40.3288286655514],[-74.0032683480088,40.3289485464567]]}},{"type":"Feature","id":30922,"properties":{"OBJECTID":30922,"PRIMENAME":"Hillside Avenue","ELEVTYP_F":0,"ELEVTYP_T":0},"geometry":{"type":"LineString","coordinates":[[-73.991266724009,40.2985925855321],[-73.9914265771484,40.2981932287708],[-73.9914618726909,40.2981050708204]]}},{"type":"Feature","id":30980,"properties":{"OBJECTID":30980,"PRIMENAME":"Ocean Boulevard","ELEVTYP_F":0,"ELEVTYP_T":0},"geometry":{"type":"LineString","coordinates":[[-73.9821497204888,40.2934732232614],[-73.9822375008616,40.2931842328085],[-73.9822949066396,40.2929952451623],[-73.9823970768942,40.2926573276365],[-73.9824741865177,40.2923383495339],[-73.982535040167,40.2920684656053]]}},{"type":"Feature","id":31332,"properties":{"OBJECTID":31332,"PRIMENAME":"West Avenue","ELEVTYP_F":0,"ELEVTYP_T":0},"geometry":{"type":"LineString","coordinates":[[-73.9891463990424,40.2976336747891],[-73.9891489620427,40.2972933626454],[-73.9891492957252,40.2972490562564],[-73.9891561513302,40.2963387465408],[-73.9891570032686,40.2962256204533]]}},{"type":"Feature","id":33394,"properties":{"OBJECTID":33394,"PRIMENAME":"Trinity Place","ELEVTYP_F":0,"ELEVTYP_T":0},"geometry":{"type":"LineString","coordinates":[[-73.9956243660125,40.2985001272086],[-73.9966115601566,40.2990404008895]]}},{"type":"Feature","id":35541,"properties":{"OBJECTID":35541,"PRIMENAME":"Grand Avenue","ELEVTYP_F":0,"ELEVTYP_T":0},"geometry":{"type":"LineString","coordinates":[[-74.0037296274262,40.2994931736021],[-74.0037474244085,40.2995549900337],[-74.0038827745812,40.3000253310956]]}},{"type":"Feature","id":35755,"properties":{"OBJECTID":35755,"PRIMENAME":"Market Place","ELEVTYP_F":0,"ELEVTYP_T":0},"geometry":{"type":"LineString","coordinates":[[-73.9901067499856,40.2812011045819],[-73.9900563355796,40.2813322139964],[-73.9899484132663,40.2816129586854],[-73.9898527487117,40.2819223343517],[-73.9897503814766,40.2822936133598],[-73.989673711552,40.2825649413529],[-73.9896351421476,40.2827883592074],[-73.9895956084463,40.2830173658852],[-73.9894585022541,40.2838698922607],[-73.9894549251234,40.2839070467118],[-73.9894442202923,40.2839258746067]]}},{"type":"Feature","id":36004,"properties":{"OBJECTID":36004,"PRIMENAME":"Bath Avenue","ELEVTYP_F":0,"ELEVTYP_T":0},"geometry":{"type":"LineString","coordinates":[[-73.9828116553227,40.2933007619567],[-73.9825144289023,40.2933782018154],[-73.9821497204888,40.2934732232614]]}},{"type":"Feature","id":36429,"properties":{"OBJECTID":36429,"PRIMENAME":"South Bath Avenue","ELEVTYP_F":0,"ELEVTYP_T":0},"geometry":{"type":"LineString","coordinates":[[-73.9849099032238,40.2927467253545],[-73.9846340236134,40.2926679447277],[-73.9840355824876,40.2924970507384]]}},{"type":"Feature","id":38448,"properties":{"OBJECTID":38448,"PRIMENAME":"Pavilion Avenue","ELEVTYP_F":0,"ELEVTYP_T":0},"geometry":{"type":"LineString","coordinates":[[-73.9875619943724,40.2961326424011],[-73.9873897365383,40.2961641625081],[-73.9845662152039,40.2966806204545],[-73.9833905723826,40.2968789337336]]}},{"type":"Feature","id":38677,"properties":{"OBJECTID":38677,"PRIMENAME":"Norgrove Place","ELEVTYP_F":0,"ELEVTYP_T":0},"geometry":{"type":"LineString","coordinates":[[-74.0025783680294,40.273104091978],[-74.0024754086559,40.2731125136497],[-74.0015368396392,40.2731892393837]]}},{"type":"Feature","id":39044,"properties":{"OBJECTID":39044,"PRIMENAME":"Eastbourne Avenue","ELEVTYP_F":0,"ELEVTYP_T":0},"geometry":{"type":"LineString","coordinates":[[-73.9955630930841,40.2933268099296],[-73.9947602310864,40.2929105349177]]}},{"type":"Feature","id":39502,"properties":{"OBJECTID":39502,"PRIMENAME":"Greenbriar Road","ELEVTYP_F":0,"ELEVTYP_T":0},"geometry":{"type":"LineString","coordinates":[[-74.0125364818389,40.2679088536034],[-74.0126601615202,40.2679330935038],[-74.0129396034237,40.2680105327668],[-74.0131816693605,40.2680925903361],[-74.0134608042356,40.2682081304932],[-74.013653096711,40.2682947540035],[-74.0138760493975,40.268433885852],[-74.0139975403668,40.2685149190346],[-74.0140989699085,40.268582570465]]}},{"type":"Feature","id":39900,"properties":{"OBJECTID":39900,"PRIMENAME":"Wertheim Place","ELEVTYP_F":0,"ELEVTYP_T":0},"geometry":{"type":"LineString","coordinates":[[-73.988237705366,40.2803427413775],[-73.9882335102353,40.280618534765],[-73.9882142471275,40.2813431605037],[-73.9882126611688,40.2814012694941]]}},{"type":"Feature","id":39968,"properties":{"OBJECTID":39968,"PRIMENAME":"Unnamed Segment","ELEVTYP_F":0,"ELEVTYP_T":0},"geometry":{"type":"LineString","coordinates":[[-73.9970388388007,40.2897641106821],[-73.9974344206839,40.2893501744827]]}},{"type":"Feature","id":40138,"properties":{"OBJECTID":40138,"PRIMENAME":"McClain Place","ELEVTYP_F":0,"ELEVTYP_T":0},"geometry":{"type":"LineString","coordinates":[[-74.0032364870418,40.3021077369201],[-74.0031560335291,40.3021117839494],[-74.0027201223878,40.3021337389145],[-74.0026589119871,40.3021366154933],[-74.0020396034912,40.3021657294687]]}},{"type":"Feature","id":41033,"properties":{"OBJECTID":41033,"PRIMENAME":"Woodgate Avenue","ELEVTYP_F":0,"ELEVTYP_T":0},"geometry":{"type":"LineString","coordinates":[[-73.9965093501706,40.2760625557533],[-73.9964975930824,40.2757919909682]]}},{"type":"Feature","id":41174,"properties":{"OBJECTID":41174,"PRIMENAME":"Spruce Street","ELEVTYP_F":0,"ELEVTYP_T":0},"geometry":{"type":"LineString","coordinates":[[-73.9962933115372,40.3104633074442],[-73.9961288098892,40.310214122621],[-73.9959945191643,40.310035236584],[-73.9958403458558,40.3098391882044],[-73.9956248111605,40.3095236207417],[-73.9952981088471,40.3090837592448],[-73.9952674704944,40.3090231483195]]}},{"type":"Feature","id":41259,"properties":{"OBJECTID":41259,"PRIMENAME":"Myrtle Avenue","ELEVTYP_F":0,"ELEVTYP_T":0},"geometry":{"type":"LineString","coordinates":[[-74.0099624047057,40.3045558838692],[-74.0100880814732,40.3047648236947],[-74.010367314138,40.3052290480368],[-74.0104783996146,40.3053581859907],[-74.0104860377752,40.3053754992166]]}},{"type":"Feature","id":41631,"properties":{"OBJECTID":41631,"PRIMENAME":"Cherry Street","ELEVTYP_F":0,"ELEVTYP_T":0},"geometry":{"type":"LineString","coordinates":[[-73.9903659325631,40.2987989039556],[-73.9903323052698,40.2988556368568],[-73.9898216602746,40.2997160414178]]}},{"type":"Feature","id":41816,"properties":{"OBJECTID":41816,"PRIMENAME":"Ocean Avenue North","ELEVTYP_F":0,"ELEVTYP_T":0},"geometry":{"type":"LineString","coordinates":[[-73.9775086759273,40.308666382348],[-73.9774985477391,40.3087149269856],[-73.9772593067519,40.3098671889861],[-73.9771258057665,40.3105131086643]]}},{"type":"Feature","id":41874,"properties":{"OBJECTID":41874,"PRIMENAME":"Kirby Avenue","ELEVTYP_F":0,"ELEVTYP_T":0},"geometry":{"type":"LineString","coordinates":[[-74.002898097724,40.2794715245275],[-74.0027897057937,40.2794764915959],[-73.9998390848676,40.2796115229217],[-73.9997183143761,40.2796474298459]]}},{"type":"Feature","id":42379,"properties":{"OBJECTID":42379,"PRIMENAME":"Wooley Avenue","ELEVTYP_F":0,"ELEVTYP_T":0},"geometry":{"type":"LineString","coordinates":[[-73.992988629766,40.2890207713941],[-73.9930518651152,40.2890585960575],[-73.9938287315183,40.2895034157464],[-73.9938476459706,40.2895147900552]]}},{"type":"Feature","id":42422,"properties":{"OBJECTID":42422,"PRIMENAME":"Florence Avenue","ELEVTYP_F":0,"ELEVTYP_T":0},"geometry":{"type":"LineString","coordinates":[[-73.9862914337687,40.3136214967628],[-73.9866206415552,40.3139529312058]]}},{"type":"Feature","id":42445,"properties":{"OBJECTID":42445,"PRIMENAME":"Melden Avenue","ELEVTYP_F":0,"ELEVTYP_T":0},"geometry":{"type":"LineString","coordinates":[[-73.994352811011,40.2728030014563],[-73.9946992579475,40.2720588857569],[-73.9947406630538,40.2719659210071]]}},{"type":"Feature","id":42731,"properties":{"OBJECTID":42731,"PRIMENAME":"Bampton Place","ELEVTYP_F":0,"ELEVTYP_T":0},"geometry":{"type":"LineString","coordinates":[[-74.0126469493918,40.2919274996366],[-74.0125753236725,40.2919669485073],[-74.0125490484105,40.2920115573418],[-74.0125486918082,40.2920611893656],[-74.0125607763612,40.2921804650351],[-74.0127436598988,40.2935115385208]]}},{"type":"Feature","id":43051,"properties":{"OBJECTID":43051,"PRIMENAME":"Alpern Avenue","ELEVTYP_F":0,"ELEVTYP_T":0},"geometry":{"type":"LineString","coordinates":[[-74.0047182693277,40.2742536612098],[-74.0039401165293,40.2743539877384],[-74.002993437766,40.2744738447825],[-74.0028217776778,40.2744961390617]]}},{"type":"Feature","id":43078,"properties":{"OBJECTID":43078,"PRIMENAME":"Norwood Avenue","ELEVTYP_F":0,"ELEVTYP_T":0},"geometry":{"type":"LineString","coordinates":[[-74.0017358605724,40.2903017865582],[-74.0016871565689,40.2905244872538],[-74.001569877227,40.2912388910661],[-74.0015548597907,40.2913264812122]]}},{"type":"Feature","id":43557,"properties":{"OBJECTID":43557,"PRIMENAME":"Greens Avenue","ELEVTYP_F":0,"ELEVTYP_T":0},"geometry":{"type":"LineString","coordinates":[[-73.9894549661565,40.2808916691339],[-73.9894568750163,40.280411538188]]}},{"type":"Feature","id":43562,"properties":{"OBJECTID":43562,"PRIMENAME":"Irving Place","ELEVTYP_F":0,"ELEVTYP_T":0},"geometry":{"type":"LineString","coordinates":[[-74.0030482975654,40.3049484940456],[-74.0031167514253,40.3049187826796],[-74.0040540051849,40.30451231542],[-74.0042061297925,40.3044463395343]]}},{"type":"Feature","id":43600,"properties":{"OBJECTID":43600,"PRIMENAME":"Ocean Boulevard","ELEVTYP_F":0,"ELEVTYP_T":0},"geometry":{"type":"LineString","coordinates":[[-73.9833470209037,40.2886498008196],[-73.9833617273471,40.288577173396],[-73.9834237784494,40.2882666375076]]}},{"type":"Feature","id":43689,"properties":{"OBJECTID":43689,"PRIMENAME":"Wall Street","ELEVTYP_F":0,"ELEVTYP_T":0},"geometry":{"type":"LineString","coordinates":[[-74.0122031632026,40.286676584439],[-74.0120898492199,40.2866916718699],[-74.0119214603262,40.2867386191954],[-74.0114281143507,40.2869748489704],[-74.0109945029049,40.2871739670265]]}},{"type":"Feature","id":43691,"properties":{"OBJECTID":43691,"PRIMENAME":"Grand Avenue","ELEVTYP_F":0,"ELEVTYP_T":0},"geometry":{"type":"LineString","coordinates":[[-74.0047973532763,40.3026808473296],[-74.0048014752881,40.3026859987199],[-74.0050619871505,40.3030222480796]]}},{"type":"Feature","id":43692,"properties":{"OBJECTID":43692,"PRIMENAME":"Avenel Boulevard","ELEVTYP_F":0,"ELEVTYP_T":0},"geometry":{"type":"LineString","coordinates":[[-73.9893945404365,40.316776020552],[-73.9892786070788,40.3167886304289],[-73.9883842357955,40.3168858940963]]}},{"type":"Feature","id":43749,"properties":{"OBJECTID":43749,"PRIMENAME":"Hoey Avenue","ELEVTYP_F":0,"ELEVTYP_T":0},"geometry":{"type":"LineString","coordinates":[[-73.9935893384293,40.2767153368916],[-73.9935678446964,40.2767234244273],[-73.9935515784939,40.276737106329],[-73.9935352710006,40.2767657777506],[-73.9935278937296,40.2767986601205],[-73.9935195081299,40.2770473715992],[-73.9935163398229,40.2771413507199],[-73.9934749446988,40.2780914650295],[-73.9934564386742,40.2785161690112],[-73.9933925435209,40.2795998390053]]}},{"type":"Feature","id":43751,"properties":{"OBJECTID":43751,"PRIMENAME":"Hollywood Avenue","ELEVTYP_F":0,"ELEVTYP_T":0},"geometry":{"type":"LineString","coordinates":[[-73.9987143054132,40.2862759710159],[-74.0006067651152,40.2860679962095],[-74.0008340397999,40.2860428695018]]}},{"type":"Feature","id":43808,"properties":{"OBJECTID":43808,"PRIMENAME":"Bath Avenue","ELEVTYP_F":0,"ELEVTYP_T":0},"geometry":{"type":"LineString","coordinates":[[-73.9982283797655,40.2970734532359],[-73.9977499199983,40.2968369088769],[-73.9973120403163,40.2966207712409]]}},{"type":"Feature","id":44004,"properties":{"OBJECTID":44004,"PRIMENAME":"Atlantic Avenue","ELEVTYP_F":0,"ELEVTYP_T":0},"geometry":{"type":"LineString","coordinates":[[-73.9875428348162,40.3192359595169],[-73.9870997943992,40.3193885510565]]}},{"type":"Feature","id":44074,"properties":{"OBJECTID":44074,"PRIMENAME":"Florence Avenue","ELEVTYP_F":0,"ELEVTYP_T":0},"geometry":{"type":"LineString","coordinates":[[-73.9917494832601,40.3192498786018],[-73.9918863183233,40.3193964974122],[-73.9920532315467,40.3195593068001],[-73.9922016750446,40.3196981522173],[-73.9923254436597,40.3197987851716],[-73.9923658901857,40.3198190571659]]}},{"type":"Feature","id":44185,"properties":{"OBJECTID":44185,"PRIMENAME":"Grant Street","ELEVTYP_F":0,"ELEVTYP_T":0},"geometry":{"type":"LineString","coordinates":[[-73.9792636783346,40.3076210069249],[-73.9792468506234,40.3079369911775]]}},{"type":"Feature","id":44525,"properties":{"OBJECTID":44525,"PRIMENAME":"Art Street","ELEVTYP_F":0,"ELEVTYP_T":0},"geometry":{"type":"LineString","coordinates":[[-74.0082260483316,40.3017074438466],[-74.0081510725975,40.3017423183231],[-74.0065770820043,40.3024743525237],[-74.0056377338936,40.3029078034768],[-74.0052467006385,40.3030882367216],[-74.0051483034721,40.3031336341305]]}},{"type":"Feature","id":44548,"properties":{"OBJECTID":44548,"PRIMENAME":"Pocahontas Avenue","ELEVTYP_F":0,"ELEVTYP_T":0},"geometry":{"type":"LineString","coordinates":[[-73.9998105403778,40.3235912170239],[-73.9999725270671,40.3236137689937],[-74.0019506340598,40.3238891905725],[-74.004314505295,40.3242091121131],[-74.0043832306027,40.3242184113186]]}},{"type":"Feature","id":44734,"properties":{"OBJECTID":44734,"PRIMENAME":"Cedar Avenue","ELEVTYP_F":0,"ELEVTYP_T":0},"geometry":{"type":"LineString","coordinates":[[-74.003359791814,40.2817792418475],[-74.0035717819347,40.2817832111034],[-74.0036071218571,40.2817838724935],[-74.0038281464502,40.2817879493888]]}},{"type":"Feature","id":44816,"properties":{"OBJECTID":44816,"PRIMENAME":"Washington Street","ELEVTYP_F":0,"ELEVTYP_T":0},"geometry":{"type":"LineString","coordinates":[[-74.0024421054428,40.3067169869782],[-74.0023133317435,40.3066692152559],[-74.0022139679318,40.3066353788048],[-74.0021211306946,40.3065916595295],[-74.0020528107951,40.3065393985026],[-74.0019910180785,40.3064771736469],[-74.0018925294707,40.3063242531535],[-74.0015032827451,40.3056853691417],[-74.0014558188593,40.3056074649535],[-74.0010911387658,40.3050144927617]]}},{"type":"Feature","id":44832,"properties":{"OBJECTID":44832,"PRIMENAME":"Atlantic Avenue","ELEVTYP_F":0,"ELEVTYP_T":0},"geometry":{"type":"LineString","coordinates":[[-74.005212677406,40.3102082809118],[-74.0049881078384,40.3102645299169],[-74.0048447868917,40.3102877452431]]}},{"type":"Feature","id":44835,"properties":{"OBJECTID":44835,"PRIMENAME":"Greeley Terrace","ELEVTYP_F":0,"ELEVTYP_T":0},"geometry":{"type":"LineString","coordinates":[[-73.9802764412351,40.3076402615793],[-73.9801486608796,40.3076378330203],[-73.9792636783346,40.3076210069249]]}},{"type":"Feature","id":44845,"properties":{"OBJECTID":44845,"PRIMENAME":"Hoey Avenue","ELEVTYP_F":0,"ELEVTYP_T":0},"geometry":{"type":"LineString","coordinates":[[-73.9925113124034,40.2835139804795],[-73.9922011924233,40.2841011948751],[-73.9921644304973,40.2841708166643]]}},{"type":"Feature","id":44881,"properties":{"OBJECTID":44881,"PRIMENAME":"Ocean Avenue","ELEVTYP_F":0,"ELEVTYP_T":0},"geometry":{"type":"LineString","coordinates":[[-73.9801674974169,40.29432891108],[-73.980146914323,40.2944120051801],[-73.9798656073941,40.2955476081201],[-73.9797245443581,40.2961017043443]]}},{"type":"Feature","id":44962,"properties":{"OBJECTID":44962,"PRIMENAME":"West Campbell Avenue","ELEVTYP_F":0,"ELEVTYP_T":0},"geometry":{"type":"LineString","coordinates":[[-74.0088524112591,40.2917435568442],[-74.0089685130388,40.2917160481425],[-74.0091865028067,40.2916931452413],[-74.0094667263832,40.2916752540714]]}},{"type":"Feature","id":45033,"properties":{"OBJECTID":45033,"PRIMENAME":"West Street","ELEVTYP_F":0,"ELEVTYP_T":0},"geometry":{"type":"LineString","coordinates":[[-73.9826439213307,40.3230810140322],[-73.9826374522253,40.3230216068035],[-73.9825519903217,40.3222361525962]]}},{"type":"Feature","id":45077,"properties":{"OBJECTID":45077,"PRIMENAME":"Rockwell Avenue","ELEVTYP_F":0,"ELEVTYP_T":0},"geometry":{"type":"LineString","coordinates":[[-73.9901319531977,40.3086223984454],[-73.9897578185584,40.3082015799867],[-73.9897148246783,40.3081251561174],[-73.9896422860767,40.3078293425532],[-73.9896064245764,40.3076678479963]]}},{"type":"Feature","id":45261,"properties":{"OBJECTID":45261,"PRIMENAME":"Patten Avenue","ELEVTYP_F":0,"ELEVTYP_T":0},"geometry":{"type":"LineString","coordinates":[[-73.9913532628141,40.3235166550997],[-73.9913521096266,40.3235233959262],[-73.9913417785903,40.3235838276024],[-73.9913410632027,40.3236791370463],[-73.9913712290016,40.3238079650059],[-73.9914753392257,40.3240792384962]]}},{"type":"Feature","id":45266,"properties":{"OBJECTID":45266,"PRIMENAME":"Wall Street","ELEVTYP_F":0,"ELEVTYP_T":0},"geometry":{"type":"LineString","coordinates":[[-74.0109945029049,40.2871739670265],[-74.0106649705244,40.2873252573029],[-74.0104073476761,40.2874435346288]]}},{"type":"Feature","id":45269,"properties":{"OBJECTID":45269,"PRIMENAME":"Hollywood Avenue","ELEVTYP_F":0,"ELEVTYP_T":0},"geometry":{"type":"LineString","coordinates":[[-74.0099772531692,40.2850302876664],[-74.0112408347255,40.2848913166593],[-74.0118281708455,40.2848271698316]]}},{"type":"Feature","id":45477,"properties":{"OBJECTID":45477,"PRIMENAME":"Brookdale Avenue","ELEVTYP_F":0,"ELEVTYP_T":0},"geometry":{"type":"LineString","coordinates":[[-74.0001529556689,40.2881734289336],[-74.0000626209469,40.288124557945],[-73.9987445267746,40.2874118247896],[-73.9981967739959,40.2871156301179],[-73.9981364777317,40.2870827449066],[-73.998046035216,40.2870334161379]]}},{"type":"Feature","id":45539,"properties":{"OBJECTID":45539,"PRIMENAME":"Joline Avenue","ELEVTYP_F":0,"ELEVTYP_T":0},"geometry":{"type":"LineString","coordinates":[[-74.0002601573531,40.307519916071],[-73.9999800792921,40.3076058660297],[-73.9995069589596,40.3077428104171]]}},{"type":"Feature","id":45580,"properties":{"OBJECTID":45580,"PRIMENAME":"Witmer Place","ELEVTYP_F":0,"ELEVTYP_T":0},"geometry":{"type":"LineString","coordinates":[[-73.9817019930747,40.3110416735285],[-73.981708393007,40.3109738405082],[-73.9819252502122,40.3086632951334],[-73.9819326281144,40.308584733335]]}},{"type":"Feature","id":45630,"properties":{"OBJECTID":45630,"PRIMENAME":"Harry Lane","ELEVTYP_F":0,"ELEVTYP_T":0},"geometry":{"type":"LineString","coordinates":[[-73.9929990050298,40.2733631425917],[-73.9926712923415,40.2732610663078],[-73.9925614367228,40.2732291942806],[-73.9924496983001,40.2732014267173],[-73.9923363382782,40.2731778285283],[-73.9922216216518,40.2731584548769],[-73.99192645195,40.2731248389755],[-73.9916309430147,40.2730911839039]]}},{"type":"Feature","id":45652,"properties":{"OBJECTID":45652,"PRIMENAME":"Liberty Street","ELEVTYP_F":0,"ELEVTYP_T":0},"geometry":{"type":"LineString","coordinates":[[-73.9865495269457,40.3087493291688],[-73.9865893863413,40.3089787302181],[-73.9866255231604,40.3091409131841],[-73.9866558542121,40.3092459147482],[-73.9867173084081,40.3093558305705],[-73.9869270321397,40.3096092921749],[-73.9873227391872,40.3100883553055]]}},{"type":"Feature","id":45714,"properties":{"OBJECTID":45714,"PRIMENAME":"Elberon Avenue","ELEVTYP_F":0,"ELEVTYP_T":0},"geometry":{"type":"LineString","coordinates":[[-73.9902591595986,40.2732160953164],[-73.9901609053168,40.2736482276712],[-73.9900674251986,40.2740593514034],[-73.990021425694,40.2742666880944]]}},{"type":"Feature","id":45821,"properties":{"OBJECTID":45821,"PRIMENAME":"Hollywood Avenue","ELEVTYP_F":0,"ELEVTYP_T":0},"geometry":{"type":"LineString","coordinates":[[-74.0048684899718,40.2855970588858],[-74.0057645775539,40.285499582869],[-74.0065446790389,40.2854147171192],[-74.0075842899752,40.2852976155801]]}},{"type":"Feature","id":45841,"properties":{"OBJECTID":45841,"PRIMENAME":"Hoey Avenue","ELEVTYP_F":0,"ELEVTYP_T":0},"geometry":{"type":"LineString","coordinates":[[-73.9933155935533,40.2809721393962],[-73.993313069126,40.2810462761143],[-73.9932604726279,40.2814273295613],[-73.9931825715608,40.2818559287624],[-73.9931373847802,40.2820749641546],[-73.9931050261985,40.2822416490013],[-73.9930631856312,40.2823629413467]]}},{"type":"Feature","id":45870,"properties":{"OBJECTID":45870,"PRIMENAME":"Saxany Drive","ELEVTYP_F":0,"ELEVTYP_T":0},"geometry":{"type":"LineString","coordinates":[[-74.0089776034928,40.2680204445709],[-74.0088330999012,40.2680313066502],[-74.0080549325541,40.268089960342],[-74.0078619249546,40.2681129684834],[-74.007662505734,40.2681502515482],[-74.0065969004967,40.2683840254771],[-74.0059986092374,40.2685196678536],[-74.005888001848,40.2685460146414],[-74.0057430739943,40.268580535958],[-74.005506347965,40.2686224051392],[-74.0052945612531,40.2686548820697],[-74.0045658487711,40.2687613813519],[-74.0044846529445,40.2688039412525],[-74.0044467899016,40.2688752367799],[-74.0044461636045,40.2689610501294],[-74.0044826706271,40.2690755725982],[-74.0047995314975,40.2699920219348],[-74.0048300653178,40.2700804391326]]}},{"type":"Feature","id":45914,"properties":{"OBJECTID":45914,"PRIMENAME":"Riverbend","ELEVTYP_F":0,"ELEVTYP_T":0},"geometry":{"type":"LineString","coordinates":[[-74.0062504203315,40.311931734698],[-74.0061272480127,40.3119699434489],[-74.005660542178,40.3121147093115],[-74.0055820736092,40.3121424555347],[-74.0055703710842,40.3121465935706],[-74.005484802598,40.3121768501337],[-74.0054187296551,40.3122184869082],[-74.0053361524778,40.3122810545696],[-74.0052533858325,40.3123645661132],[-74.0050823905547,40.3125231940553]]}},{"type":"Feature","id":45923,"properties":{"OBJECTID":45923,"PRIMENAME":"3rd Avenue","ELEVTYP_F":0,"ELEVTYP_T":0},"geometry":{"type":"LineString","coordinates":[[-73.9874672930866,40.3005331234366],[-73.9874976165032,40.3003623445324],[-73.9875143280351,40.3002682269153],[-73.9875277772515,40.3001395915612],[-73.9875115285768,40.2996327259744]]}},{"type":"Feature","id":45940,"properties":{"OBJECTID":45940,"PRIMENAME":"Tohican Place","ELEVTYP_F":0,"ELEVTYP_T":0},"geometry":{"type":"LineString","coordinates":[[-74.0058435814826,40.3180270938323],[-74.0055262101615,40.3182009250087],[-74.0054845130526,40.3182237630101],[-74.0036913723982,40.3192057297753],[-74.0032867121413,40.3194262169218]]}},{"type":"Feature","id":45962,"properties":{"OBJECTID":45962,"PRIMENAME":"Neptune Avenue","ELEVTYP_F":0,"ELEVTYP_T":0},"geometry":{"type":"LineString","coordinates":[[-73.9780632574592,40.3219654332972],[-73.9779250340375,40.3229920654238],[-73.9779239070226,40.3230004301113],[-73.9779046925218,40.3231435329012]]}},{"type":"Feature","id":45998,"properties":{"OBJECTID":45998,"PRIMENAME":"North Linden Avenue","ELEVTYP_F":0,"ELEVTYP_T":0},"geometry":{"type":"LineString","coordinates":[[-74.009285782244,40.3020712140394],[-74.0087606387775,40.3023671103058],[-74.0086596521626,40.3024240560539]]}},{"type":"Feature","id":46240,"properties":{"OBJECTID":46240,"PRIMENAME":"Pacific Street","ELEVTYP_F":0,"ELEVTYP_T":0},"geometry":{"type":"LineString","coordinates":[[-73.9933086911089,40.3122449232825],[-73.9933884090244,40.3122114239671],[-73.9942258094148,40.3117909269488],[-73.9943137614478,40.311744725016]]}},{"type":"Feature","id":46465,"properties":{"OBJECTID":46465,"PRIMENAME":"Riverdale Avenue","ELEVTYP_F":0,"ELEVTYP_T":0},"geometry":{"type":"LineString","coordinates":[[-73.9779046925218,40.3231435329012],[-73.9778031354604,40.3230067434705],[-73.9777904596351,40.322989670201],[-73.9775950011163,40.3226204095499]]}},{"type":"Feature","id":46475,"properties":{"OBJECTID":46475,"PRIMENAME":"Maryland Avenue","ELEVTYP_F":0,"ELEVTYP_T":0},"geometry":{"type":"LineString","coordinates":[[-74.0113943883083,40.28768588201],[-74.0114072706702,40.2877039451036],[-74.0114443155795,40.2877518139851],[-74.0114494878363,40.2878947786426],[-74.0115007810829,40.2885526947904],[-74.0115128086691,40.2886099554741],[-74.0115622919303,40.288653044785],[-74.0116367555659,40.2886819919799],[-74.0117362356418,40.2886966863817],[-74.0122774322724,40.2887323239851],[-74.0132665494619,40.2887936720692],[-74.0137455499796,40.2888243180871],[-74.0141498825474,40.2888545945672],[-74.0144174478916,40.2888604669756],[-74.0146289866261,40.2888708808476],[-74.0148655053431,40.2888671236183],[-74.0152204550872,40.2888400055015],[-74.0152275549465,40.2888397335277]]}},{"type":"Feature","id":46476,"properties":{"OBJECTID":46476,"PRIMENAME":"Lewis Street","ELEVTYP_F":0,"ELEVTYP_T":0},"geometry":{"type":"LineString","coordinates":[[-74.009902995797,40.2623698305905],[-74.0099294822137,40.2626670320874],[-74.0099523924089,40.2629435454868]]}},{"type":"Feature","id":46479,"properties":{"OBJECTID":46479,"PRIMENAME":"Atlantic Avenue","ELEVTYP_F":0,"ELEVTYP_T":0},"geometry":{"type":"LineString","coordinates":[[-73.977549657836,40.3206116531404],[-73.9768066636581,40.3206549634685],[-73.9766531631059,40.3206639052253]]}},{"type":"Feature","id":46480,"properties":{"OBJECTID":46480,"PRIMENAME":"Eldora Terrace","ELEVTYP_F":0,"ELEVTYP_T":0},"geometry":{"type":"LineString","coordinates":[[-73.9989950760367,40.3104611206211],[-73.9988921899859,40.3105053673659],[-73.9979928295732,40.3108922484759],[-73.9978956022947,40.310932537084]]}},{"type":"Feature","id":46655,"properties":{"OBJECTID":46655,"PRIMENAME":"Memorial Parkway","ELEVTYP_F":0,"ELEVTYP_T":0},"geometry":{"type":"LineString","coordinates":[[-73.9854161577676,40.3037897459661],[-73.9856448370188,40.3046470198803],[-73.9856817599424,40.3047758518326]]}},{"type":"Feature","id":46731,"properties":{"OBJECTID":46731,"PRIMENAME":"Lori Road","ELEVTYP_F":0,"ELEVTYP_T":0},"geometry":{"type":"LineString","coordinates":[[-73.9917080958885,40.3294494801521],[-73.9917583621904,40.3294764116798],[-73.9919382112261,40.3295773192142],[-73.9920869610111,40.3296637326131],[-73.9922110687819,40.3297262090771],[-73.9923538643872,40.3297840452981],[-73.9925277589247,40.3298515169644],[-73.9927389223739,40.3299239549884],[-73.992911409623,40.3299781325748]]}},{"type":"Feature","id":46927,"properties":{"OBJECTID":46927,"PRIMENAME":"Port Au Peck Avenue","ELEVTYP_F":0,"ELEVTYP_T":0},"geometry":{"type":"LineString","coordinates":[[-74.0058435814826,40.3180270938323],[-74.0055929079261,40.3190921225973]]}},{"type":"Feature","id":46995,"properties":{"OBJECTID":46995,"PRIMENAME":"Woodgate Avenue","ELEVTYP_F":0,"ELEVTYP_T":0},"geometry":{"type":"LineString","coordinates":[[-73.996634030468,40.279423275397],[-73.9966257977507,40.2791849274375]]}},{"type":"Feature","id":47030,"properties":{"OBJECTID":47030,"PRIMENAME":"Jim Lynch Drive","ELEVTYP_F":0,"ELEVTYP_T":0},"geometry":{"type":"LineString","coordinates":[[-73.994327500178,40.2697148442263],[-73.9941246041347,40.2709097773171],[-73.9941171870695,40.2709452008156],[-73.9941070319856,40.2709802235869],[-73.9940941748506,40.271014721572],[-73.9940786612035,40.2710485725708],[-73.9940605459935,40.2710816566745],[-73.9940398933856,40.271113856691],[-73.9940167765332,40.2711450585594],[-73.9939912773189,40.2711751517546],[-73.993801504678,40.2714546365645],[-73.9936873462872,40.271662608828],[-73.9931610467718,40.2730260259911],[-73.9929990050298,40.2733631425917]]}},{"type":"Feature","id":47059,"properties":{"OBJECTID":47059,"PRIMENAME":"Sagamore Avenue","ELEVTYP_F":0,"ELEVTYP_T":0},"geometry":{"type":"LineString","coordinates":[[-74.0021869009344,40.3200254611799],[-74.002830142592,40.3201078101826],[-74.004510287565,40.3203456431012],[-74.0052755243946,40.3204508750388]]}},{"type":"Feature","id":47096,"properties":{"OBJECTID":47096,"PRIMENAME":"Berdan Place","ELEVTYP_F":0,"ELEVTYP_T":0},"geometry":{"type":"LineString","coordinates":[[-74.0051012349141,40.3093719438818],[-74.0051821165667,40.3093790708928],[-74.0055902921766,40.3094148680071],[-74.007067252957,40.3095443911176]]}},{"type":"Feature","id":47110,"properties":{"OBJECTID":47110,"PRIMENAME":"Monmouth Avenue","ELEVTYP_F":0,"ELEVTYP_T":0},"geometry":{"type":"LineString","coordinates":[[-73.9862135660938,40.3067758194729],[-73.9868246795734,40.3066825596986],[-73.9876823379997,40.3065481236361],[-73.9880961233688,40.3064832625707],[-73.9892117637337,40.3063118414942],[-73.9893020131842,40.3062979645152]]}},{"type":"Feature","id":47227,"properties":{"OBJECTID":47227,"PRIMENAME":"Long Branch Avenue","ELEVTYP_F":0,"ELEVTYP_T":0},"geometry":{"type":"LineString","coordinates":[[-73.9853751359638,40.3190703441791],[-73.9855191469441,40.3198409415023],[-73.985533520177,40.3199177889014]]}},{"type":"Feature","id":47263,"properties":{"OBJECTID":47263,"PRIMENAME":"Columbia Avenue","ELEVTYP_F":0,"ELEVTYP_T":0},"geometry":{"type":"LineString","coordinates":[[-73.9817480152888,40.323136986433],[-73.9825373087027,40.323087894619],[-73.9826439213307,40.3230810140322]]}},{"type":"Feature","id":47269,"properties":{"OBJECTID":47269,"PRIMENAME":"Ocean Avenue","ELEVTYP_F":0,"ELEVTYP_T":0},"geometry":{"type":"LineString","coordinates":[[-73.9763434030977,40.3250539686906],[-73.9761213675433,40.3257194422108],[-73.9758823946577,40.3264225299099],[-73.9757770999573,40.3267544684936],[-73.9757338462385,40.3269115724075],[-73.9756851732494,40.3271155118075]]}},{"type":"Feature","id":47278,"properties":{"OBJECTID":47278,"PRIMENAME":"Emmons Street","ELEVTYP_F":0,"ELEVTYP_T":0},"geometry":{"type":"LineString","coordinates":[[-74.0004036252204,40.2981505346552],[-74.0003524679104,40.2982082647732],[-73.9995992296628,40.2990581386346]]}},{"type":"Feature","id":47344,"properties":{"OBJECTID":47344,"PRIMENAME":"Cummings Avenue","ELEVTYP_F":0,"ELEVTYP_T":0},"geometry":{"type":"LineString","coordinates":[[-73.9991163298168,40.2757413413899],[-73.9990400477949,40.2757428232907],[-73.9966253503999,40.2757895268997],[-73.9964975930824,40.2757919909682]]}},{"type":"Feature","id":47372,"properties":{"OBJECTID":47372,"PRIMENAME":"Bath Avenue","ELEVTYP_F":0,"ELEVTYP_T":0},"geometry":{"type":"LineString","coordinates":[[-73.9920748647986,40.2940100142216],[-73.991428291971,40.2937118606407]]}},{"type":"Feature","id":47446,"properties":{"OBJECTID":47446,"PRIMENAME":"Cottage Place","ELEVTYP_F":0,"ELEVTYP_T":0},"geometry":{"type":"LineString","coordinates":[[-73.9828591826718,40.2903865226447],[-73.9811070921616,40.2902738658493]]}},{"type":"Feature","id":47550,"properties":{"OBJECTID":47550,"PRIMENAME":"Madison Avenue","ELEVTYP_F":0,"ELEVTYP_T":0},"geometry":{"type":"LineString","coordinates":[[-73.978754367244,40.3058068687885],[-73.9793830271808,40.3058317502686]]}},{"type":"Feature","id":47570,"properties":{"OBJECTID":47570,"PRIMENAME":"North Bath Avenue","ELEVTYP_F":0,"ELEVTYP_T":0},"geometry":{"type":"LineString","coordinates":[[-73.9814576678356,40.2936535346277],[-73.9809551594517,40.2937844482059]]}},{"type":"Feature","id":47805,"properties":{"OBJECTID":47805,"PRIMENAME":"Wyandotte Avenue","ELEVTYP_F":0,"ELEVTYP_T":0},"geometry":{"type":"LineString","coordinates":[[-74.0045395066888,40.3235507342002],[-74.0044439813674,40.3235376699323],[-74.0021796621623,40.3232277057147],[-73.9997599898687,40.322883670673],[-73.9996699528574,40.3228708450563]]}},{"type":"Feature","id":47919,"properties":{"OBJECTID":47919,"PRIMENAME":"North Linden Avenue","ELEVTYP_F":0,"ELEVTYP_T":0},"geometry":{"type":"LineString","coordinates":[[-74.010671763243,40.3012902473138],[-74.0094344500492,40.3019874447958]]}},{"type":"Feature","id":47927,"properties":{"OBJECTID":47927,"PRIMENAME":"Branchport Avenue","ELEVTYP_F":0,"ELEVTYP_T":0},"geometry":{"type":"LineString","coordinates":[[-74.0108397576645,40.3190819239198],[-74.0107646717062,40.3190203609604],[-74.0106410106574,40.3188863941774],[-74.0103945603171,40.3185326747057],[-74.0099200702924,40.3178443654904],[-74.0094825115984,40.3172229458119],[-74.0090512350277,40.3165967478912],[-74.0089900355558,40.3165100963961]]}},{"type":"Feature","id":48000,"properties":{"OBJECTID":48000,"PRIMENAME":"Grand Avenue","ELEVTYP_F":0,"ELEVTYP_T":0},"geometry":{"type":"LineString","coordinates":[[-74.0038827745812,40.3000253310956],[-74.0039780907133,40.3003566468371],[-74.0040690134475,40.3006906348154],[-74.0040961774288,40.3007758805116]]}},{"type":"Feature","id":48250,"properties":{"OBJECTID":48250,"PRIMENAME":"Comanche Drive","ELEVTYP_F":0,"ELEVTYP_T":0},"geometry":{"type":"LineString","coordinates":[[-74.0007914903661,40.3286163660607],[-74.0007881873465,40.3285987557437],[-74.0006697640314,40.3279670965091],[-74.0006556676952,40.327894040408]]}},{"type":"Feature","id":48380,"properties":{"OBJECTID":48380,"PRIMENAME":"Jerome Avenue","ELEVTYP_F":0,"ELEVTYP_T":0},"geometry":{"type":"LineString","coordinates":[[-73.9997774474723,40.2612709910985],[-73.9998891052123,40.2612806433606]]}},{"type":"Feature","id":48931,"properties":{"OBJECTID":48931,"PRIMENAME":"Sairs Avenue","ELEVTYP_F":0,"ELEVTYP_T":0},"geometry":{"type":"LineString","coordinates":[[-73.9879610673815,40.2870217832661],[-73.9879111344117,40.2872874369286],[-73.9878975841324,40.2873643247877],[-73.9878240597921,40.2877815035724],[-73.9877719257691,40.2880773050686]]}},{"type":"Feature","id":49091,"properties":{"OBJECTID":49091,"PRIMENAME":"Jerome Avenue","ELEVTYP_F":0,"ELEVTYP_T":0},"geometry":{"type":"LineString","coordinates":[[-74.0079142636678,40.2620278462537],[-74.0078126485408,40.2620313121769],[-74.0072966388826,40.2619814585906],[-74.0061154119185,40.2618715832899],[-74.0059367004851,40.2618527927429],[-74.0055820350913,40.2618154991064]]}},{"type":"Feature","id":49311,"properties":{"OBJECTID":49311,"PRIMENAME":"West End Avenue","ELEVTYP_F":0,"ELEVTYP_T":0},"geometry":{"type":"LineString","coordinates":[[-73.9859673831374,40.2856157654602],[-73.9858482525323,40.2856220721518],[-73.9841292712405,40.2857907735503],[-73.9839735923117,40.2858043818206],[-73.9838415521511,40.285811370112]]}},{"type":"Feature","id":49411,"properties":{"OBJECTID":49411,"PRIMENAME":"Rockwell Avenue","ELEVTYP_F":0,"ELEVTYP_T":0},"geometry":{"type":"LineString","coordinates":[[-73.9902122481048,40.3087127089243],[-73.9901319531977,40.3086223984454]]}},{"type":"Feature","id":49723,"properties":{"OBJECTID":49723,"PRIMENAME":"Morris Place","ELEVTYP_F":0,"ELEVTYP_T":0},"geometry":{"type":"LineString","coordinates":[[-74.004584630084,40.3143060775467],[-74.0047357507424,40.3142326312787],[-74.0049940266976,40.3141246979283],[-74.0050980494039,40.3140722699944]]}},{"type":"Feature","id":49868,"properties":{"OBJECTID":49868,"PRIMENAME":"East Chestnut Place","ELEVTYP_F":0,"ELEVTYP_T":0},"geometry":{"type":"LineString","coordinates":[[-74.0129120300243,40.2970495925672],[-74.0138076250797,40.2973603841137],[-74.0138802618319,40.2973855601116]]}},{"type":"Feature","id":49971,"properties":{"OBJECTID":49971,"PRIMENAME":"Belmont Avenue","ELEVTYP_F":0,"ELEVTYP_T":0},"geometry":{"type":"LineString","coordinates":[[-73.9863070061281,40.303657268006],[-73.9857228455505,40.3037457102566],[-73.985564360025,40.3037697061595],[-73.9854161577676,40.3037897459661]]}},{"type":"Feature","id":50041,"properties":{"OBJECTID":50041,"PRIMENAME":"Port Au Peck Avenue","ELEVTYP_F":0,"ELEVTYP_T":0},"geometry":{"type":"LineString","coordinates":[[-74.0045395066888,40.3235507342002],[-74.0043832306027,40.3242184113186]]}},{"type":"Feature","id":50060,"properties":{"OBJECTID":50060,"PRIMENAME":"Rosewood Avenue","ELEVTYP_F":0,"ELEVTYP_T":0},"geometry":{"type":"LineString","coordinates":[[-73.9852070788757,40.3149471306029],[-73.9861989637294,40.3148352611096],[-73.9863151486315,40.3148221609675]]}},{"type":"Feature","id":50099,"properties":{"OBJECTID":50099,"PRIMENAME":"MacArthur Avenue","ELEVTYP_F":0,"ELEVTYP_T":0},"geometry":{"type":"LineString","coordinates":[[-73.9861358387984,40.3138759451445],[-73.9862543034041,40.3145010819415],[-73.986312728749,40.3148093852382],[-73.9863151486315,40.3148221609675]]}},{"type":"Feature","id":50217,"properties":{"OBJECTID":50217,"PRIMENAME":"Marshall Court","ELEVTYP_F":0,"ELEVTYP_T":0},"geometry":{"type":"LineString","coordinates":[[-73.9930631856312,40.2823629413467],[-73.9931787632685,40.2823658911511],[-73.9934027520431,40.2823716212356],[-73.9935707159039,40.2823818827906],[-73.9937573188129,40.2823922526729],[-73.9939314489257,40.2824120930855],[-73.9941303131857,40.28244154064],[-73.9943819697309,40.282484451959],[-73.9945032356819,40.2825051304766]]}},{"type":"Feature","id":50234,"properties":{"OBJECTID":50234,"PRIMENAME":"Cedar Avenue","ELEVTYP_F":0,"ELEVTYP_T":0},"geometry":{"type":"LineString","coordinates":[[-73.9858354032302,40.2816144775937],[-73.9847446871035,40.281711653354],[-73.9846333155595,40.2817215068376]]}},{"type":"Feature","id":50280,"properties":{"OBJECTID":50280,"PRIMENAME":"Florence Avenue","ELEVTYP_F":0,"ELEVTYP_T":0},"geometry":{"type":"LineString","coordinates":[[-73.9884295982999,40.3157982261132],[-73.9888783253063,40.3162530030168]]}},{"type":"Feature","id":50446,"properties":{"OBJECTID":50446,"PRIMENAME":"Hendrickson Avenue","ELEVTYP_F":0,"ELEVTYP_T":0},"geometry":{"type":"LineString","coordinates":[[-73.9947169703311,40.3083628573511],[-73.9947994500864,40.308333295055],[-73.9968094030163,40.3076129004921],[-73.9968987485661,40.3075808681336]]}},{"type":"Feature","id":50458,"properties":{"OBJECTID":50458,"PRIMENAME":"Norwood Avenue","ELEVTYP_F":0,"ELEVTYP_T":0},"geometry":{"type":"LineString","coordinates":[[-74.0025783680294,40.273104091978],[-74.0025985679893,40.2732268669726],[-74.0026590016551,40.2735941833653],[-74.0026743571934,40.2736799005004]]}},{"type":"Feature","id":50571,"properties":{"OBJECTID":50571,"PRIMENAME":"North Cookman Avenue","ELEVTYP_F":0,"ELEVTYP_T":0},"geometry":{"type":"LineString","coordinates":[[-73.9834863003954,40.3230266078178],[-73.9834899970127,40.3230921522847],[-73.9835229019412,40.3236737323838]]}},{"type":"Feature","id":50654,"properties":{"OBJECTID":50654,"PRIMENAME":"Maplewood Avenue","ELEVTYP_F":0,"ELEVTYP_T":0},"geometry":{"type":"LineString","coordinates":[[-74.008823788867,40.2666976636445],[-74.0087182267358,40.2667058627908],[-74.0076723885655,40.2667872060744],[-74.0064832501317,40.2669012839856],[-74.0058995499574,40.2669590267525],[-74.0044971037724,40.2670977547664],[-74.0036004776236,40.2671940025807],[-74.0028035411521,40.2672715930769],[-74.0014710819052,40.2674040822891],[-74.0013130687293,40.2674197898911]]}},{"type":"Feature","id":50680,"properties":{"OBJECTID":50680,"PRIMENAME":"Park Avenue","ELEVTYP_F":0,"ELEVTYP_T":0},"geometry":{"type":"LineString","coordinates":[[-73.9984363314325,40.2703588167422],[-73.9984300975768,40.2703581448473],[-73.9978024294553,40.2702600801943],[-73.9969138754827,40.2701273870709]]}},{"type":"Feature","id":50791,"properties":{"OBJECTID":50791,"PRIMENAME":"Hilltop Road","ELEVTYP_F":0,"ELEVTYP_T":0},"geometry":{"type":"LineString","coordinates":[[-74.006132439862,40.2930490501123],[-74.0060850041736,40.2929906767671],[-74.0057133401244,40.2925333201249],[-74.0056963565068,40.2925124198292],[-74.005653111337,40.2924693546929],[-74.0056410892276,40.2924120934686],[-74.0056601831481,40.2923549922123],[-74.0057150583287,40.292297489914],[-74.0057417189646,40.2922695527838],[-74.0066252300791,40.2914535752936],[-74.0073895901568,40.2907562255812],[-74.0077467999616,40.2904193708888],[-74.0078219574918,40.2903577306642],[-74.0078907712237,40.2903055896822],[-74.0078973234011,40.2903017194964]]}},{"type":"Feature","id":50883,"properties":{"OBJECTID":50883,"PRIMENAME":"2nd Avenue","ELEVTYP_F":0,"ELEVTYP_T":0},"geometry":{"type":"LineString","coordinates":[[-73.9867280162435,40.2829896641086],[-73.9866540155974,40.2832675676974]]}},{"type":"Feature","id":50941,"properties":{"OBJECTID":50941,"PRIMENAME":"Chelton Avenue","ELEVTYP_F":0,"ELEVTYP_T":0},"geometry":{"type":"LineString","coordinates":[[-73.9842018357929,40.3160423886239],[-73.9846772613158,40.3159913876853],[-73.9847933762923,40.3159783437067]]}},{"type":"Feature","id":50986,"properties":{"OBJECTID":50986,"PRIMENAME":"Liberty Street","ELEVTYP_F":0,"ELEVTYP_T":0},"geometry":{"type":"LineString","coordinates":[[-73.9928737781136,40.315197076285],[-73.9930104114191,40.3153028987],[-73.9930909218959,40.3153604341028],[-73.9931963924075,40.3154085525697],[-73.9933268578519,40.3154520312605],[-73.9940164102538,40.3156552297866],[-73.9943795343248,40.3157662515484]]}},{"type":"Feature","id":51157,"properties":{"OBJECTID":51157,"PRIMENAME":"North Lake Drive","ELEVTYP_F":0,"ELEVTYP_T":0},"geometry":{"type":"LineString","coordinates":[[-73.9864419096918,40.2775110823285],[-73.9872095473929,40.277592640751],[-73.9876021763955,40.2776362275002]]}},{"type":"Feature","id":51374,"properties":{"OBJECTID":51374,"PRIMENAME":"South Lake Drive","ELEVTYP_F":0,"ELEVTYP_T":0},"geometry":{"type":"LineString","coordinates":[[-73.9895382337719,40.2764290815548],[-73.9891103221699,40.2763857130707],[-73.9887683670979,40.2763508476722],[-73.9885320353731,40.2763307245696],[-73.9884014681709,40.2763206210669],[-73.9882645217537,40.2763295417889],[-73.9879531377195,40.2763615184419],[-73.9879102053209,40.276365569661],[-73.9873740605981,40.2764161644303],[-73.987037767304,40.2764480291619],[-73.9870085314461,40.27645088164],[-73.9869443653091,40.2764571404503],[-73.9868635095523,40.2764520327258],[-73.9867702524042,40.2764373166283],[-73.9866212287965,40.2763985242591],[-73.9864851260266,40.2763577391359],[-73.9861369592305,40.2762534037355],[-73.9856837275358,40.276122694625],[-73.9855407443978,40.2760814571999]]}},{"type":"Feature","id":51435,"properties":{"OBJECTID":51435,"PRIMENAME":"Cottage Avenue","ELEVTYP_F":0,"ELEVTYP_T":0},"geometry":{"type":"LineString","coordinates":[[-73.996634030468,40.279423275397],[-73.9965050511083,40.2794302365472],[-73.9954882309779,40.2794851592327]]}},{"type":"Feature","id":51597,"properties":{"OBJECTID":51597,"PRIMENAME":"Marine Place","ELEVTYP_F":0,"ELEVTYP_T":0},"geometry":{"type":"LineString","coordinates":[[-73.9956920294938,40.32677769566],[-73.9956911432119,40.3268967779911],[-73.9956615679199,40.3275210170782],[-73.9956423133294,40.3276019432903],[-73.9956044782419,40.3276637378635],[-73.9955418573311,40.327711148983],[-73.9954730661275,40.3277489520071],[-73.995398211246,40.3277677319609],[-73.9953233560341,40.3277816528403],[-73.9952486442973,40.3277861039283],[-73.9951677257056,40.327780973751],[-73.9950993250014,40.3277615966821],[-73.9950248607611,40.3277279447687],[-73.994969190656,40.3276752684033],[-73.9949198672961,40.3276130944136],[-73.9948768925844,40.3275271186405],[-73.9948529942605,40.3273935707885],[-73.9948290619091,40.3272600218793],[-73.9948310161922,40.3269978916557],[-73.9948465246417,40.3266977175675]]}},{"type":"Feature","id":51631,"properties":{"OBJECTID":51631,"PRIMENAME":"Calvert Avenue","ELEVTYP_F":0,"ELEVTYP_T":0},"geometry":{"type":"LineString","coordinates":[[-73.9840415818543,40.3173829244836],[-73.98406192749,40.3174851638667],[-73.9842478673065,40.3184153531729]]}},{"type":"Feature","id":51677,"properties":{"OBJECTID":51677,"PRIMENAME":"Park Avenue","ELEVTYP_F":0,"ELEVTYP_T":0},"geometry":{"type":"LineString","coordinates":[[-73.9986386554973,40.2703806528459],[-73.9984363314325,40.2703588167422]]}},{"type":"Feature","id":51713,"properties":{"OBJECTID":51713,"PRIMENAME":"Park Place","ELEVTYP_F":0,"ELEVTYP_T":0},"geometry":{"type":"LineString","coordinates":[[-73.9960776728668,40.3064654305801],[-73.9959772742324,40.3064987867594],[-73.9944045713129,40.3070209528984],[-73.9944002607428,40.3070245943278],[-73.994369748173,40.307050366557],[-73.9943455025452,40.3070800741175],[-73.9943437227529,40.3071264330324],[-73.9943644298009,40.307191365395],[-73.994373252257,40.3072063116191],[-73.9943874466801,40.3072303653408],[-73.9944315473742,40.3072743164614],[-73.9944820661487,40.3073134644885],[-73.9945642586644,40.3073656806993],[-73.9946148502217,40.3073950829831]]}},{"type":"Feature","id":51752,"properties":{"OBJECTID":51752,"PRIMENAME":"Pinewood Avenue","ELEVTYP_F":0,"ELEVTYP_T":0},"geometry":{"type":"LineString","coordinates":[[-74.0074217216834,40.2840735172227],[-74.0072824107042,40.2830978223146]]}},{"type":"Feature","id":51924,"properties":{"OBJECTID":51924,"PRIMENAME":"Hobart Manor","ELEVTYP_F":0,"ELEVTYP_T":0},"geometry":{"type":"LineString","coordinates":[[-73.9825865523222,40.3133500814588],[-73.9822691907325,40.3133662982367]]}},{"type":"Feature","id":52019,"properties":{"OBJECTID":52019,"PRIMENAME":"Lake Avenue","ELEVTYP_F":0,"ELEVTYP_T":0},"geometry":{"type":"LineString","coordinates":[[-73.9952255289141,40.2780057624539],[-73.9947151032942,40.2779954412974],[-73.9946800155802,40.2780000372552],[-73.9946469352484,40.278009363234],[-73.9946220272348,40.2780282241685],[-73.9946218254812,40.2780284718697]]}},{"type":"Feature","id":52120,"properties":{"OBJECTID":52120,"PRIMENAME":"Elinore Avenue","ELEVTYP_F":0,"ELEVTYP_T":0},"geometry":{"type":"LineString","coordinates":[[-74.0028256838816,40.2768302822716],[-74.0027032803438,40.2768357402687],[-73.9994851508255,40.2769791382209],[-73.9992744015597,40.2769885209737]]}},{"type":"Feature","id":52163,"properties":{"OBJECTID":52163,"PRIMENAME":"Russel Avenue","ELEVTYP_F":0,"ELEVTYP_T":0},"geometry":{"type":"LineString","coordinates":[[-74.0040961774288,40.3007758805116],[-74.0040122779683,40.3007905096066],[-74.003532360471,40.3008742118072],[-74.0034709630014,40.3008809482341]]}},{"type":"Feature","id":52284,"properties":{"OBJECTID":52284,"PRIMENAME":"Avenel Boulevard","ELEVTYP_F":0,"ELEVTYP_T":0},"geometry":{"type":"LineString","coordinates":[[-73.9812087938778,40.3177045386737],[-73.9810607623743,40.317720716059]]}},{"type":"Feature","id":52374,"properties":{"OBJECTID":52374,"PRIMENAME":"Atlantic Drive","ELEVTYP_F":0,"ELEVTYP_T":0},"geometry":{"type":"LineString","coordinates":[[-73.9911796241852,40.3175502637374],[-73.9913085171032,40.3175982671695],[-73.9916065355073,40.3177092202561],[-73.9916874764327,40.3177095759379],[-73.9917561884602,40.3176812460233],[-73.9918436919419,40.3176339731823],[-73.9918876220251,40.3175960360233],[-73.9919066281198,40.3175484622555],[-73.9918884079058,40.3174911996583],[-73.9918451924161,40.3174338272656],[-73.9917960235131,40.3173525730596],[-73.9917345881712,40.3172379380093],[-73.9916977915855,40.3171662643433],[-73.9916539997742,40.3170900845722],[-73.991585875409,40.3169493127632]]}},{"type":"Feature","id":52377,"properties":{"OBJECTID":52377,"PRIMENAME":"Lowden Court","ELEVTYP_F":0,"ELEVTYP_T":0},"geometry":{"type":"LineString","coordinates":[[-73.9855384334376,40.2936887914396],[-73.9855565315074,40.2936835508226],[-73.9855879375269,40.2936598077051],[-73.985608976173,40.2936227580943],[-73.9856023068313,40.2935802876211],[-73.9855750339982,40.2935271013757],[-73.9855336493971,40.2935003983792],[-73.9854578351592,40.2934469962523]]}},{"type":"Feature","id":52439,"properties":{"OBJECTID":52439,"PRIMENAME":"Florence Avenue","ELEVTYP_F":0,"ELEVTYP_T":0},"geometry":{"type":"LineString","coordinates":[[-73.9912489005488,40.3187130785092],[-73.9913242560336,40.3187935420202],[-73.9915960337163,40.3190854806435],[-73.9917494832601,40.3192498786018]]}},{"type":"Feature","id":52818,"properties":{"OBJECTID":52818,"PRIMENAME":"Kennedy Street","ELEVTYP_F":0,"ELEVTYP_T":0},"geometry":{"type":"LineString","coordinates":[[-74.0062630975288,40.3020011666467],[-74.0058063360992,40.3022129577958]]}},{"type":"Feature","id":52858,"properties":{"OBJECTID":52858,"PRIMENAME":"Garrett Drive","ELEVTYP_F":0,"ELEVTYP_T":0},"geometry":{"type":"LineString","coordinates":[[-73.9991692974828,40.2922357162434],[-73.9988939673319,40.2920593918841]]}},{"type":"Feature","id":52872,"properties":{"OBJECTID":52872,"PRIMENAME":"Cedar Avenue","ELEVTYP_F":0,"ELEVTYP_T":0},"geometry":{"type":"LineString","coordinates":[[-74.000001841382,40.281563885063],[-73.9998985547188,40.2815566855391],[-73.9982755499884,40.2814064687263]]}},{"type":"Feature","id":52930,"properties":{"OBJECTID":52930,"PRIMENAME":"Mitchell Terrace","ELEVTYP_F":0,"ELEVTYP_T":0},"geometry":{"type":"LineString","coordinates":[[-74.0038960146297,40.2918765001342],[-74.0038904483044,40.2917945586269],[-74.003728511421,40.2894034857933],[-74.0037219090145,40.2893059854118]]}},{"type":"Feature","id":52989,"properties":{"OBJECTID":52989,"PRIMENAME":"Broadway","ELEVTYP_F":0,"ELEVTYP_T":0},"geometry":{"type":"LineString","coordinates":[[-73.9939517783076,40.30350082615],[-73.9927697998898,40.3040162234586]]}},{"type":"Feature","id":53140,"properties":{"OBJECTID":53140,"PRIMENAME":"Florence Avenue","ELEVTYP_F":0,"ELEVTYP_T":0},"geometry":{"type":"LineString","coordinates":[[-73.9893945404365,40.316776020552],[-73.9897780396885,40.3171646212936],[-73.9904587180443,40.3178750487748],[-73.9906866845687,40.3181129743674]]}},{"type":"Feature","id":53168,"properties":{"OBJECTID":53168,"PRIMENAME":"Palmer Avenue","ELEVTYP_F":0,"ELEVTYP_T":0},"geometry":{"type":"LineString","coordinates":[[-74.0105129190129,40.2784532526922],[-74.0106277094809,40.2784402868583],[-74.0115245077295,40.2783392635693],[-74.0118676467433,40.2783072196517]]}},{"type":"Feature","id":53192,"properties":{"OBJECTID":53192,"PRIMENAME":"Monmouth Place","ELEVTYP_F":0,"ELEVTYP_T":0},"geometry":{"type":"LineString","coordinates":[[-74.0008340397999,40.2860428695018],[-74.0008316081387,40.2859593498296],[-74.0007300699351,40.2853822237002],[-74.0006523575002,40.2849481989469],[-74.0005384199933,40.2843614387206],[-74.000340187038,40.2833931135047],[-74.0001902742847,40.2826251223679],[-74.0001715122325,40.282593169653],[-74.0001465825828,40.2825759863396],[-74.000113290282,40.2825651913025],[-74.0000549124284,40.2825585425887],[-73.9997682539156,40.2825786339808],[-73.9997237676288,40.2825741590059],[-73.9996877114679,40.2825590962762],[-73.9996545607198,40.2825291122496],[-73.9996354739574,40.2824779145342],[-73.9996054180902,40.2824074790071],[-73.9995722465832,40.2823753810166],[-73.9995390172282,40.2823560757464],[-73.999505709545,40.2823473943178],[-73.9994528400702,40.282347165617],[-73.9985761037364,40.2824158159588],[-73.9984717345098,40.2824239838405]]}},{"type":"Feature","id":53247,"properties":{"OBJECTID":53247,"PRIMENAME":"Ocean Avenue North","ELEVTYP_F":0,"ELEVTYP_T":0},"geometry":{"type":"LineString","coordinates":[[-73.9771258057665,40.3105131086643],[-73.9770782374328,40.3107432984465],[-73.9770316648176,40.3109642429693]]}},{"type":"Feature","id":53259,"properties":{"OBJECTID":53259,"PRIMENAME":"West End Avenue","ELEVTYP_F":0,"ELEVTYP_T":0},"geometry":{"type":"LineString","coordinates":[[-73.9837269753324,40.2858174472512],[-73.9834755168071,40.2858307643431],[-73.9819933248316,40.2859575554722],[-73.9819372246445,40.285976383868],[-73.9818933802558,40.2860143187653]]}},{"type":"Feature","id":53321,"properties":{"OBJECTID":53321,"PRIMENAME":"7th Avenue","ELEVTYP_F":0,"ELEVTYP_T":0},"geometry":{"type":"LineString","coordinates":[[-73.9960776728668,40.3064654305801],[-73.9963418605296,40.3068241443695]]}},{"type":"Feature","id":53573,"properties":{"OBJECTID":53573,"PRIMENAME":"Shrewsbury Drive","ELEVTYP_F":0,"ELEVTYP_T":0},"geometry":{"type":"LineString","coordinates":[[-73.9917494832601,40.3192498786018],[-73.9918280127934,40.3192053394769],[-73.9920007771624,40.3191073541107],[-73.9927321905491,40.318714979966]]}},{"type":"Feature","id":53711,"properties":{"OBJECTID":53711,"PRIMENAME":"Pavilion Avenue","ELEVTYP_F":0,"ELEVTYP_T":0},"geometry":{"type":"LineString","coordinates":[[-73.981094269927,40.2973027583148],[-73.9809323516645,40.2973364019868],[-73.980732941468,40.2973641120581],[-73.9805585568559,40.2973823808693],[-73.9803842086559,40.2973911242261],[-73.9802470164788,40.2973905079892]]}},{"type":"Feature","id":53943,"properties":{"OBJECTID":53943,"PRIMENAME":"Elberon Avenue","ELEVTYP_F":0,"ELEVTYP_T":0},"geometry":{"type":"LineString","coordinates":[[-73.9908415943383,40.2703587691953],[-73.9908159666796,40.2704929532434],[-73.9906711328545,40.2712443964953]]}},{"type":"Feature","id":54140,"properties":{"OBJECTID":54140,"PRIMENAME":"Genessee Avenue","ELEVTYP_F":0,"ELEVTYP_T":0},"geometry":{"type":"LineString","coordinates":[[-74.0034252766043,40.3282830429995],[-74.0047690987843,40.328467077445],[-74.0048249166335,40.3285006702925],[-74.0048285907306,40.3285070995726],[-74.0048494954347,40.3285436826296],[-74.0048492167866,40.3285818123976],[-74.0048390392933,40.3286161665851],[-74.0048366767868,40.3286241443667]]}},{"type":"Feature","id":54257,"properties":{"OBJECTID":54257,"PRIMENAME":"Old Farm Road","ELEVTYP_F":0,"ELEVTYP_T":0},"geometry":{"type":"LineString","coordinates":[[-74.0114512182002,40.2738858191784],[-74.0118633058506,40.2737418149922],[-74.0118967597389,40.2737301241166],[-74.0120215720831,40.2736829658872],[-74.012140044723,40.2736453620363],[-74.0122709541215,40.2736125317555],[-74.0123643819489,40.2735986500224],[-74.0124702476065,40.2735895707099],[-74.0126009525551,40.2735853442202],[-74.0127128791807,40.2735905927285],[-74.0129286194685,40.2736182390017]]}},{"type":"Feature","id":54605,"properties":{"OBJECTID":54605,"PRIMENAME":"2nd Avenue","ELEVTYP_F":0,"ELEVTYP_T":0},"geometry":{"type":"LineString","coordinates":[[-73.9839743960113,40.2929952814883],[-73.9839412353712,40.293329747078],[-73.9839008714386,40.2937299015409],[-73.9838421179398,40.2940870935859],[-73.9837917018532,40.2943851081058]]}},{"type":"Feature","id":54909,"properties":{"OBJECTID":54909,"PRIMENAME":"2nd Avenue","ELEVTYP_F":0,"ELEVTYP_T":0},"geometry":{"type":"LineString","coordinates":[[-73.9845938759045,40.2905012991436],[-73.9842204107445,40.2918106381593],[-73.9840539505486,40.2924199372122],[-73.9840355824876,40.2924970507384]]}},{"type":"Feature","id":55490,"properties":{"OBJECTID":55490,"PRIMENAME":"Sunset Avenue","ELEVTYP_F":0,"ELEVTYP_T":0},"geometry":{"type":"LineString","coordinates":[[-73.9923184220834,40.3234421813547],[-73.9925724214851,40.3234261806714]]}},{"type":"Feature","id":55624,"properties":{"OBJECTID":55624,"PRIMENAME":"2nd Avenue","ELEVTYP_F":0,"ELEVTYP_T":0},"geometry":{"type":"LineString","coordinates":[[-73.9826996104767,40.3014543616808],[-73.9826960834735,40.3015359886694],[-73.9827357198693,40.3020508922588],[-73.9827700267009,40.3024513516128],[-73.9828105010136,40.3028566705247],[-73.98281435206,40.3028875712626]]}},{"type":"Feature","id":55707,"properties":{"OBJECTID":55707,"PRIMENAME":"Lowden Court","ELEVTYP_F":0,"ELEVTYP_T":0},"geometry":{"type":"LineString","coordinates":[[-73.9845933042229,40.2943484367929],[-73.9843315575024,40.2943591339562]]}},{"type":"Feature","id":55782,"properties":{"OBJECTID":55782,"PRIMENAME":"High Street","ELEVTYP_F":0,"ELEVTYP_T":0},"geometry":{"type":"LineString","coordinates":[[-73.9990728257845,40.2929713322825],[-73.9992615180906,40.292949048083],[-73.9998979614805,40.2928920646073]]}},{"type":"Feature","id":56024,"properties":{"OBJECTID":56024,"PRIMENAME":"Lewis Street","ELEVTYP_F":0,"ELEVTYP_T":0},"geometry":{"type":"LineString","coordinates":[[-74.0097382293675,40.2605231311065],[-74.0097453233746,40.2606025808112],[-74.009902995797,40.2623698305905]]}},{"type":"Feature","id":56105,"properties":{"OBJECTID":56105,"PRIMENAME":"McKinley Street","ELEVTYP_F":0,"ELEVTYP_T":0},"geometry":{"type":"LineString","coordinates":[[-73.9787161343133,40.3064094183724],[-73.978754367244,40.3058068687885]]}},{"type":"Feature","id":56395,"properties":{"OBJECTID":56395,"PRIMENAME":"Central Avenue","ELEVTYP_F":0,"ELEVTYP_T":0},"geometry":{"type":"LineString","coordinates":[[-73.98523710352,40.3092343121056],[-73.9850340169024,40.3093093632987]]}},{"type":"Feature","id":56810,"properties":{"OBJECTID":56810,"PRIMENAME":"Howard Avenue","ELEVTYP_F":0,"ELEVTYP_T":0},"geometry":{"type":"LineString","coordinates":[[-74.0088245793061,40.2752231802368],[-74.0077383903134,40.2753646103545]]}},{"type":"Feature","id":56825,"properties":{"OBJECTID":56825,"PRIMENAME":"Cayuga Avenue","ELEVTYP_F":0,"ELEVTYP_T":0},"geometry":{"type":"LineString","coordinates":[[-74.0003777674971,40.3264670123633],[-74.0004744420251,40.3264802776907],[-74.0031991953576,40.3268542131873],[-74.0037439889998,40.3269292442771]]}},{"type":"Feature","id":57177,"properties":{"OBJECTID":57177,"PRIMENAME":"Broadway","ELEVTYP_F":0,"ELEVTYP_T":0},"geometry":{"type":"LineString","coordinates":[[-74.0056302806748,40.2990901613051],[-74.0050396791392,40.2992153980809]]}},{"type":"Feature","id":57219,"properties":{"OBJECTID":57219,"PRIMENAME":"Oakwood Avenue","ELEVTYP_F":0,"ELEVTYP_T":0},"geometry":{"type":"LineString","coordinates":[[-74.002694067892,40.2648727832201],[-74.002703572146,40.2647737484131],[-74.0027911158233,40.2638638350485],[-74.0027968124608,40.2638051659976]]}},{"type":"Feature","id":57278,"properties":{"OBJECTID":57278,"PRIMENAME":"William Street","ELEVTYP_F":0,"ELEVTYP_T":0},"geometry":{"type":"LineString","coordinates":[[-74.0030704315944,40.3009248261664],[-74.0030831426019,40.3010152806642],[-74.003102991237,40.301156689894],[-74.0032364870418,40.3021077369201]]}},{"type":"Feature","id":57300,"properties":{"OBJECTID":57300,"PRIMENAME":"Westbourne Avenue","ELEVTYP_F":0,"ELEVTYP_T":0},"geometry":{"type":"LineString","coordinates":[[-73.9981765332421,40.2952225711681],[-73.9982702359644,40.2952777177646],[-73.9987598140719,40.2955658078312],[-73.9994042165322,40.2959641561066],[-73.9997635836881,40.2961849423701],[-73.9999556562068,40.2963049423593],[-74.0001292256642,40.2964010063532],[-74.0003834315626,40.2965307724016],[-74.0006191369747,40.2966509596974],[-74.0007429817294,40.2967372818705],[-74.0009039031828,40.2968618950231],[-74.0009556661986,40.2969019787357]]}},{"type":"Feature","id":57424,"properties":{"OBJECTID":57424,"PRIMENAME":"Surf Road","ELEVTYP_F":0,"ELEVTYP_T":0},"geometry":{"type":"LineString","coordinates":[[-73.9756201668357,40.3274137844724],[-73.9757318512263,40.3275032625911],[-73.9759113020408,40.3276470174643],[-73.9760226875418,40.3277381142201],[-73.9761466304861,40.3278196856909],[-73.9762891872817,40.3279061192645],[-73.9764753234899,40.3279927489991],[-73.9766428836336,40.3280649920253],[-73.9768168312243,40.3281229883515],[-73.9768563864741,40.3281380190096]]}},{"type":"Feature","id":57477,"properties":{"OBJECTID":57477,"PRIMENAME":"Columbia Avenue","ELEVTYP_F":0,"ELEVTYP_T":0},"geometry":{"type":"LineString","coordinates":[[-73.9826439213307,40.3230810140322],[-73.9834863003954,40.3230266078178]]}},{"type":"Feature","id":57774,"properties":{"OBJECTID":57774,"PRIMENAME":"Valentine Street","ELEVTYP_F":0,"ELEVTYP_T":0},"geometry":{"type":"LineString","coordinates":[[-73.9792285988567,40.3257055260075],[-73.9801936557309,40.3255608850114]]}},{"type":"Feature","id":57845,"properties":{"OBJECTID":57845,"PRIMENAME":"Lewis Alley","ELEVTYP_F":0,"ELEVTYP_T":0},"geometry":{"type":"LineString","coordinates":[[-73.9860748139482,40.3062530098485],[-73.9854825537644,40.3063477500426]]}},{"type":"Feature","id":57923,"properties":{"OBJECTID":57923,"PRIMENAME":"Division Street","ELEVTYP_F":0,"ELEVTYP_T":0},"geometry":{"type":"LineString","coordinates":[[-73.9948568692534,40.2993208355536],[-73.995239788279,40.2989113565591]]}},{"type":"Feature","id":58013,"properties":{"OBJECTID":58013,"PRIMENAME":"Ocean Court","ELEVTYP_F":0,"ELEVTYP_T":0},"geometry":{"type":"LineString","coordinates":[[-73.9875550695691,40.2642211753231],[-73.9874113854827,40.2647082010634]]}},{"type":"Feature","id":58141,"properties":{"OBJECTID":58141,"PRIMENAME":"Ocean Avenue","ELEVTYP_F":0,"ELEVTYP_T":0},"geometry":{"type":"LineString","coordinates":[[-73.9843664275519,40.283456228266],[-73.9839308084056,40.2834417930945],[-73.9838626834432,40.2834100742091],[-73.9838026876762,40.2832082271775],[-73.9836290167099,40.2831210600549],[-73.9831534494804,40.2831765312247],[-73.9829139369212,40.2832068770178],[-73.9828348187822,40.2832719707647],[-73.9828134904253,40.283379209769],[-73.9828656088488,40.2837171541232],[-73.9828718675908,40.2837931014111],[-73.9828674315972,40.2839265953893],[-73.9828217172962,40.2840939380961],[-73.9828131654324,40.2843190404817],[-73.9828422739157,40.2845364574389],[-73.9828550200593,40.2846719393955]]}},{"type":"Feature","id":58254,"properties":{"OBJECTID":58254,"PRIMENAME":"Jonathon Court","ELEVTYP_F":0,"ELEVTYP_T":0},"geometry":{"type":"LineString","coordinates":[[-74.0100511217834,40.2766056314144],[-74.0101619199274,40.2765891617674],[-74.0103487863394,40.2765613206471],[-74.0104921036426,40.2765333490405],[-74.0106479625391,40.2764911007712],[-74.0107789810247,40.2764439971806],[-74.0108912578165,40.276406340519],[-74.0109846899604,40.276392432912],[-74.0110717156592,40.2764071031712],[-74.0111462344967,40.2764264976358],[-74.0112330891007,40.2764649409136],[-74.0112886264451,40.2765271347028],[-74.0113496456591,40.2766942471614],[-74.011666291297,40.2776583054766],[-74.01183653848,40.2782071348244],[-74.0118676467433,40.2783072196517]]}},{"type":"Feature","id":58263,"properties":{"OBJECTID":58263,"PRIMENAME":"Marion Place","ELEVTYP_F":0,"ELEVTYP_T":0},"geometry":{"type":"LineString","coordinates":[[-73.9783785379024,40.3179318791894],[-73.9783855537621,40.3180316168664],[-73.9784434909935,40.3188492452926]]}},{"type":"Feature","id":58640,"properties":{"OBJECTID":58640,"PRIMENAME":"Itaska Place","ELEVTYP_F":0,"ELEVTYP_T":0},"geometry":{"type":"LineString","coordinates":[[-74.0012709749322,40.3172631373394],[-74.0010612454031,40.3170389930194],[-74.0006453785326,40.3165955777598]]}},{"type":"Feature","id":58653,"properties":{"OBJECTID":58653,"PRIMENAME":"Waterview","ELEVTYP_F":0,"ELEVTYP_T":0},"geometry":{"type":"LineString","coordinates":[[-73.9847887775831,40.2808356288844],[-73.9845013389544,40.2808547630165]]}},{"type":"Feature","id":58704,"properties":{"OBJECTID":58704,"PRIMENAME":"Wardell Street","ELEVTYP_F":0,"ELEVTYP_T":0},"geometry":{"type":"LineString","coordinates":[[-74.0049491436572,40.3071929995915],[-74.0050363959929,40.3071670188045],[-74.0053046595964,40.3070871278289],[-74.0054731034341,40.3070402185466],[-74.0056078531863,40.3070064632314],[-74.0056789105124,40.3069886645661],[-74.0064961370262,40.3067538415322],[-74.0068268846946,40.306636110351]]}},{"type":"Feature","id":58707,"properties":{"OBJECTID":58707,"PRIMENAME":"Unnamed Segment","ELEVTYP_F":0,"ELEVTYP_T":0},"geometry":{"type":"LineString","coordinates":[[-73.987558629835,40.2954178598795],[-73.9869447640768,40.2952420968264],[-73.9869524604364,40.2951317976346],[-73.9867844990631,40.2951126648762],[-73.9867660840688,40.2943082567061]]}},{"type":"Feature","id":58777,"properties":{"OBJECTID":58777,"PRIMENAME":"Bay Avenue","ELEVTYP_F":0,"ELEVTYP_T":0},"geometry":{"type":"LineString","coordinates":[[-73.9862709102686,40.3247092959509],[-73.9862664188012,40.3249161813326],[-73.9862564179248,40.3250081819025],[-73.9862604184703,40.3251761814471],[-73.9862904194388,40.3254731808574],[-73.9863224180565,40.3256561817107],[-73.986339947183,40.3257550612231]]}},{"type":"Feature","id":58822,"properties":{"OBJECTID":58822,"PRIMENAME":"Morris Avenue","ELEVTYP_F":0,"ELEVTYP_T":0},"geometry":{"type":"LineString","coordinates":[[-73.9875167968922,40.2976400290829],[-73.9872974382296,40.297679329227],[-73.9846483833126,40.2981536816316],[-73.983988180874,40.2982769436196]]}},{"type":"Feature","id":58872,"properties":{"OBJECTID":58872,"PRIMENAME":"Chelsea Avenue","ELEVTYP_F":0,"ELEVTYP_T":0},"geometry":{"type":"LineString","coordinates":[[-73.9826996104767,40.3014543616808],[-73.9834910691697,40.3013655768512],[-73.9847688173811,40.3012212481565]]}},{"type":"Feature","id":59004,"properties":{"OBJECTID":59004,"PRIMENAME":"Ocean Boulevard","ELEVTYP_F":0,"ELEVTYP_T":0},"geometry":{"type":"LineString","coordinates":[[-73.9804723093839,40.3110190552886],[-73.9804875119133,40.3103782278727],[-73.9805004148593,40.3102392326928],[-73.9805281990683,40.3099399470925],[-73.980568228765,40.3095921720084],[-73.9806152652162,40.3091396442496],[-73.9806951101729,40.3085373747568]]}},{"type":"Feature","id":59059,"properties":{"OBJECTID":59059,"PRIMENAME":"Tulip Court","ELEVTYP_F":0,"ELEVTYP_T":0},"geometry":{"type":"LineString","coordinates":[[-74.0129286194685,40.2736182390017],[-74.0129619535664,40.2735678125404],[-74.0130060128712,40.2735012886418],[-74.0130315346804,40.2734108317777],[-74.0130078932629,40.2732391552531],[-74.0128774168068,40.2723425930997],[-74.0127520171137,40.2716081019187]]}},{"type":"Feature","id":59061,"properties":{"OBJECTID":59061,"PRIMENAME":"Atlantic Drive","ELEVTYP_F":0,"ELEVTYP_T":0},"geometry":{"type":"LineString","coordinates":[[-73.9909679653322,40.3165894723305],[-73.9909363940401,40.3165767053247],[-73.9908245407017,40.3165476361863],[-73.9907498399202,40.3165425302992],[-73.9906439397375,40.3165515902981],[-73.9905751222974,40.3165941944743],[-73.9905311556464,40.3166463793403],[-73.9905305822725,40.3167226658847],[-73.9905675558594,40.3167752891524],[-73.9906295624663,40.3168088891223],[-73.990716634791,40.3168187987049],[-73.9907915148746,40.3168000767776],[-73.9908479252421,40.3167478916422],[-73.9909679653322,40.3165894723305]]}},{"type":"Feature","id":59126,"properties":{"OBJECTID":59126,"PRIMENAME":"Branchport Avenue","ELEVTYP_F":0,"ELEVTYP_T":0},"geometry":{"type":"LineString","coordinates":[[-74.0018709689113,40.299794105367],[-74.0018779175809,40.2999073200408],[-74.0018999159693,40.3002659386599]]}},{"type":"Feature","id":59148,"properties":{"OBJECTID":59148,"PRIMENAME":"Valentine Street","ELEVTYP_F":0,"ELEVTYP_T":0},"geometry":{"type":"LineString","coordinates":[[-73.9770608104432,40.3265989160462],[-73.9770839817278,40.3265895495262],[-73.9772561815474,40.3265182431547]]}},{"type":"Feature","id":59339,"properties":{"OBJECTID":59339,"PRIMENAME":"Eastbourne Avenue","ELEVTYP_F":0,"ELEVTYP_T":0},"geometry":{"type":"LineString","coordinates":[[-73.996458122327,40.2938124664617],[-73.9963768184614,40.2937681892699],[-73.9956267343466,40.2933598110094],[-73.9955630930841,40.2933268099296]]}},{"type":"Feature","id":59340,"properties":{"OBJECTID":59340,"PRIMENAME":"Golf Street","ELEVTYP_F":0,"ELEVTYP_T":0},"geometry":{"type":"LineString","coordinates":[[-74.0098161274048,40.2947504685863],[-74.0096449918544,40.294564194202],[-74.0084099033194,40.2932197283649],[-74.0083357035255,40.2931389509131]]}},{"type":"Feature","id":59378,"properties":{"OBJECTID":59378,"PRIMENAME":"Morris Avenue","ELEVTYP_F":0,"ELEVTYP_T":0},"geometry":{"type":"LineString","coordinates":[[-73.9927215191969,40.2988030524654],[-73.9915762238005,40.2981605045055],[-73.9914618726909,40.2981050708204]]}},{"type":"Feature","id":59387,"properties":{"OBJECTID":59387,"PRIMENAME":"Port Au Peck Avenue","ELEVTYP_F":0,"ELEVTYP_T":0},"geometry":{"type":"LineString","coordinates":[[-74.0031101576792,40.3296192598822],[-74.0029607005671,40.330253142302],[-74.0029483715269,40.3303054947231]]}},{"type":"Feature","id":59660,"properties":{"OBJECTID":59660,"PRIMENAME":"Wells Avenue","ELEVTYP_F":0,"ELEVTYP_T":0},"geometry":{"type":"LineString","coordinates":[[-74.009902995797,40.2623698305905],[-74.00999991848,40.2623909130695],[-74.0114177806665,40.2626993500894]]}},{"type":"Feature","id":59904,"properties":{"OBJECTID":59904,"PRIMENAME":"Grinker Place","ELEVTYP_F":0,"ELEVTYP_T":0},"geometry":{"type":"LineString","coordinates":[[-73.9804486366715,40.3064686644568],[-73.9805154889714,40.3058882935596]]}},{"type":"Feature","id":60401,"properties":{"OBJECTID":60401,"PRIMENAME":"Hoey Avenue","ELEVTYP_F":0,"ELEVTYP_T":0},"geometry":{"type":"LineString","coordinates":[[-73.993318342371,40.2808920457907],[-73.9933171472655,40.2809273716663],[-73.9933155935533,40.2809721393962]]}},{"type":"Feature","id":60583,"properties":{"OBJECTID":60583,"PRIMENAME":"Golf Street","ELEVTYP_F":0,"ELEVTYP_T":0},"geometry":{"type":"LineString","coordinates":[[-74.0108558568075,40.2976738256864],[-74.0108283575316,40.2970475267261],[-74.0108009820894,40.2965729288211]]}},{"type":"Feature","id":60880,"properties":{"OBJECTID":60880,"PRIMENAME":"Ivy Place","ELEVTYP_F":0,"ELEVTYP_T":0},"geometry":{"type":"LineString","coordinates":[[-73.9889512853481,40.3208911071711],[-73.9885810792354,40.3209414802867],[-73.9885126156744,40.320936428445],[-73.9885069980998,40.3209266188999]]}},{"type":"Feature","id":60881,"properties":{"OBJECTID":60881,"PRIMENAME":"Manitto Place","ELEVTYP_F":0,"ELEVTYP_T":0},"geometry":{"type":"LineString","coordinates":[[-73.9992016337777,40.3183633685358],[-73.9992768164647,40.3183228736029],[-74.0007288622225,40.3175407819633],[-74.0011577676415,40.3173245539536],[-74.0012709749322,40.3172631373394]]}},{"type":"Feature","id":61076,"properties":{"OBJECTID":61076,"PRIMENAME":"Riddle Avenue","ELEVTYP_F":0,"ELEVTYP_T":0},"geometry":{"type":"LineString","coordinates":[[-73.9922014050155,40.3258993075175],[-73.9920804243342,40.3259278206527],[-73.991662286445,40.3260263842828]]}},{"type":"Feature","id":61238,"properties":{"OBJECTID":61238,"PRIMENAME":"Greens Avenue","ELEVTYP_F":0,"ELEVTYP_T":0},"geometry":{"type":"LineString","coordinates":[[-73.9894533554677,40.2812854118195],[-73.9894537760115,40.2811913622201],[-73.9894549661565,40.2808916691339]]}},{"type":"Feature","id":61337,"properties":{"OBJECTID":61337,"PRIMENAME":"Bath Avenue","ELEVTYP_F":0,"ELEVTYP_T":0},"geometry":{"type":"LineString","coordinates":[[-74.0026977577397,40.2993006873008],[-74.0021842822177,40.2990293751042],[-74.0010864935598,40.2984908399232],[-74.0008400091942,40.2983679996965]]}},{"type":"Feature","id":61533,"properties":{"OBJECTID":61533,"PRIMENAME":"Jackson Street","ELEVTYP_F":0,"ELEVTYP_T":0},"geometry":{"type":"LineString","coordinates":[[-74.0050396791392,40.2992153980809],[-74.0050440556034,40.2992936551538],[-74.0050605434582,40.2995891928066],[-74.0051080487942,40.299908718848],[-74.0051230928094,40.3000438062109],[-74.0051664655515,40.3004332487981],[-74.0051841712887,40.300566796593],[-74.0052750307633,40.3009103087066],[-74.0053435722792,40.3011430389951]]}},{"type":"Feature","id":61599,"properties":{"OBJECTID":61599,"PRIMENAME":"Bath Avenue","ELEVTYP_F":0,"ELEVTYP_T":0},"geometry":{"type":"LineString","coordinates":[[-74.0008400091942,40.2983679996965],[-74.0004036252204,40.2981505346552]]}},{"type":"Feature","id":61753,"properties":{"OBJECTID":61753,"PRIMENAME":"Oakwood Avenue","ELEVTYP_F":0,"ELEVTYP_T":0},"geometry":{"type":"LineString","coordinates":[[-74.0057480403381,40.294374224932],[-74.0060462406353,40.2947252394855],[-74.0060635887877,40.2947454351629]]}},{"type":"Feature","id":62020,"properties":{"OBJECTID":62020,"PRIMENAME":"Lawrence Avenue","ELEVTYP_F":0,"ELEVTYP_T":0},"geometry":{"type":"LineString","coordinates":[[-74.0027417496046,40.2623984947926],[-74.0037281360884,40.262495243528],[-74.0053383058954,40.2626498851841],[-74.0054362808043,40.2626593637254]]}},{"type":"Feature","id":62112,"properties":{"OBJECTID":62112,"PRIMENAME":"Elberon Avenue","ELEVTYP_F":0,"ELEVTYP_T":0},"geometry":{"type":"LineString","coordinates":[[-73.9930672464905,40.2646122435866],[-73.9930367587574,40.264716730135],[-73.9926983590772,40.2658781523909],[-73.9922519873333,40.2673297921382],[-73.9919647995743,40.2682960583933],[-73.9917091020516,40.2692052520231],[-73.9916836603052,40.2692957324758]]}},{"type":"Feature","id":62265,"properties":{"OBJECTID":62265,"PRIMENAME":"Albert Place","ELEVTYP_F":0,"ELEVTYP_T":0},"geometry":{"type":"LineString","coordinates":[[-73.99782949423,40.2667217955153],[-73.9973153633771,40.2666370138869],[-73.9971521125548,40.2666100881056]]}},{"type":"Feature","id":62360,"properties":{"OBJECTID":62360,"PRIMENAME":"Rivera Lane","ELEVTYP_F":0,"ELEVTYP_T":0},"geometry":{"type":"LineString","coordinates":[[-73.9978947972872,40.2923675292718],[-73.9978904405526,40.2923448227695],[-73.9978387759414,40.2920755681537]]}},{"type":"Feature","id":62371,"properties":{"OBJECTID":62371,"PRIMENAME":"Norwood Avenue","ELEVTYP_F":0,"ELEVTYP_T":0},"geometry":{"type":"LineString","coordinates":[[-74.0023305056469,40.296608892121],[-74.0023767638338,40.2968178924884]]}},{"type":"Feature","id":62567,"properties":{"OBJECTID":62567,"PRIMENAME":"Grace Court","ELEVTYP_F":0,"ELEVTYP_T":0},"geometry":{"type":"LineString","coordinates":[[-74.0004908563483,40.3030712018686],[-74.000404421959,40.3030771755847],[-73.9999684216958,40.3030971761625],[-73.9999324209187,40.3031091767299],[-73.9998904213285,40.303156177012]]}},{"type":"Feature","id":62729,"properties":{"OBJECTID":62729,"PRIMENAME":"Maryland Avenue","ELEVTYP_F":0,"ELEVTYP_T":0},"geometry":{"type":"LineString","coordinates":[[-74.0109945029049,40.2871739670265],[-74.0110619983213,40.2872592718585],[-74.0112249168364,40.2874652196855],[-74.0113456943607,40.2876178972138],[-74.0113943883083,40.28768588201]]}},{"type":"Feature","id":62764,"properties":{"OBJECTID":62764,"PRIMENAME":"Seaview Avenue","ELEVTYP_F":0,"ELEVTYP_T":0},"geometry":{"type":"LineString","coordinates":[[-73.9770316648176,40.3109642429693],[-73.977020021925,40.3110194770704],[-73.97705066695,40.3110911006214],[-73.9771436387936,40.3111487034615],[-73.9771710437485,40.3111544383995]]}},{"type":"Feature","id":62956,"properties":{"OBJECTID":62956,"PRIMENAME":"Bath Avenue","ELEVTYP_F":0,"ELEVTYP_T":0},"geometry":{"type":"LineString","coordinates":[[-73.9892576419769,40.2927255356896],[-73.9891907208509,40.2926954545769],[-73.9886889748042,40.2924696957541],[-73.9885897095183,40.2924311258486],[-73.9884965388589,40.2924021360875],[-73.9884016036034,40.2923933195056],[-73.9883348241802,40.2923871185855],[-73.9878967463167,40.2923949534742]]}},{"type":"Feature","id":63250,"properties":{"OBJECTID":63250,"PRIMENAME":"Branchport Avenue","ELEVTYP_F":0,"ELEVTYP_T":0},"geometry":{"type":"LineString","coordinates":[[-74.0054503357036,40.3105698522892],[-74.0053591698538,40.3104311541716],[-74.005212677406,40.3102082809118]]}},{"type":"Feature","id":63272,"properties":{"OBJECTID":63272,"PRIMENAME":"Norwood Avenue","ELEVTYP_F":0,"ELEVTYP_T":0},"geometry":{"type":"LineString","coordinates":[[-74.0003531035867,40.2639859827755],[-74.0003719893368,40.2640539815325]]}},{"type":"Feature","id":63305,"properties":{"OBJECTID":63305,"PRIMENAME":"South Cookman Avenue","ELEVTYP_F":0,"ELEVTYP_T":0},"geometry":{"type":"LineString","coordinates":[[-73.9838772934512,40.3230013675614],[-73.9838708988784,40.3229508826075],[-73.9837769283666,40.3222069537812],[-73.9837681515241,40.3221868471458],[-73.9837555574847,40.3221746159047]]}},{"type":"Feature","id":63561,"properties":{"OBJECTID":63561,"PRIMENAME":"Tower Road","ELEVTYP_F":0,"ELEVTYP_T":0},"geometry":{"type":"LineString","coordinates":[[-73.9832304015348,40.2915950278509],[-73.9833301690599,40.2911846803174]]}},{"type":"Feature","id":63678,"properties":{"OBJECTID":63678,"PRIMENAME":"Elm Wood Avenue","ELEVTYP_F":0,"ELEVTYP_T":0},"geometry":{"type":"LineString","coordinates":[[-73.9838194741659,40.3141292817038],[-73.9825672859396,40.3142662191353],[-73.9824442133512,40.3142796683799]]}},{"type":"Feature","id":63779,"properties":{"OBJECTID":63779,"PRIMENAME":"Atlantic Avenue","ELEVTYP_F":0,"ELEVTYP_T":0},"geometry":{"type":"LineString","coordinates":[[-74.0048447868917,40.3102877452431],[-74.0046393187139,40.3102916148031],[-74.0042970099993,40.3102806502645],[-74.0041225612833,40.310294178055],[-74.0039605578008,40.3103173113037],[-74.0037850686233,40.3103749221427],[-74.0036732619794,40.3104116279142],[-74.0035735976455,40.3104443471393],[-74.0026434895626,40.3107882522779],[-74.0025882954842,40.3108085490367]]}},{"type":"Feature","id":63803,"properties":{"OBJECTID":63803,"PRIMENAME":"North Lincoln Avenue","ELEVTYP_F":0,"ELEVTYP_T":0},"geometry":{"type":"LineString","coordinates":[[-74.000894655053,40.2659296496074],[-74.0007674529002,40.2659179948234],[-73.9992487980867,40.2657791526717],[-73.9977582398682,40.2656428596458],[-73.9976252344871,40.2656306970687]]}},{"type":"Feature","id":63865,"properties":{"OBJECTID":63865,"PRIMENAME":"Rivington Avenue","ELEVTYP_F":0,"ELEVTYP_T":0},"geometry":{"type":"LineString","coordinates":[[-74.0111687583494,40.3032205714655],[-74.0112010437165,40.3032019976169],[-74.0119697750153,40.3027763038947],[-74.0120559993521,40.3027277204494]]}},{"type":"Feature","id":63926,"properties":{"OBJECTID":63926,"PRIMENAME":"Atlantic Avenue","ELEVTYP_F":0,"ELEVTYP_T":0},"geometry":{"type":"LineString","coordinates":[[-73.991585875409,40.3169493127632],[-73.9915462417355,40.317007282147],[-73.9915347820622,40.317024307294],[-73.9911936558615,40.317529983265],[-73.9911796241852,40.3175502637374]]}},{"type":"Feature","id":63961,"properties":{"OBJECTID":63961,"PRIMENAME":"Brookwillow Avenue","ELEVTYP_F":0,"ELEVTYP_T":0},"geometry":{"type":"LineString","coordinates":[[-74.0046326679274,40.284377502323],[-74.0046473485264,40.2844533881522],[-74.0048684899718,40.2855970588858]]}},{"type":"Feature","id":63979,"properties":{"OBJECTID":63979,"PRIMENAME":"Eastbourne Avenue","ELEVTYP_F":0,"ELEVTYP_T":0},"geometry":{"type":"LineString","coordinates":[[-73.9892454418467,40.2901691727436],[-73.9892834602027,40.2901769106045],[-73.9896315068974,40.2902404063191],[-73.989817880688,40.2902888848444],[-73.9899258286614,40.2903308415348]]}},{"type":"Feature","id":64364,"properties":{"OBJECTID":64364,"PRIMENAME":"Harrison Street","ELEVTYP_F":0,"ELEVTYP_T":0},"geometry":{"type":"LineString","coordinates":[[-73.9987465339224,40.304116975113],[-73.9987818070115,40.304112648065],[-73.9988201846268,40.3041013120324],[-73.9990456936454,40.3039838054844],[-73.9991648865184,40.3039294724205],[-73.9992648445634,40.3038822486306],[-73.9994021269994,40.3038351583404],[-73.9995580201488,40.3038025057651],[-73.9997552321871,40.3037730785684],[-74.0000099466552,40.3037401672347],[-74.0002932865771,40.3037103430461],[-74.0005408914807,40.3036934306298]]}},{"type":"Feature","id":64379,"properties":{"OBJECTID":64379,"PRIMENAME":"Lockwood Place","ELEVTYP_F":0,"ELEVTYP_T":0},"geometry":{"type":"LineString","coordinates":[[-74.0006680192933,40.2651274735748],[-74.0008034005293,40.2651325763012],[-74.0017419348465,40.2652605407681],[-74.001809290795,40.2649218626024]]}},{"type":"Feature","id":64795,"properties":{"OBJECTID":64795,"PRIMENAME":"Branchport Avenue","ELEVTYP_F":0,"ELEVTYP_T":0},"geometry":{"type":"LineString","coordinates":[[-74.0075985810623,40.3143336322578],[-74.0074139009862,40.3140018839203],[-74.0074019332367,40.3139806405338]]}},{"type":"Feature","id":65126,"properties":{"OBJECTID":65126,"PRIMENAME":"Hiawatha Avenue","ELEVTYP_F":0,"ELEVTYP_T":0},"geometry":{"type":"LineString","coordinates":[[-74.0048629790925,40.3222021123531],[-74.0033034022411,40.3219838547383],[-74.001443450945,40.3217327932803],[-73.9995027443656,40.3214574969357],[-73.9993959762609,40.3214423488829]]}},{"type":"Feature","id":65192,"properties":{"OBJECTID":65192,"PRIMENAME":"Park Avenue","ELEVTYP_F":0,"ELEVTYP_T":0},"geometry":{"type":"LineString","coordinates":[[-74.0021967819714,40.2706100659521],[-74.0020617697086,40.2706264175027],[-74.0018687525375,40.2706446654874],[-74.0017131815913,40.2706487727899],[-74.0014705958032,40.2706381745957],[-74.0009040610939,40.2705887890105]]}},{"type":"Feature","id":65424,"properties":{"OBJECTID":65424,"PRIMENAME":"Port Au Peck Avenue","ELEVTYP_F":0,"ELEVTYP_T":0},"geometry":{"type":"LineString","coordinates":[[-73.994062832618,40.3198522688311],[-73.9946350523206,40.3198766766408],[-73.9947159970489,40.3198770302244],[-73.994772122769,40.3198629729672],[-73.9948283901626,40.3198346409279],[-73.9948599108746,40.3197823460699],[-73.9948666837717,40.3197060857059],[-73.9948870730926,40.3194774454158],[-73.9948750541551,40.3194202103796],[-73.9948257025986,40.3193627843996],[-73.9947636922778,40.3193243555589],[-73.994707815759,40.3193003108112],[-73.9946331478941,40.3192952354926],[-73.9945771292675,40.3192949907582],[-73.9945084882065,40.3193137423875],[-73.9944335715583,40.3193420197927],[-73.9941272375424,40.3195074512141],[-73.9940895476747,40.3195502214932],[-73.994064231816,40.3196072933314],[-73.994062832618,40.3198522688311]]}},{"type":"Feature","id":65436,"properties":{"OBJECTID":65436,"PRIMENAME":"Roosevelt Avenue","ELEVTYP_F":0,"ELEVTYP_T":0},"geometry":{"type":"LineString","coordinates":[[-74.0141957652963,40.2604074958809],[-74.0130824805478,40.2605444985735]]}},{"type":"Feature","id":65528,"properties":{"OBJECTID":65528,"PRIMENAME":"Riddle Avenue","ELEVTYP_F":0,"ELEVTYP_T":0},"geometry":{"type":"LineString","coordinates":[[-73.9905520712666,40.3262880783066],[-73.9907144218598,40.3266111802541],[-73.9904564199961,40.3266801815586]]}},{"type":"Feature","id":65594,"properties":{"OBJECTID":65594,"PRIMENAME":"Norwood Avenue","ELEVTYP_F":0,"ELEVTYP_T":0},"geometry":{"type":"LineString","coordinates":[[-74.000267157574,40.2636962132279],[-74.0003164058397,40.2638622569206]]}},{"type":"Feature","id":65880,"properties":{"OBJECTID":65880,"PRIMENAME":"Bath Avenue","ELEVTYP_F":0,"ELEVTYP_T":0},"geometry":{"type":"LineString","coordinates":[[-73.9849099032238,40.2927467253545],[-73.9845430375379,40.2928441990577]]}},{"type":"Feature","id":65993,"properties":{"OBJECTID":65993,"PRIMENAME":"Norwood Avenue","ELEVTYP_F":0,"ELEVTYP_T":0},"geometry":{"type":"LineString","coordinates":[[-74.0024241458285,40.2858654597194],[-74.0025805081789,40.2866726495142],[-74.002634508967,40.286944520641],[-74.0026583732793,40.2870876218691],[-74.0026639125196,40.287182959795],[-74.0026442936341,40.2873115437094],[-74.0025979686662,40.2874284546473],[-74.0025047742346,40.2876636485251],[-74.0022702306214,40.2882440768162],[-74.00218151348,40.2884629552963],[-74.0021239125787,40.2886771643814],[-74.0020342841934,40.2890199019965],[-74.0019506135531,40.2893960760256],[-74.0018669770289,40.2897674739188],[-74.0017580053629,40.2902006928587],[-74.0017358605724,40.2903017865582]]}},{"type":"Feature","id":66043,"properties":{"OBJECTID":66043,"PRIMENAME":"Wilson Avenue","ELEVTYP_F":0,"ELEVTYP_T":0},"geometry":{"type":"LineString","coordinates":[[-74.0030118696616,40.2607285800048],[-74.0030376300493,40.2605688975599],[-74.0030526701852,40.2604756722872]]}},{"type":"Feature","id":66153,"properties":{"OBJECTID":66153,"PRIMENAME":"7th Avenue","ELEVTYP_F":0,"ELEVTYP_T":0},"geometry":{"type":"LineString","coordinates":[[-73.9942890970977,40.3039645668971],[-73.9947278937678,40.3045679040533],[-73.9947972801998,40.3046635749193]]}},{"type":"Feature","id":66199,"properties":{"OBJECTID":66199,"PRIMENAME":"Patten Avenue","ELEVTYP_F":0,"ELEVTYP_T":0},"geometry":{"type":"LineString","coordinates":[[-73.9920944866414,40.3256281205974],[-73.9922014050155,40.3258993075175]]}},{"type":"Feature","id":66390,"properties":{"OBJECTID":66390,"PRIMENAME":"Morford Avenue","ELEVTYP_F":0,"ELEVTYP_T":0},"geometry":{"type":"LineString","coordinates":[[-74.0025953179493,40.2977960995216],[-74.0026835654952,40.2977846199178],[-74.0041566289843,40.2975928480735]]}},{"type":"Feature","id":66465,"properties":{"OBJECTID":66465,"PRIMENAME":"Broadway","ELEVTYP_F":0,"ELEVTYP_T":0},"geometry":{"type":"LineString","coordinates":[[-73.9894542855142,40.3041663248589],[-73.9888285085295,40.3042248072006]]}},{"type":"Feature","id":66609,"properties":{"OBJECTID":66609,"PRIMENAME":"Unnamed Segment","ELEVTYP_F":0,"ELEVTYP_T":0},"geometry":{"type":"LineString","coordinates":[[-73.9847174763035,40.2812458007983],[-73.9848984164369,40.2812461723233],[-73.9857814160946,40.2811701725625],[-73.9858214171077,40.2811911726895],[-73.9858424160844,40.2812151722274],[-73.9858354032302,40.2816144775937]]}},{"type":"Feature","id":66614,"properties":{"OBJECTID":66614,"PRIMENAME":"Ocean Avenue","ELEVTYP_F":0,"ELEVTYP_T":0},"geometry":{"type":"LineString","coordinates":[[-73.9811070921616,40.2902738658493],[-73.9811374143546,40.290079174034],[-73.9812634152282,40.2894071738421]]}},{"type":"Feature","id":66783,"properties":{"OBJECTID":66783,"PRIMENAME":"FR BRANCHPORT AVE TO CO 29 EB","ELEVTYP_F":0,"ELEVTYP_T":0},"geometry":{"type":"LineString","coordinates":[[-74.0050616575456,40.3097436672639],[-74.0050235207042,40.3098443631921],[-74.0049925718878,40.3099921428456],[-74.0049647684229,40.3101459469253],[-74.0049637229,40.3101569982135],[-74.0049617132464,40.3101679711207],[-74.0049587484793,40.3101788164086],[-74.004954841902,40.3101894854113],[-74.0049500110441,40.3101999302541],[-74.0049442775825,40.3102101040681],[-74.0049376672444,40.3102199612006],[-74.0049302096919,40.3102294574197],[-74.0049219383889,40.3102385501132],[-74.0049128904508,40.3102471984797],[-74.0049031064779,40.3102553637113],[-74.0048926303735,40.3102630091684],[-74.0048815091468,40.3102701005436],[-74.0048697927018,40.3102766060157],[-74.0048575336134,40.3102824963928],[-74.0048447868917,40.3102877452431]]}},{"type":"Feature","id":66853,"properties":{"OBJECTID":66853,"PRIMENAME":"Seaview Avenue","ELEVTYP_F":0,"ELEVTYP_T":0},"geometry":{"type":"LineString","coordinates":[[-73.9862647412257,40.3105990468586],[-73.9853897804895,40.3110214042185],[-73.9852873854353,40.3110708306037],[-73.985236718458,40.3110939942932],[-73.9851808347711,40.3111193305441],[-73.9851362054999,40.3111361525216],[-73.9851016038148,40.3111433433695],[-73.985086029281,40.3111465803567],[-73.9849969752937,40.3111483257118],[-73.9846881517089,40.3111384123068],[-73.9839202834799,40.3111094315166],[-73.9838289676674,40.3111067733855]]}},{"type":"Feature","id":66892,"properties":{"OBJECTID":66892,"PRIMENAME":"Willow Avenue","ELEVTYP_F":0,"ELEVTYP_T":0},"geometry":{"type":"LineString","coordinates":[[-73.995239788279,40.2989113565591],[-73.9940776668528,40.2982715609665],[-73.9940722674685,40.2982696982125]]}},{"type":"Feature","id":66984,"properties":{"OBJECTID":66984,"PRIMENAME":"South 5th Avenue","ELEVTYP_F":0,"ELEVTYP_T":0},"geometry":{"type":"LineString","coordinates":[[-73.9903216902452,40.3005808427428],[-73.9903484571858,40.3007746956542],[-73.9903935731756,40.301101406076],[-73.9904773946803,40.3019925954885]]}},{"type":"Feature","id":67178,"properties":{"OBJECTID":67178,"PRIMENAME":"7th Avenue","ELEVTYP_F":0,"ELEVTYP_T":0},"geometry":{"type":"LineString","coordinates":[[-73.9968383301518,40.3074983583328],[-73.9968987485661,40.3075808681336]]}},{"type":"Feature","id":67873,"properties":{"OBJECTID":67873,"PRIMENAME":"Eastwood Avenue","ELEVTYP_F":0,"ELEVTYP_T":0},"geometry":{"type":"LineString","coordinates":[[-73.9899594701961,40.3109257402567],[-73.989899707817,40.3108568467956],[-73.9894059354447,40.3102875364255],[-73.9893941616499,40.3102652760895],[-73.9893924485632,40.3102404518578],[-73.9893941346953,40.3102333936547]]}},{"type":"Feature","id":67962,"properties":{"OBJECTID":67962,"PRIMENAME":"Oakley Avenue","ELEVTYP_F":0,"ELEVTYP_T":0},"geometry":{"type":"LineString","coordinates":[[-73.9997183143761,40.2796474298459],[-73.9996795790089,40.279658948436],[-73.999602105897,40.2796819837656],[-73.9981200785382,40.2798233130389],[-73.9979207254683,40.2798462769647],[-73.9977339876699,40.2798549919145],[-73.9967631245744,40.2798650760242],[-73.9966491691135,40.2798662555845]]}},{"type":"Feature","id":67999,"properties":{"OBJECTID":67999,"PRIMENAME":"West End Avenue","ELEVTYP_F":0,"ELEVTYP_T":0},"geometry":{"type":"LineString","coordinates":[[-73.9940007339079,40.2880757233968],[-73.9934247759424,40.2877573112815],[-73.9933024640541,40.2876899566863]]}},{"type":"Feature","id":68236,"properties":{"OBJECTID":68236,"PRIMENAME":"Victor Avenue","ELEVTYP_F":0,"ELEVTYP_T":0},"geometry":{"type":"LineString","coordinates":[[-74.0133286202854,40.3040374948558],[-74.0132499042253,40.3039541212952],[-74.0121128377587,40.3027864335418],[-74.0120559993521,40.3027277204494]]}},{"type":"Feature","id":68399,"properties":{"OBJECTID":68399,"PRIMENAME":"Tocci Avenue","ELEVTYP_F":0,"ELEVTYP_T":0},"geometry":{"type":"LineString","coordinates":[[-73.9865041012511,40.330202014061],[-73.9864930831845,40.3300786351754],[-73.9864917021363,40.3300631891555],[-73.9864338386617,40.3292593590745]]}},{"type":"Feature","id":68471,"properties":{"OBJECTID":68471,"PRIMENAME":"Hoey Avenue","ELEVTYP_F":0,"ELEVTYP_T":0},"geometry":{"type":"LineString","coordinates":[[-73.9933925435209,40.2795998390053],[-73.9933659052788,40.2800520251385]]}},{"type":"Feature","id":68560,"properties":{"OBJECTID":68560,"PRIMENAME":"Hendrickson Avenue","ELEVTYP_F":0,"ELEVTYP_T":0},"geometry":{"type":"LineString","coordinates":[[-73.9988015697396,40.3069110337799],[-73.9979116484379,40.307177302626]]}},{"type":"Feature","id":68741,"properties":{"OBJECTID":68741,"PRIMENAME":"Riverdale Avenue","ELEVTYP_F":0,"ELEVTYP_T":0},"geometry":{"type":"LineString","coordinates":[[-73.9786935500234,40.3246481097077],[-73.9786420619464,40.324546342509]]}},{"type":"Feature","id":68977,"properties":{"OBJECTID":68977,"PRIMENAME":"Sagamore Avenue","ELEVTYP_F":0,"ELEVTYP_T":0},"geometry":{"type":"LineString","coordinates":[[-74.0052755243946,40.3204508750388],[-74.0055095605388,40.3204830608445],[-74.0066502560232,40.3206399337796],[-74.0077996432027,40.320795815613],[-74.0098027954682,40.3210726919987],[-74.0107988905509,40.3212110944603],[-74.0122219289114,40.3214100084463],[-74.0123432472352,40.3214269631802]]}},{"type":"Feature","id":68988,"properties":{"OBJECTID":68988,"PRIMENAME":"Adams Avenue","ELEVTYP_F":0,"ELEVTYP_T":0},"geometry":{"type":"LineString","coordinates":[[-74.0099597696347,40.2663458470181],[-74.0099584759613,40.2664109036408],[-74.0099486300882,40.266911261333]]}},{"type":"Feature","id":69467,"properties":{"OBJECTID":69467,"PRIMENAME":"Colonial Drive","ELEVTYP_F":0,"ELEVTYP_T":0},"geometry":{"type":"LineString","coordinates":[[-73.9859182683722,40.3219615433573],[-73.9858027743032,40.3219717631407],[-73.9849710595205,40.322045341113],[-73.9849230644295,40.3220414482501]]}},{"type":"Feature","id":69471,"properties":{"OBJECTID":69471,"PRIMENAME":"Tower Road","ELEVTYP_F":0,"ELEVTYP_T":0},"geometry":{"type":"LineString","coordinates":[[-73.9833301690599,40.2911846803174],[-73.9834572105782,40.2911761301923],[-73.9835693755934,40.2911804496875]]}},{"type":"Feature","id":69790,"properties":{"OBJECTID":69790,"PRIMENAME":"Birnie Way","ELEVTYP_F":0,"ELEVTYP_T":0},"geometry":{"type":"LineString","coordinates":[[-73.9951125822534,40.2886939438828],[-73.9950353366852,40.2887747282658],[-73.9946087889324,40.2892208844156]]}},{"type":"Feature","id":69818,"properties":{"OBJECTID":69818,"PRIMENAME":"Oceanport Avenue","ELEVTYP_F":0,"ELEVTYP_T":0},"geometry":{"type":"LineString","coordinates":[[-74.0103674588577,40.2992394678763],[-74.0113510748207,40.3002645159103],[-74.0117403201356,40.3006664926767],[-74.011751282164,40.3006777944593]]}},{"type":"Feature","id":69875,"properties":{"OBJECTID":69875,"PRIMENAME":"Florence Avenue","ELEVTYP_F":0,"ELEVTYP_T":0},"geometry":{"type":"LineString","coordinates":[[-73.9857729992671,40.3130995541142],[-73.9858195502421,40.3131464293793],[-73.9860394928659,40.3133678466127]]}},{"type":"Feature","id":70050,"properties":{"OBJECTID":70050,"PRIMENAME":"Centenial Avenue","ELEVTYP_F":0,"ELEVTYP_T":0},"geometry":{"type":"LineString","coordinates":[[-74.0075985810623,40.3143336322578],[-74.007676909543,40.314308078081],[-74.0091100723694,40.3138403459397]]}},{"type":"Feature","id":70145,"properties":{"OBJECTID":70145,"PRIMENAME":"Ocean Avenue","ELEVTYP_F":0,"ELEVTYP_T":0},"geometry":{"type":"LineString","coordinates":[[-73.98082787437,40.2916731662634],[-73.9807196500555,40.2921032664913],[-73.9802566409001,40.2939664220008]]}},{"type":"Feature","id":70146,"properties":{"OBJECTID":70146,"PRIMENAME":"Morris Avenue","ELEVTYP_F":0,"ELEVTYP_T":0},"geometry":{"type":"LineString","coordinates":[[-73.9801903384056,40.2989649322874],[-73.9791819386582,40.299139604643],[-73.9790405575998,40.2991641144645]]}},{"type":"Feature","id":70164,"properties":{"OBJECTID":70164,"PRIMENAME":"Victor Avenue","ELEVTYP_F":0,"ELEVTYP_T":0},"geometry":{"type":"LineString","coordinates":[[-74.011365326219,40.3020139614651],[-74.0112345925515,40.3018774486654],[-74.0107164991024,40.3013364466133],[-74.010671763243,40.3012902473138]]}},{"type":"Feature","id":70383,"properties":{"OBJECTID":70383,"PRIMENAME":"River Lane","ELEVTYP_F":0,"ELEVTYP_T":0},"geometry":{"type":"LineString","coordinates":[[-74.0023532637966,40.311542154712],[-74.0024843542173,40.3117494055639],[-74.0024980984376,40.3117970111956],[-74.0024864055733,40.3118509588343],[-74.0024579507202,40.3118875949295],[-74.0023585374517,40.3119620289516],[-74.0022084805521,40.3120471708398],[-74.0021629652092,40.3120678665959],[-74.0021205358523,40.3120784720578],[-74.0020753730608,40.3120804743833],[-74.0020245911048,40.3120759182455],[-74.0019823837389,40.3120563004037],[-74.0019403353118,40.3120150512785],[-74.0018483318362,40.3118568881612],[-74.0018401870578,40.3118136162037],[-74.0018517683153,40.3117747667454],[-74.0018830291565,40.3117468179985],[-74.0019029300437,40.3117274396097],[-74.001959600109,40.3117017419989],[-74.0023532637966,40.311542154712]]}},{"type":"Feature","id":70751,"properties":{"OBJECTID":70751,"PRIMENAME":"Cypress Street","ELEVTYP_F":0,"ELEVTYP_T":0},"geometry":{"type":"LineString","coordinates":[[-74.0053435722792,40.3011430389951],[-74.0054290363091,40.3011301998267],[-74.0056509349872,40.3010967745872],[-74.0064136508809,40.3009818809918],[-74.0064800549411,40.300971869754]]}},{"type":"Feature","id":70786,"properties":{"OBJECTID":70786,"PRIMENAME":"Port Au Peck Avenue","ELEVTYP_F":0,"ELEVTYP_T":0},"geometry":{"type":"LineString","coordinates":[[-74.0042204393998,40.3249034365372],[-74.0040834618283,40.3254768703206],[-74.0040592841008,40.3255800959763]]}},{"type":"Feature","id":70996,"properties":{"OBJECTID":70996,"PRIMENAME":"Jerome Avenue","ELEVTYP_F":0,"ELEVTYP_T":0},"geometry":{"type":"LineString","coordinates":[[-73.9951355603894,40.2605542864449],[-73.9965881698626,40.2608548759536],[-73.9976255080374,40.2610690638556],[-73.9978802127503,40.2611273803698],[-73.998072710565,40.2611615697458],[-73.9982529865842,40.2611862074118],[-73.9984457679032,40.2611965415189],[-73.998838622467,40.2612195469491]]}},{"type":"Feature","id":71118,"properties":{"OBJECTID":71118,"PRIMENAME":"Clifton Avenue","ELEVTYP_F":0,"ELEVTYP_T":0},"geometry":{"type":"LineString","coordinates":[[-73.9810328132147,40.3156880851574],[-73.9810426859322,40.3161551432574]]}},{"type":"Feature","id":71258,"properties":{"OBJECTID":71258,"PRIMENAME":"Long Branch Avenue","ELEVTYP_F":0,"ELEVTYP_T":0},"geometry":{"type":"LineString","coordinates":[[-73.9838289676674,40.3111067733855],[-73.9839736754376,40.3116282392204],[-73.9840275827495,40.3119096976256],[-73.9840814919589,40.3121863257863],[-73.9840979199197,40.3122707310153]]}},{"type":"Feature","id":71354,"properties":{"OBJECTID":71354,"PRIMENAME":"Mohawk Avenue","ELEVTYP_F":0,"ELEVTYP_T":0},"geometry":{"type":"LineString","coordinates":[[-74.0093961898855,40.3236191457039],[-74.0088939090937,40.3238521680222],[-74.0076628999782,40.3244426712085]]}},{"type":"Feature","id":71376,"properties":{"OBJECTID":71376,"PRIMENAME":"Brighton Avenue","ELEVTYP_F":0,"ELEVTYP_T":0},"geometry":{"type":"LineString","coordinates":[[-73.9953839284493,40.2867595600074],[-73.994647252517,40.2863667969231],[-73.99454781267,40.2863138739207]]}},{"type":"Feature","id":71481,"properties":{"OBJECTID":71481,"PRIMENAME":"The Trail","ELEVTYP_F":0,"ELEVTYP_T":0},"geometry":{"type":"LineString","coordinates":[[-73.9777463536218,40.3167940807062],[-73.9783358080301,40.3135591780496]]}},{"type":"Feature","id":71635,"properties":{"OBJECTID":71635,"PRIMENAME":"Norwood Avenue","ELEVTYP_F":0,"ELEVTYP_T":0},"geometry":{"type":"LineString","coordinates":[[-74.0029041293984,40.2749881100243],[-74.0029142940794,40.2750572767672],[-74.002949860373,40.2753005190117],[-74.0029674340938,40.2754506753365],[-74.002975915217,40.2755651056878],[-74.0029798399804,40.2756652130599],[-74.0029791596239,40.2757581358875],[-74.0029782959639,40.2758760936133],[-74.0029681669959,40.275986874697],[-74.00294847472,40.2761261926849],[-74.0028985401174,40.2764156849224]]}},{"type":"Feature","id":71646,"properties":{"OBJECTID":71646,"PRIMENAME":"Comanche Drive","ELEVTYP_F":0,"ELEVTYP_T":0},"geometry":{"type":"LineString","coordinates":[[-74.0025445043193,40.3186187654834],[-74.0033372960827,40.3181810185194],[-74.0047454128529,40.317411260895],[-74.0051397567589,40.3171918223098]]}},{"type":"Feature","id":71878,"properties":{"OBJECTID":71878,"PRIMENAME":"Woodgate Avenue","ELEVTYP_F":0,"ELEVTYP_T":0},"geometry":{"type":"LineString","coordinates":[[-73.9964280912048,40.2735943581539],[-73.9964049296907,40.2727741219806]]}},{"type":"Feature","id":72043,"properties":{"OBJECTID":72043,"PRIMENAME":"Jerome Avenue","ELEVTYP_F":0,"ELEVTYP_T":0},"geometry":{"type":"LineString","coordinates":[[-74.0055820350913,40.2618154991064],[-74.0049342933536,40.2617473659389],[-74.0028786957811,40.2615531961166]]}},{"type":"Feature","id":72062,"properties":{"OBJECTID":72062,"PRIMENAME":"Prospect Street","ELEVTYP_F":0,"ELEVTYP_T":0},"geometry":{"type":"LineString","coordinates":[[-73.9946007363483,40.2976838189194],[-73.9944529750599,40.2978488466741]]}},{"type":"Feature","id":72227,"properties":{"OBJECTID":72227,"PRIMENAME":"Unnamed Segment","ELEVTYP_F":0,"ELEVTYP_T":0},"geometry":{"type":"LineString","coordinates":[[-73.9946290181506,40.2969698170701],[-73.9949334194961,40.2966081757119]]}},{"type":"Feature","id":72265,"properties":{"OBJECTID":72265,"PRIMENAME":"Ocean Avenue","ELEVTYP_F":0,"ELEVTYP_T":0},"geometry":{"type":"LineString","coordinates":[[-73.9830428337123,40.2846565920221],[-73.9828550200593,40.2846719393955]]}},{"type":"Feature","id":72500,"properties":{"OBJECTID":72500,"PRIMENAME":"West Avenue","ELEVTYP_F":0,"ELEVTYP_T":0},"geometry":{"type":"LineString","coordinates":[[-73.9891570032686,40.2962256204533],[-73.9891663439096,40.2949852654557],[-73.9891723559786,40.2941868746684]]}},{"type":"Feature","id":72515,"properties":{"OBJECTID":72515,"PRIMENAME":"Tower Road","ELEVTYP_F":0,"ELEVTYP_T":0},"geometry":{"type":"LineString","coordinates":[[-73.9827724367509,40.2917818351619],[-73.9828041444601,40.2918070890651],[-73.9828150550824,40.2918169090809],[-73.982823938746,40.291827862971],[-73.9828305997338,40.2918397039811],[-73.9828348847721,40.291852172037],[-73.9828367054048,40.2918649902412],[-73.9828360179238,40.2918778746912],[-73.9828076892212,40.2919961216114]]}},{"type":"Feature","id":72871,"properties":{"OBJECTID":72871,"PRIMENAME":"Ocean Avenue","ELEVTYP_F":0,"ELEVTYP_T":0},"geometry":{"type":"LineString","coordinates":[[-73.9843664275519,40.283456228266],[-73.9843521758306,40.2835487057528],[-73.9843491341282,40.2835704377288],[-73.9842995268174,40.2839249775367],[-73.9842908894122,40.2839601827577],[-73.9842609818846,40.2840820789463],[-73.9842513196194,40.2841034211434]]}},{"type":"Feature","id":72948,"properties":{"OBJECTID":72948,"PRIMENAME":"Atlantic Avenue","ELEVTYP_F":0,"ELEVTYP_T":0},"geometry":{"type":"LineString","coordinates":[[-73.9956504384434,40.31339155733],[-73.9950831659802,40.3136055733984],[-73.9947898004649,40.3137091316174],[-73.9946648668768,40.3137657685684],[-73.9946402362933,40.3137794139838]]}},{"type":"Feature","id":73758,"properties":{"OBJECTID":73758,"PRIMENAME":"West Columbus Place","ELEVTYP_F":0,"ELEVTYP_T":0},"geometry":{"type":"LineString","coordinates":[[-73.9954702714454,40.3055941999467],[-73.9955671746246,40.3055533075756],[-73.9976591640194,40.304671205621]]}},{"type":"Feature","id":73829,"properties":{"OBJECTID":73829,"PRIMENAME":"Oakhurst Road","ELEVTYP_F":0,"ELEVTYP_T":0},"geometry":{"type":"LineString","coordinates":[[-74.0137552038021,40.2623682103273],[-74.0135440827633,40.2617957932713],[-74.0132082329016,40.260912668787],[-74.0131045747136,40.2606215127511],[-74.0130824805478,40.2605444985735]]}},{"type":"Feature","id":73888,"properties":{"OBJECTID":73888,"PRIMENAME":"Larchwood Avenue","ELEVTYP_F":0,"ELEVTYP_T":0},"geometry":{"type":"LineString","coordinates":[[-74.0113238267067,40.2824410376616],[-74.011170940757,40.2816358505729],[-74.0109481352964,40.2806054519338],[-74.0108107428924,40.2799345434174]]}},{"type":"Feature","id":74144,"properties":{"OBJECTID":74144,"PRIMENAME":"Chelton Way","ELEVTYP_F":0,"ELEVTYP_T":0},"geometry":{"type":"LineString","coordinates":[[-73.9884295982999,40.3157982261132],[-73.9885314638601,40.3157391603481],[-73.9887320960719,40.3156227999487],[-73.9887688829652,40.3156000678721],[-73.9887891263736,40.3155644697758],[-73.9887927500662,40.3155262718979],[-73.9887863685909,40.315488003688],[-73.9887765360978,40.315465037667],[-73.988756770027,40.3154420277464],[-73.9887203117667,40.3154163636745],[-73.9886573002954,40.3153880567889],[-73.988467962494,40.315333715425],[-73.9884213066089,40.3153335091145],[-73.9883714246384,40.3153332885175],[-73.9883213928488,40.3153432518432],[-73.9882612349542,40.3153786733019],[-73.9881508367481,40.3154469796287],[-73.9881113470818,40.315471429708]]}},{"type":"Feature","id":74291,"properties":{"OBJECTID":74291,"PRIMENAME":"Brighton Avenue","ELEVTYP_F":0,"ELEVTYP_T":0},"geometry":{"type":"LineString","coordinates":[[-73.9840942398478,40.2845706712349],[-73.9840072592249,40.2845777777628]]}},{"type":"Feature","id":74308,"properties":{"OBJECTID":74308,"PRIMENAME":"Joline Avenue","ELEVTYP_F":0,"ELEVTYP_T":0},"geometry":{"type":"LineString","coordinates":[[-73.9947220730047,40.3091891037938],[-73.9947126198046,40.309191972526],[-73.9942148450188,40.309343062009],[-73.9937126073547,40.3094910828922]]}},{"type":"Feature","id":74416,"properties":{"OBJECTID":74416,"PRIMENAME":"Jerome Avenue","ELEVTYP_F":0,"ELEVTYP_T":0},"geometry":{"type":"LineString","coordinates":[[-73.998838622467,40.2612195469491],[-73.9990614123533,40.2612325903887],[-73.9996957627374,40.2612639127181],[-73.9997774474723,40.2612709910985]]}},{"type":"Feature","id":74463,"properties":{"OBJECTID":74463,"PRIMENAME":"Berger Avenue","ELEVTYP_F":0,"ELEVTYP_T":0},"geometry":{"type":"LineString","coordinates":[[-74.0090832290303,40.2635522947227],[-74.0080891409602,40.2636151114159]]}},{"type":"Feature","id":74471,"properties":{"OBJECTID":74471,"PRIMENAME":"Garrett Drive","ELEVTYP_F":0,"ELEVTYP_T":0},"geometry":{"type":"LineString","coordinates":[[-73.9986928349415,40.2922804357277],[-73.9978947972872,40.2923675292718]]}},{"type":"Feature","id":74473,"properties":{"OBJECTID":74473,"PRIMENAME":"Brown Road","ELEVTYP_F":0,"ELEVTYP_T":0},"geometry":{"type":"LineString","coordinates":[[-73.9829571807626,40.2864742337508],[-73.9824930331389,40.2864823127312],[-73.9818678934853,40.2864931897028],[-73.9817828524648,40.2864946759175]]}},{"type":"Feature","id":74562,"properties":{"OBJECTID":74562,"PRIMENAME":"Patten Avenue","ELEVTYP_F":0,"ELEVTYP_T":0},"geometry":{"type":"LineString","coordinates":[[-73.9914753392257,40.3240792384962],[-73.9914811631452,40.3240944157957],[-73.9915625341344,40.3242961542368],[-73.9916194407332,40.3244372395591]]}},{"type":"Feature","id":74680,"properties":{"OBJECTID":74680,"PRIMENAME":"Jim Lynch Drive","ELEVTYP_F":0,"ELEVTYP_T":0},"geometry":{"type":"LineString","coordinates":[[-73.9929990050298,40.2733631425917],[-73.9928562485204,40.2736600721866],[-73.9928369263819,40.273700259682],[-73.9925518635103,40.2741734117591],[-73.9922852008246,40.2746969637785]]}},{"type":"Feature","id":74834,"properties":{"OBJECTID":74834,"PRIMENAME":"Garfield Terrace","ELEVTYP_F":0,"ELEVTYP_T":0},"geometry":{"type":"LineString","coordinates":[[-73.9877259155645,40.2637374624559],[-73.9877136901372,40.2637395690253],[-73.9876900838141,40.2637574453542],[-73.9876659127266,40.2638453502284],[-73.9875550695691,40.2642211753231]]}},{"type":"Feature","id":74912,"properties":{"OBJECTID":74912,"PRIMENAME":"Unnamed Segment","ELEVTYP_F":0,"ELEVTYP_T":0},"geometry":{"type":"LineString","coordinates":[[-74.0072994951391,40.2992620211736],[-74.0073848693366,40.2992464349636],[-74.0079208765663,40.2991486537572]]}},{"type":"Feature","id":74989,"properties":{"OBJECTID":74989,"PRIMENAME":"Port Au Peck Avenue","ELEVTYP_F":0,"ELEVTYP_T":0},"geometry":{"type":"LineString","coordinates":[[-73.9962999967789,40.3203050849983],[-73.9966675311151,40.3203324839706],[-73.9968557758398,40.3203466307548]]}},{"type":"Feature","id":74993,"properties":{"OBJECTID":74993,"PRIMENAME":"Rivergate Way","ELEVTYP_F":0,"ELEVTYP_T":0},"geometry":{"type":"LineString","coordinates":[[-73.9916194407332,40.3244372395591],[-73.9917367106956,40.324429793993],[-73.9926804207332,40.3243641809189]]}},{"type":"Feature","id":74996,"properties":{"OBJECTID":74996,"PRIMENAME":"Morris Avenue","ELEVTYP_F":0,"ELEVTYP_T":0},"geometry":{"type":"LineString","coordinates":[[-73.9809089152329,40.2988341380289],[-73.9806840529544,40.2988794677466],[-73.9801903384056,40.2989649322874]]}},{"type":"Feature","id":74999,"properties":{"OBJECTID":74999,"PRIMENAME":"Harrison Street","ELEVTYP_F":0,"ELEVTYP_T":0},"geometry":{"type":"LineString","coordinates":[[-74.0005408914807,40.3036934306298],[-74.0021686438787,40.303484920008],[-74.002287654731,40.3034696750573]]}},{"type":"Feature","id":75006,"properties":{"OBJECTID":75006,"PRIMENAME":"Nesto Terrace","ELEVTYP_F":0,"ELEVTYP_T":0},"geometry":{"type":"LineString","coordinates":[[-73.9818086999919,40.2986602268913],[-73.9818178643983,40.2987558565134],[-73.9818870110926,40.2994806261668],[-73.9818891624062,40.2995040528914],[-73.9818834131762,40.2995198390848],[-73.9818720709883,40.299535573211],[-73.981853221509,40.299548391611],[-73.9817856118974,40.2995610186351],[-73.981342573916,40.2996394134241],[-73.9812225865425,40.2996606452506]]}},{"type":"Feature","id":75043,"properties":{"OBJECTID":75043,"PRIMENAME":"Atlantic Avenue","ELEVTYP_F":0,"ELEVTYP_T":0},"geometry":{"type":"LineString","coordinates":[[-73.988191550458,40.3190127644503],[-73.9875882861139,40.319220294022],[-73.9875865601752,40.3192208889148],[-73.9875428348162,40.3192359595169]]}},{"type":"Feature","id":75117,"properties":{"OBJECTID":75117,"PRIMENAME":"Avenel Way","ELEVTYP_F":0,"ELEVTYP_T":0},"geometry":{"type":"LineString","coordinates":[[-73.9892254455399,40.3166046873525],[-73.9893009273144,40.3165631284393],[-73.9896452409969,40.3163735541844],[-73.9896853833915,40.3163482013064],[-73.9897122962747,40.3163126594929],[-73.9897225731252,40.3162719664013],[-73.989719583094,40.3162260531361],[-73.9896833138638,40.3161800209919],[-73.9895413030664,40.3160315924788],[-73.9894915587076,40.3160033445893],[-73.9894411301724,40.3159898625987],[-73.9893750861392,40.3159925909995],[-73.9893117248961,40.3160152888186],[-73.9891846685708,40.316086075943],[-73.9889573691358,40.3162099505653],[-73.9888783253063,40.3162530030168]]}},{"type":"Feature","id":75186,"properties":{"OBJECTID":75186,"PRIMENAME":"Branchport Avenue","ELEVTYP_F":0,"ELEVTYP_T":0},"geometry":{"type":"LineString","coordinates":[[-74.0051012349141,40.3093719438818],[-74.0050885606203,40.3094673682392],[-74.0050880568811,40.3094725538645]]}},{"type":"Feature","id":75440,"properties":{"OBJECTID":75440,"PRIMENAME":"Grove Street","ELEVTYP_F":0,"ELEVTYP_T":0},"geometry":{"type":"LineString","coordinates":[[-74.0044661134618,40.2985250752839],[-74.0041844468898,40.2976766690519],[-74.0041566289843,40.2975928480735]]}},{"type":"Feature","id":75441,"properties":{"OBJECTID":75441,"PRIMENAME":"Broadway","ELEVTYP_F":0,"ELEVTYP_T":0},"geometry":{"type":"LineString","coordinates":[[-73.9856817599424,40.3047758518326],[-73.9843169514369,40.304935202706],[-73.9835191909552,40.3051916149279],[-73.9833109318596,40.3052954700879]]}},{"type":"Feature","id":75442,"properties":{"OBJECTID":75442,"PRIMENAME":"Atlantic Avenue","ELEVTYP_F":0,"ELEVTYP_T":0},"geometry":{"type":"LineString","coordinates":[[-73.9792498873648,40.3205126413951],[-73.9789309056453,40.3205311076859],[-73.9787713418346,40.3205404086223]]}},{"type":"Feature","id":75574,"properties":{"OBJECTID":75574,"PRIMENAME":"South Lincoln Avenue","ELEVTYP_F":0,"ELEVTYP_T":0},"geometry":{"type":"LineString","coordinates":[[-74.0058863976265,40.2653781826623],[-74.0056980096158,40.2653680445247],[-74.0053186225339,40.2653521207814],[-74.0047404154568,40.2652972415851],[-74.0039757562555,40.2652177036616],[-74.0035592400332,40.2651730099307],[-74.0034102310696,40.2651342662187],[-74.0029262481516,40.2649558348109],[-74.002694067892,40.2648727832201]]}},{"type":"Feature","id":75580,"properties":{"OBJECTID":75580,"PRIMENAME":"Van Court Avenue","ELEVTYP_F":0,"ELEVTYP_T":0},"geometry":{"type":"LineString","coordinates":[[-73.9992744015597,40.2769885209737],[-73.9992239979246,40.2766646565344],[-73.9991963459486,40.2764869885998],[-73.9991887648443,40.2764214822151]]}},{"type":"Feature","id":75640,"properties":{"OBJECTID":75640,"PRIMENAME":"Durand Place","ELEVTYP_F":0,"ELEVTYP_T":0},"geometry":{"type":"LineString","coordinates":[[-73.9826779048303,40.3154993916602],[-73.9825453117486,40.315514803289],[-73.9812428840312,40.3156662425884],[-73.9811245398914,40.3156752101513],[-73.9810328132147,40.3156880851574]]}},{"type":"Feature","id":75835,"properties":{"OBJECTID":75835,"PRIMENAME":"Myrtle Avenue","ELEVTYP_F":0,"ELEVTYP_T":0},"geometry":{"type":"LineString","coordinates":[[-74.0104860377752,40.3053754992166],[-74.0106004255917,40.3056161757824]]}},{"type":"Feature","id":75924,"properties":{"OBJECTID":75924,"PRIMENAME":"Beatty Lane","ELEVTYP_F":0,"ELEVTYP_T":0},"geometry":{"type":"LineString","coordinates":[[-73.9934950774296,40.2922227651784],[-73.992827972679,40.2918658560474],[-73.9927192653882,40.2918076940868]]}},{"type":"Feature","id":75934,"properties":{"OBJECTID":75934,"PRIMENAME":"Patten Avenue","ELEVTYP_F":0,"ELEVTYP_T":0},"geometry":{"type":"LineString","coordinates":[[-73.9914786823571,40.3229666295888],[-73.9913743409312,40.3233933437931],[-73.9913532628141,40.3235166550997]]}},{"type":"Feature","id":75935,"properties":{"OBJECTID":75935,"PRIMENAME":"Overton Place","ELEVTYP_F":0,"ELEVTYP_T":0},"geometry":{"type":"LineString","coordinates":[[-74.0003414438155,40.2939710928059],[-74.0003027253316,40.2939758666031],[-74.0002280146013,40.2939755439084],[-74.0001411444952,40.2939418145436],[-73.9997320977286,40.2937017341359],[-73.9996020590542,40.2936201611522],[-73.999564808367,40.2936008934653],[-73.9995399989206,40.2935912869076]]}},{"type":"Feature","id":76049,"properties":{"OBJECTID":76049,"PRIMENAME":"West End Avenue","ELEVTYP_F":0,"ELEVTYP_T":0},"geometry":{"type":"LineString","coordinates":[[-74.0015548597907,40.2913264812122],[-74.0014582611497,40.2913047076928],[-74.0002714543465,40.2910375023238],[-73.9995384311807,40.2908781587985]]}},{"type":"Feature","id":76093,"properties":{"OBJECTID":76093,"PRIMENAME":"Myrtle Avenue","ELEVTYP_F":0,"ELEVTYP_T":0},"geometry":{"type":"LineString","coordinates":[[-74.0087882780276,40.3026351597486],[-74.0092723649872,40.3034180894432],[-74.0095256221305,40.3038337449585]]}},{"type":"Feature","id":76133,"properties":{"OBJECTID":76133,"PRIMENAME":"Rockwell Avenue","ELEVTYP_F":0,"ELEVTYP_T":0},"geometry":{"type":"LineString","coordinates":[[-73.9893020131842,40.3062979645152],[-73.9891809369405,40.3057772414205]]}},{"type":"Feature","id":76143,"properties":{"OBJECTID":76143,"PRIMENAME":"Cedar Avenue","ELEVTYP_F":0,"ELEVTYP_T":0},"geometry":{"type":"LineString","coordinates":[[-74.0077867570047,40.2818261511539],[-74.0079005789141,40.2818451195492],[-74.0080684517936,40.2818739051765]]}},{"type":"Feature","id":76157,"properties":{"OBJECTID":76157,"PRIMENAME":"3rd Avenue","ELEVTYP_F":0,"ELEVTYP_T":0},"geometry":{"type":"LineString","coordinates":[[-73.9875538902614,40.2933691160744],[-73.9875519611871,40.2928191546734],[-73.9875504750449,40.2923989656711]]}},{"type":"Feature","id":76220,"properties":{"OBJECTID":76220,"PRIMENAME":"Shrewsbury Avenue","ELEVTYP_F":0,"ELEVTYP_T":0},"geometry":{"type":"LineString","coordinates":[[-74.0084614228089,40.3186997858427],[-74.0081820435567,40.318679766627],[-74.0080178404508,40.3186622946163],[-74.0078043210813,40.318640412804],[-74.0076182973762,40.3186103030624],[-74.0074759654437,40.3185886965971],[-74.0073228295053,40.3185586975753],[-74.0071586773054,40.3185244246454],[-74.0069618690728,40.3184732943512],[-74.0068252130206,40.3184307647434],[-74.0066667379784,40.3183755696862],[-74.006524722659,40.3183204437251],[-74.0063881903119,40.3182611691512],[-74.006218925083,40.3181807811516],[-74.0060661806759,40.3180920900545],[-74.0059516835714,40.3180160812081],[-74.0058653440001,40.3179346742108]]}},{"type":"Feature","id":76264,"properties":{"OBJECTID":76264,"PRIMENAME":"Griffin Street","ELEVTYP_F":0,"ELEVTYP_T":0},"geometry":{"type":"LineString","coordinates":[[-73.9823620220012,40.3295260781352],[-73.9836644453906,40.3292546898167],[-73.9836716194945,40.3292546668992]]}},{"type":"Feature","id":76313,"properties":{"OBJECTID":76313,"PRIMENAME":"Union Avenue","ELEVTYP_F":0,"ELEVTYP_T":0},"geometry":{"type":"LineString","coordinates":[[-73.9835466698634,40.3059197111669],[-73.9835597472559,40.3059587517534],[-73.983587513925,40.3059759512431],[-73.9836181810331,40.3059889080709],[-73.9836627696005,40.3059912479413],[-73.9841125293358,40.3059441433828],[-73.9852343902953,40.305827143004],[-73.9858199958882,40.3057677883005],[-73.9859491763462,40.3057460161723]]}},{"type":"Feature","id":76518,"properties":{"OBJECTID":76518,"PRIMENAME":"Atlantic Avenue","ELEVTYP_F":0,"ELEVTYP_T":0},"geometry":{"type":"LineString","coordinates":[[-73.9787713418346,40.3205404086223],[-73.9783396545706,40.3205655850501]]}},{"type":"Feature","id":76796,"properties":{"OBJECTID":76796,"PRIMENAME":"Joline Avenue","ELEVTYP_F":0,"ELEVTYP_T":0},"geometry":{"type":"LineString","coordinates":[[-73.988595930637,40.3116385519981],[-73.9883414106325,40.3117693339115],[-73.9876401012427,40.3121376405847],[-73.9875584803005,40.3121805042292],[-73.9869444263216,40.3124994922452],[-73.9869193410138,40.3125122936895],[-73.9867108901401,40.3126186658866],[-73.9863819257541,40.3127865335583],[-73.9860256217613,40.312974397664],[-73.98599665352,40.3129887496963]]}},{"type":"Feature","id":76846,"properties":{"OBJECTID":76846,"PRIMENAME":"Margaret Place","ELEVTYP_F":0,"ELEVTYP_T":0},"geometry":{"type":"LineString","coordinates":[[-73.9836716194945,40.3292546668992],[-73.9836711591335,40.3291879841165],[-73.9836665275069,40.3285235986929],[-73.9836653623755,40.3283562116572]]}},{"type":"Feature","id":76918,"properties":{"OBJECTID":76918,"PRIMENAME":"Atlantic Avenue","ELEVTYP_F":0,"ELEVTYP_T":0},"geometry":{"type":"LineString","coordinates":[[-73.985533520177,40.3199177889014],[-73.9854047000388,40.3199500483849],[-73.9848249210918,40.320042781402],[-73.9844713662675,40.3200804901849]]}},{"type":"Feature","id":76942,"properties":{"OBJECTID":76942,"PRIMENAME":"South Broadway","ELEVTYP_F":0,"ELEVTYP_T":0},"geometry":{"type":"LineString","coordinates":[[-73.9822435299553,40.3052216005914],[-73.9821886617737,40.3052178136449],[-73.9820061843441,40.3052099626441],[-73.9818796397293,40.3052045162319]]}},{"type":"Feature","id":76949,"properties":{"OBJECTID":76949,"PRIMENAME":"Ocean Boulevard","ELEVTYP_F":0,"ELEVTYP_T":0},"geometry":{"type":"LineString","coordinates":[[-73.9818749141197,40.2944226871988],[-73.9819884586492,40.2940042761006],[-73.9821497204888,40.2934732232614]]}},{"type":"Feature","id":76985,"properties":{"OBJECTID":76985,"PRIMENAME":"Lippincott Avenue","ELEVTYP_F":0,"ELEVTYP_T":0},"geometry":{"type":"LineString","coordinates":[[-73.993508432682,40.3070177473113],[-73.9934841416755,40.306990957215],[-73.9934595515403,40.3069275180934],[-73.9934650871952,40.3068488645859],[-73.9934726040825,40.3067738160727],[-73.9935071139088,40.3065839952923],[-73.993563508953,40.3062737903752],[-73.9935639003337,40.3062213864864],[-73.9935581235121,40.306159401431],[-73.9934911695001,40.3059589274867],[-73.9932332142531,40.3052642625087],[-73.9928016083434,40.3041019316192],[-73.9927697998898,40.3040162234586]]}},{"type":"Feature","id":77062,"properties":{"OBJECTID":77062,"PRIMENAME":"Itaska Place","ELEVTYP_F":0,"ELEVTYP_T":0},"geometry":{"type":"LineString","coordinates":[[-74.0017911748893,40.3178191681539],[-74.0012709749322,40.3172631373394]]}},{"type":"Feature","id":77088,"properties":{"OBJECTID":77088,"PRIMENAME":"Woodgate Avenue","ELEVTYP_F":0,"ELEVTYP_T":0},"geometry":{"type":"LineString","coordinates":[[-73.9963596775261,40.2713470676081],[-73.9963545063591,40.2711986934545],[-73.9963531725266,40.2711128446481]]}},{"type":"Feature","id":77092,"properties":{"OBJECTID":77092,"PRIMENAME":"Hennessey Street","ELEVTYP_F":0,"ELEVTYP_T":0},"geometry":{"type":"LineString","coordinates":[[-73.9825519903217,40.3222361525962],[-73.982468970508,40.3222535430064],[-73.9816342113329,40.3223022388152]]}},{"type":"Feature","id":77161,"properties":{"OBJECTID":77161,"PRIMENAME":"Vreeland Place","ELEVTYP_F":0,"ELEVTYP_T":0},"geometry":{"type":"LineString","coordinates":[[-74.0074019332367,40.3139806405338],[-74.0073340460401,40.3140005009152],[-74.0068399685686,40.3141451539966],[-74.0062743622688,40.314331446845],[-74.0055527202747,40.3145666881317],[-74.0054617373156,40.3145963468999],[-74.0049346683481,40.3147492520909],[-74.0049061983535,40.3147536596494],[-74.0048826987528,40.3147549316761],[-74.0048610033966,40.3147548388213],[-74.0048393471644,40.3147492287143],[-74.0048068977824,40.3147338534303],[-74.0047824952677,40.3147081343305],[-74.0047818437604,40.3147074470434],[-74.0047283940627,40.3145965321702],[-74.0045966102248,40.3143303420738],[-74.004584630084,40.3143060775467]]}},{"type":"Feature","id":77184,"properties":{"OBJECTID":77184,"PRIMENAME":"Seneca Place","ELEVTYP_F":0,"ELEVTYP_T":0},"geometry":{"type":"LineString","coordinates":[[-74.0006453785326,40.3165955777598],[-74.0009561581198,40.3164263050264],[-74.0014017623894,40.3161766284079],[-74.0018197812634,40.3159519775616],[-74.001862107732,40.3159264100933],[-74.0018907094707,40.3159161766139]]}},{"type":"Feature","id":77600,"properties":{"OBJECTID":77600,"PRIMENAME":"Unnamed Segment","ELEVTYP_F":0,"ELEVTYP_T":0},"geometry":{"type":"LineString","coordinates":[[-73.9835872557941,40.2956636958117],[-73.9845263447856,40.2955342448508],[-73.9846188266605,40.2947798153308],[-73.9845933042229,40.2943484367929]]}},{"type":"Feature","id":77632,"properties":{"OBJECTID":77632,"PRIMENAME":"East Columbus Place","ELEVTYP_F":0,"ELEVTYP_T":0},"geometry":{"type":"LineString","coordinates":[[-73.9953906104143,40.3054814910916],[-73.9952872801387,40.3055235360378],[-73.9941633680046,40.3059809209791]]}},{"type":"Feature","id":77808,"properties":{"OBJECTID":77808,"PRIMENAME":"Cypress Street","ELEVTYP_F":0,"ELEVTYP_T":0},"geometry":{"type":"LineString","coordinates":[[-74.0063305840339,40.3004191423979],[-74.0064800549411,40.300971869754]]}},{"type":"Feature","id":77972,"properties":{"OBJECTID":77972,"PRIMENAME":"Chelsea Avenue","ELEVTYP_F":0,"ELEVTYP_T":0},"geometry":{"type":"LineString","coordinates":[[-73.9815665170628,40.3015814440623],[-73.9817341393156,40.3015626490102],[-73.9826996104767,40.3014543616808]]}},{"type":"Feature","id":78016,"properties":{"OBJECTID":78016,"PRIMENAME":"River Avenue","ELEVTYP_F":0,"ELEVTYP_T":0},"geometry":{"type":"LineString","coordinates":[[-73.9775430937804,40.3294552748186],[-73.9780175340205,40.3306996722619],[-73.9783041362713,40.3314873256607],[-73.9783602473839,40.3316212967522]]}},{"type":"Feature","id":78023,"properties":{"OBJECTID":78023,"PRIMENAME":"Hiawatha Avenue","ELEVTYP_F":0,"ELEVTYP_T":0},"geometry":{"type":"LineString","coordinates":[[-74.0095760719413,40.3228545468563],[-74.0076016962428,40.3225836631023],[-74.0060092354931,40.3223624460033],[-74.0054963712355,40.3222907107623],[-74.0048629790925,40.3222021123531]]}},{"type":"Feature","id":78165,"properties":{"OBJECTID":78165,"PRIMENAME":"Central Avenue","ELEVTYP_F":0,"ELEVTYP_T":0},"geometry":{"type":"LineString","coordinates":[[-73.9896064245764,40.3076678479963],[-73.9895000775664,40.3077047965366],[-73.9876687911165,40.308341058542],[-73.9876669474603,40.3083416997504],[-73.9874277974141,40.3084247878215],[-73.9871272472118,40.3085358495893],[-73.9865495269457,40.3087493291688]]}},{"type":"Feature","id":78332,"properties":{"OBJECTID":78332,"PRIMENAME":"Norwood Avenue","ELEVTYP_F":0,"ELEVTYP_T":0},"geometry":{"type":"LineString","coordinates":[[-74.0029006149484,40.2817459522839],[-74.0016051585844,40.281667434123]]}},{"type":"Feature","id":78369,"properties":{"OBJECTID":78369,"PRIMENAME":"Ocean Terrace","ELEVTYP_F":0,"ELEVTYP_T":0},"geometry":{"type":"LineString","coordinates":[[-73.9792511654194,40.3104309498213],[-73.9800691896315,40.3103993540344],[-73.9801252724957,40.3103948560131],[-73.980200112268,40.3103760857926],[-73.9802626908528,40.3103334867347],[-73.9803308573544,40.3102870975661]]}},{"type":"Feature","id":78372,"properties":{"OBJECTID":78372,"PRIMENAME":"Avenel Boulevard","ELEVTYP_F":0,"ELEVTYP_T":0},"geometry":{"type":"LineString","coordinates":[[-73.9781932369811,40.3179449613227],[-73.977692455896,40.3179668848617]]}},{"type":"Feature","id":78397,"properties":{"OBJECTID":78397,"PRIMENAME":"Larchwood Avenue","ELEVTYP_F":0,"ELEVTYP_T":0},"geometry":{"type":"LineString","coordinates":[[-74.0100243377573,40.2765157400602],[-74.0099986090467,40.2764296953897]]}},{"type":"Feature","id":78431,"properties":{"OBJECTID":78431,"PRIMENAME":"Shrewsbury Avenue","ELEVTYP_F":0,"ELEVTYP_T":0},"geometry":{"type":"LineString","coordinates":[[-74.0126068029303,40.3223673719394],[-74.0126152306332,40.3222976517572],[-74.0126284647418,40.3221880645373],[-74.0126230461273,40.3220736765977],[-74.0125677781185,40.3219638277731],[-74.0125550969957,40.3219474436712],[-74.012475243512,40.3218442686277],[-74.0124015658255,40.3217009881923],[-74.0123590192665,40.3215578389406],[-74.0123432472352,40.3214269631802]]}},{"type":"Feature","id":78526,"properties":{"OBJECTID":78526,"PRIMENAME":"Shore Drive","ELEVTYP_F":0,"ELEVTYP_T":0},"geometry":{"type":"LineString","coordinates":[[-73.9904084202228,40.3223291807356],[-73.9902314205058,40.3224201811308],[-73.9894624184503,40.3227741801037],[-73.9892434200505,40.3228661797744]]}},{"type":"Feature","id":78584,"properties":{"OBJECTID":78584,"PRIMENAME":"Elizabeth Terrace","ELEVTYP_F":0,"ELEVTYP_T":0},"geometry":{"type":"LineString","coordinates":[[-73.9974091788146,40.2727574595606],[-73.9974074187526,40.2726902490332],[-73.9973734014857,40.2714033057523],[-73.9973718299405,40.2713444685821]]}},{"type":"Feature","id":78632,"properties":{"OBJECTID":78632,"PRIMENAME":"Mark Drive","ELEVTYP_F":0,"ELEVTYP_T":0},"geometry":{"type":"LineString","coordinates":[[-73.9949939397138,40.2903969139485],[-73.9950851903804,40.290443047663],[-73.9961333178389,40.2909732342798],[-73.9962446796393,40.2910295654556]]}},{"type":"Feature","id":78699,"properties":{"OBJECTID":78699,"PRIMENAME":"Monmouth Boulevard","ELEVTYP_F":0,"ELEVTYP_T":0},"geometry":{"type":"LineString","coordinates":[[-73.9968557758398,40.3203466307548],[-73.9972761591589,40.3203782232233],[-73.9974080894054,40.32038813717],[-73.9975142051976,40.3203959177707],[-73.9976972959195,40.3204093427912],[-73.9982680970384,40.3204511937697]]}},{"type":"Feature","id":78799,"properties":{"OBJECTID":78799,"PRIMENAME":"Slocum Place","ELEVTYP_F":0,"ELEVTYP_T":0},"geometry":{"type":"LineString","coordinates":[[-73.991904354404,40.3040805074077],[-73.991899845691,40.3039835814321],[-73.9918032982799,40.3019147255723],[-73.9905951242792,40.3019856744886],[-73.9904773946803,40.3019925954885]]}},{"type":"Feature","id":78950,"properties":{"OBJECTID":78950,"PRIMENAME":"Court Street","ELEVTYP_F":0,"ELEVTYP_T":0},"geometry":{"type":"LineString","coordinates":[[-73.9811006169884,40.2980711161526],[-73.9812006083149,40.2980715645716],[-73.9813562418683,40.2980722623506],[-73.9816677651239,40.298030750202],[-73.9821042393076,40.2979278376671],[-73.9821978145857,40.2979044557261],[-73.9823286041547,40.2978955156493],[-73.9827525618427,40.2978068191807]]}},{"type":"Feature","id":79001,"properties":{"OBJECTID":79001,"PRIMENAME":"Branchport Avenue","ELEVTYP_F":0,"ELEVTYP_T":0},"geometry":{"type":"LineString","coordinates":[[-74.0089900355558,40.3165100963961],[-74.0084842178514,40.3157936737716],[-74.0080899799376,40.3152105367324],[-74.0080275800588,40.3150968671474]]}},{"type":"Feature","id":79010,"properties":{"OBJECTID":79010,"PRIMENAME":"Broadway","ELEVTYP_F":0,"ELEVTYP_T":0},"geometry":{"type":"LineString","coordinates":[[-74.0077863619951,40.2986582532974],[-74.0076620544671,40.2986735093146],[-74.007502366853,40.2987026153263],[-74.0073465148886,40.2987317374501],[-74.0071289771429,40.2987730869213]]}},{"type":"Feature","id":79092,"properties":{"OBJECTID":79092,"PRIMENAME":"FR CO 29 WB TO CO 29 EB","ELEVTYP_F":0,"ELEVTYP_T":0},"geometry":{"type":"LineString","coordinates":[[-74.0048447868917,40.3102877452431],[-74.0050225531696,40.3103257859187],[-74.0051126351764,40.3103499720425],[-74.0051933933876,40.3103741731581],[-74.0052647598589,40.3104078602949],[-74.0053234894116,40.3104581843137],[-74.0054503357036,40.3105698522892]]}},{"type":"Feature","id":79116,"properties":{"OBJECTID":79116,"PRIMENAME":"Cottage Avenue","ELEVTYP_F":0,"ELEVTYP_T":0},"geometry":{"type":"LineString","coordinates":[[-73.9933925435209,40.2795998390053],[-73.9925519162577,40.2796465032621],[-73.9912447119894,40.2796979730052],[-73.9911669080754,40.2797010624024]]}},{"type":"Feature","id":79175,"properties":{"OBJECTID":79175,"PRIMENAME":"Itaska Place","ELEVTYP_F":0,"ELEVTYP_T":0},"geometry":{"type":"LineString","coordinates":[[-74.0032867121413,40.3194262169218],[-74.0032451713944,40.3193791909927],[-74.0029855467943,40.3190852864934],[-74.0025445043193,40.3186187654834]]}},{"type":"Feature","id":79465,"properties":{"OBJECTID":79465,"PRIMENAME":"Castlewall Avenue","ELEVTYP_F":0,"ELEVTYP_T":0},"geometry":{"type":"LineString","coordinates":[[-73.9964049296907,40.2727741219806],[-73.9974091788146,40.2727574595606]]}},{"type":"Feature","id":79505,"properties":{"OBJECTID":79505,"PRIMENAME":"Mill Street","ELEVTYP_F":0,"ELEVTYP_T":0},"geometry":{"type":"LineString","coordinates":[[-73.9818796397293,40.3052045162319],[-73.9818780162555,40.3051401615615],[-73.9818732332729,40.3049495125976],[-73.9818806380175,40.3047970222847],[-73.9818934799848,40.3047493954378],[-73.981931024039,40.3047114603918],[-73.9819935238958,40.30468788456],[-73.9824420448924,40.3046470386876]]}},{"type":"Feature","id":79671,"properties":{"OBJECTID":79671,"PRIMENAME":"Beechwood Avenue","ELEVTYP_F":0,"ELEVTYP_T":0},"geometry":{"type":"LineString","coordinates":[[-74.0115696724679,40.2836136252336],[-74.0120096332921,40.2835648329602],[-74.0137036489127,40.2833813366526],[-74.0137864080445,40.2833723779215]]}},{"type":"Feature","id":79783,"properties":{"OBJECTID":79783,"PRIMENAME":"Dewey Street","ELEVTYP_F":0,"ELEVTYP_T":0},"geometry":{"type":"LineString","coordinates":[[-73.9978525568736,40.3034679415442],[-73.9979424133721,40.3034046982929],[-73.9990062700641,40.3026562994351],[-73.9991062239636,40.3025995215789],[-73.9991937380893,40.3025522439599],[-73.9993061362619,40.3025050460485],[-73.999430938235,40.3024627337214],[-73.9995307182535,40.3024345325986],[-73.9996491430485,40.3024207423837],[-73.9998297035752,40.3024119968766],[-74.0003154542886,40.302385518011],[-74.0004550606873,40.3023779132006]]}},{"type":"Feature","id":79942,"properties":{"OBJECTID":79942,"PRIMENAME":"Wentworth Avenue","ELEVTYP_F":0,"ELEVTYP_T":0},"geometry":{"type":"LineString","coordinates":[[-74.0119657532164,40.2976648146742],[-74.0124110896908,40.2976738300566],[-74.0124733294006,40.2976740923404],[-74.0125233005947,40.2976551954334],[-74.012548438503,40.2976195587213]]}},{"type":"Feature","id":79962,"properties":{"OBJECTID":79962,"PRIMENAME":"Rockwell Avenue","ELEVTYP_F":0,"ELEVTYP_T":0},"geometry":{"type":"LineString","coordinates":[[-73.9923975222322,40.3111985478712],[-73.9923751237609,40.311172781803],[-73.9915726124414,40.3102637248319],[-73.9914863596246,40.3101647923664]]}},{"type":"Feature","id":80208,"properties":{"OBJECTID":80208,"PRIMENAME":"7th Avenue","ELEVTYP_F":0,"ELEVTYP_T":0},"geometry":{"type":"LineString","coordinates":[[-73.9925228989467,40.3012362767487],[-73.9924988275922,40.301110660061],[-73.9923743794832,40.3004612282878],[-73.9923541891084,40.3003565472519]]}},{"type":"Feature","id":80295,"properties":{"OBJECTID":80295,"PRIMENAME":"Long Branch Avenue","ELEVTYP_F":0,"ELEVTYP_T":0},"geometry":{"type":"LineString","coordinates":[[-73.9850368978041,40.3172605039829],[-73.9853524426356,40.3189489160716]]}},{"type":"Feature","id":80384,"properties":{"OBJECTID":80384,"PRIMENAME":"Westwood Avenue","ELEVTYP_F":0,"ELEVTYP_T":0},"geometry":{"type":"LineString","coordinates":[[-73.9898640976963,40.2967050623248],[-73.9895976703374,40.2970204649331],[-73.9894406752458,40.2972056500081],[-73.9893810833808,40.2972873315729]]}},{"type":"Feature","id":80439,"properties":{"OBJECTID":80439,"PRIMENAME":"Park Avenue","ELEVTYP_F":0,"ELEVTYP_T":0},"geometry":{"type":"LineString","coordinates":[[-73.9916836603052,40.2692957324758],[-73.9912149211858,40.2692209241529],[-73.9910634960524,40.2691984063911]]}},{"type":"Feature","id":80445,"properties":{"OBJECTID":80445,"PRIMENAME":"3rd Avenue","ELEVTYP_F":0,"ELEVTYP_T":0},"geometry":{"type":"LineString","coordinates":[[-73.9874964045836,40.3030434431813],[-73.9875559484319,40.3034815955005]]}},{"type":"Feature","id":80455,"properties":{"OBJECTID":80455,"PRIMENAME":"Halberton Place","ELEVTYP_F":0,"ELEVTYP_T":0},"geometry":{"type":"LineString","coordinates":[[-73.9912122433502,40.3081965930861],[-73.9914833444121,40.3080566810256],[-73.992158140272,40.3077105372536]]}},{"type":"Feature","id":80512,"properties":{"OBJECTID":80512,"PRIMENAME":"Church Street","ELEVTYP_F":0,"ELEVTYP_T":0},"geometry":{"type":"LineString","coordinates":[[-73.9800926298901,40.3232356328593],[-73.9800834725177,40.3231483769099],[-73.9799558281632,40.3219324763449],[-73.9799479477478,40.3218564266373]]}},{"type":"Feature","id":80756,"properties":{"OBJECTID":80756,"PRIMENAME":"Lowden Court","ELEVTYP_F":0,"ELEVTYP_T":0},"geometry":{"type":"LineString","coordinates":[[-73.9854575813213,40.2931631751554],[-73.9854578351592,40.2934469962523]]}},{"type":"Feature","id":80772,"properties":{"OBJECTID":80772,"PRIMENAME":"Overlook Avenue","ELEVTYP_F":0,"ELEVTYP_T":0},"geometry":{"type":"LineString","coordinates":[[-73.9965337371078,40.2766452257738],[-73.996413622148,40.2766512634978],[-73.9958035794906,40.2766819619979],[-73.9953492273605,40.2766990600211],[-73.9948762734542,40.2767017455378],[-73.9941702622543,40.2767109598855]]}},{"type":"Feature","id":80820,"properties":{"OBJECTID":80820,"PRIMENAME":"Branchport Avenue","ELEVTYP_F":0,"ELEVTYP_T":0},"geometry":{"type":"LineString","coordinates":[[-74.0030482975654,40.3049484940456],[-74.0032652812226,40.3051082090082],[-74.0034819919423,40.3052759373359],[-74.003580933786,40.305357428253],[-74.0036489652733,40.3054196799392],[-74.0036607310852,40.3054350397834],[-74.0037661388315,40.3055726511916],[-74.004056074604,40.3059313480405],[-74.0041576369484,40.3060715418941]]}},{"type":"Feature","id":80835,"properties":{"OBJECTID":80835,"PRIMENAME":"Madison Avenue","ELEVTYP_F":0,"ELEVTYP_T":0},"geometry":{"type":"LineString","coordinates":[[-73.9805154889714,40.3058882935596],[-73.9807823366879,40.3058891654319],[-73.9808706986219,40.3058927187634]]}},{"type":"Feature","id":80866,"properties":{"OBJECTID":80866,"PRIMENAME":"Atlantic Avenue","ELEVTYP_F":0,"ELEVTYP_T":0},"geometry":{"type":"LineString","coordinates":[[-73.9946402362933,40.3137794139838],[-73.9945710603745,40.313817792225],[-73.9944969627706,40.3138678547369]]}},{"type":"Feature","id":80983,"properties":{"OBJECTID":80983,"PRIMENAME":"Pleasant Place","ELEVTYP_F":0,"ELEVTYP_T":0},"geometry":{"type":"LineString","coordinates":[[-73.9982172483826,40.2632840615569],[-73.9981685238684,40.2633543244692],[-73.9980662215025,40.2635328416715],[-73.997946738085,40.2637086768173],[-73.9978462054323,40.2638416864747],[-73.997707732938,40.2640603465533],[-73.9976064943962,40.2642886394875],[-73.9975633090551,40.2643859902051]]}},{"type":"Feature","id":81022,"properties":{"OBJECTID":81022,"PRIMENAME":"Avenel Boulevard","ELEVTYP_F":0,"ELEVTYP_T":0},"geometry":{"type":"LineString","coordinates":[[-73.9801031012439,40.3178035436777],[-73.9801164164583,40.317934179497]]}},{"type":"Feature","id":81037,"properties":{"OBJECTID":81037,"PRIMENAME":"Mohawk Avenue","ELEVTYP_F":0,"ELEVTYP_T":0},"geometry":{"type":"LineString","coordinates":[[-74.0102684159081,40.3232145749841],[-74.0093961898855,40.3236191457039]]}},{"type":"Feature","id":81082,"properties":{"OBJECTID":81082,"PRIMENAME":"Florence Avenue","ELEVTYP_F":0,"ELEVTYP_T":0},"geometry":{"type":"LineString","coordinates":[[-73.9860394928659,40.3133678466127],[-73.9862914337687,40.3136214967628]]}},{"type":"Feature","id":81128,"properties":{"OBJECTID":81128,"PRIMENAME":"Ocean Avenue","ELEVTYP_F":0,"ELEVTYP_T":0},"geometry":{"type":"LineString","coordinates":[[-73.9840942398478,40.2845706712349],[-73.9841465394105,40.284405669387],[-73.9842513196194,40.2841034211434]]}},{"type":"Feature","id":81251,"properties":{"OBJECTID":81251,"PRIMENAME":"Liberty Alley","ELEVTYP_F":0,"ELEVTYP_T":0},"geometry":{"type":"LineString","coordinates":[[-73.9861386440631,40.3052020714773],[-73.9858162473816,40.3052454683354]]}},{"type":"Feature","id":81451,"properties":{"OBJECTID":81451,"PRIMENAME":"Hollywood Avenue","ELEVTYP_F":0,"ELEVTYP_T":0},"geometry":{"type":"LineString","coordinates":[[-73.9948897795236,40.2853093006329],[-73.9943104619803,40.2849921408676],[-73.9936287015863,40.2846221790527],[-73.9934985085308,40.2845500959072],[-73.9933435814511,40.2844636297518],[-73.9932196269291,40.2843964056495],[-73.9931016952022,40.2843529536988],[-73.9929774909566,40.2843190553622],[-73.9928098073801,40.2842706629302],[-73.9925115043153,40.284216921228],[-73.9921644304973,40.2841708166643]]}},{"type":"Feature","id":81524,"properties":{"OBJECTID":81524,"PRIMENAME":"Beach Avenue","ELEVTYP_F":0,"ELEVTYP_T":0},"geometry":{"type":"LineString","coordinates":[[-73.9862604508734,40.3237423357202],[-73.9861687354912,40.3237522507626],[-73.9857922203893,40.3237929183562],[-73.9848973974102,40.3238895664432]]}},{"type":"Feature","id":81614,"properties":{"OBJECTID":81614,"PRIMENAME":"Oakwood Avenue","ELEVTYP_F":0,"ELEVTYP_T":0},"geometry":{"type":"LineString","coordinates":[[-74.0076033170963,40.2970944875437],[-74.0076611127118,40.297588323044]]}},{"type":"Feature","id":81637,"properties":{"OBJECTID":81637,"PRIMENAME":"Hulick Street","ELEVTYP_F":0,"ELEVTYP_T":0},"geometry":{"type":"LineString","coordinates":[[-73.9879610673815,40.2870217832661],[-73.9885438680863,40.2870870603484],[-73.988970287098,40.2871348186904]]}},{"type":"Feature","id":81648,"properties":{"OBJECTID":81648,"PRIMENAME":"Park Avenue","ELEVTYP_F":0,"ELEVTYP_T":0},"geometry":{"type":"LineString","coordinates":[[-73.9969138754827,40.2701273870709],[-73.9965531912468,40.2700735223348],[-73.9963366345129,40.2700377432339]]}},{"type":"Feature","id":81655,"properties":{"OBJECTID":81655,"PRIMENAME":"Meredith Court","ELEVTYP_F":0,"ELEVTYP_T":0},"geometry":{"type":"LineString","coordinates":[[-73.9772561815474,40.3265182431547],[-73.9772654148916,40.3263491818667],[-73.9772804161408,40.3262451809943],[-73.97730441558,40.3261581827767],[-73.9773564147126,40.3257361807345],[-73.9773654148025,40.3256961810599],[-73.977395417695,40.3256291810215],[-73.9774544152441,40.3255541817574],[-73.9775334155524,40.3254931815943],[-73.9776004160957,40.3254161811214],[-73.9776174149519,40.3253771812455],[-73.9776314166798,40.3253071808585],[-73.9776274165345,40.3252441810152],[-73.977566416291,40.325111181674],[-73.9774844154337,40.3249681811557],[-73.9774874155605,40.3249491810158],[-73.9775214155492,40.32491818189],[-73.9775504179348,40.3249051822552],[-73.9778894154637,40.3248001817272],[-73.9786420619464,40.324546342509]]}},{"type":"Feature","id":81709,"properties":{"OBJECTID":81709,"PRIMENAME":"South 7th Avenue","ELEVTYP_F":0,"ELEVTYP_T":0},"geometry":{"type":"LineString","coordinates":[[-73.9921866752955,40.2993990247326],[-73.9922021015358,40.2993642829258],[-73.9923777363572,40.2991839521395],[-73.9926476578088,40.2988848928884],[-73.9927215191969,40.2988030524654]]}},{"type":"Feature","id":81853,"properties":{"OBJECTID":81853,"PRIMENAME":"Overlook Avenue","ELEVTYP_F":0,"ELEVTYP_T":0},"geometry":{"type":"LineString","coordinates":[[-73.9941702622543,40.2767109598855],[-73.9937809802226,40.2767160385585],[-73.9936837623067,40.2767156132015],[-73.9936254317934,40.2767153579492],[-73.9935893384293,40.2767153368916]]}},{"type":"Feature","id":81906,"properties":{"OBJECTID":81906,"PRIMENAME":"Washington Street","ELEVTYP_F":0,"ELEVTYP_T":0},"geometry":{"type":"LineString","coordinates":[[-74.0004550606873,40.3023779132006],[-74.0004527691179,40.3023336783301],[-74.0004150999322,40.3017766491383]]}},{"type":"Feature","id":81949,"properties":{"OBJECTID":81949,"PRIMENAME":"Morford Avenue","ELEVTYP_F":0,"ELEVTYP_T":0},"geometry":{"type":"LineString","coordinates":[[-74.0061699812718,40.2973034115813],[-74.0072694363406,40.2971465435835],[-74.0075373443276,40.2971047759762],[-74.0076033170963,40.2970944875437]]}},{"type":"Feature","id":82031,"properties":{"OBJECTID":82031,"PRIMENAME":"Eastwood Avenue","ELEVTYP_F":0,"ELEVTYP_T":0},"geometry":{"type":"LineString","coordinates":[[-73.9897412709102,40.3099992956769],[-73.9907693001268,40.3094690230606],[-73.9908444335117,40.3094297411005]]}},{"type":"Feature","id":82361,"properties":{"OBJECTID":82361,"PRIMENAME":"Elberon Square","ELEVTYP_F":0,"ELEVTYP_T":0},"geometry":{"type":"LineString","coordinates":[[-73.9918153093559,40.2622733647714],[-73.9917897283723,40.2622967345238]]}},{"type":"Feature","id":82378,"properties":{"OBJECTID":82378,"PRIMENAME":"Shore Drive","ELEVTYP_F":0,"ELEVTYP_T":0},"geometry":{"type":"LineString","coordinates":[[-73.9904084202228,40.3223291807356],[-73.9902414212848,40.3222061802781],[-73.9901984191995,40.3221871806183],[-73.9900434202371,40.3221341811493],[-73.9899854211441,40.3221051801834],[-73.9899434179394,40.322079181347],[-73.9895364193126,40.3217301803718],[-73.9894754204873,40.3216731816898],[-73.9894574180536,40.3216611793814],[-73.9893974189648,40.32164017971],[-73.9893064191543,40.3216331807207],[-73.9892674195072,40.3216391798253],[-73.9891934187036,40.3216681810858],[-73.9891074193795,40.3217211812756],[-73.989082417944,40.3217461810917],[-73.9890524201247,40.3218131806493],[-73.989043418665,40.3218641809545],[-73.9890494199301,40.3219351807998],[-73.9890634189671,40.3219821802151],[-73.9892014184689,40.322703181315],[-73.9892434200505,40.3228661797744]]}},{"type":"Feature","id":82382,"properties":{"OBJECTID":82382,"PRIMENAME":"Michael Avenue","ELEVTYP_F":0,"ELEVTYP_T":0},"geometry":{"type":"LineString","coordinates":[[-74.0055820350913,40.2618154991064],[-74.005548211155,40.2620169096127],[-74.0054362808043,40.2626593637254]]}},{"type":"Feature","id":82397,"properties":{"OBJECTID":82397,"PRIMENAME":"Bath Avenue","ELEVTYP_F":0,"ELEVTYP_T":0},"geometry":{"type":"LineString","coordinates":[[-74.0004036252204,40.2981505346552],[-73.9999577791055,40.2979283598597],[-73.9982283797655,40.2970734532359]]}},{"type":"Feature","id":82490,"properties":{"OBJECTID":82490,"PRIMENAME":"South Lake Drive","ELEVTYP_F":0,"ELEVTYP_T":0},"geometry":{"type":"LineString","coordinates":[[-73.9918923304746,40.2771462275603],[-73.9919305327253,40.2770320014499],[-73.9919373394742,40.2769510204788],[-73.9919068725189,40.2768650978337],[-73.9918576602208,40.2767886200536],[-73.9917772663708,40.2767215577121],[-73.9917028960184,40.2766783235453],[-73.9915786358219,40.2766587259403],[-73.9911309480194,40.2766138495812],[-73.9906398218281,40.2765545057047],[-73.989601517572,40.2764355095294],[-73.9895382337719,40.2764290815548]]}},{"type":"Feature","id":82615,"properties":{"OBJECTID":82615,"PRIMENAME":"Cooper Avenue","ELEVTYP_F":0,"ELEVTYP_T":0},"geometry":{"type":"LineString","coordinates":[[-73.9831468466182,40.3086311775068],[-73.9829901174642,40.30862517864],[-73.9819326281144,40.308584733335]]}},{"type":"Feature","id":82667,"properties":{"OBJECTID":82667,"PRIMENAME":"Revere Drive","ELEVTYP_F":0,"ELEVTYP_T":0},"geometry":{"type":"LineString","coordinates":[[-74.0100642847869,40.3160721238266],[-74.010009385029,40.3159869550004],[-74.0098685190216,40.3157683068878],[-74.0095436708324,40.315238560589]]}},{"type":"Feature","id":82719,"properties":{"OBJECTID":82719,"PRIMENAME":"Broadway","ELEVTYP_F":0,"ELEVTYP_T":0},"geometry":{"type":"LineString","coordinates":[[-73.9906631403873,40.3041389575224],[-73.9894542855142,40.3041663248589]]}},{"type":"Feature","id":82846,"properties":{"OBJECTID":82846,"PRIMENAME":"Cottage Place","ELEVTYP_F":0,"ELEVTYP_T":0},"geometry":{"type":"LineString","coordinates":[[-73.9829602267174,40.290393041066],[-73.9828591826718,40.2903865226447]]}},{"type":"Feature","id":82888,"properties":{"OBJECTID":82888,"PRIMENAME":"Alumni Drive","ELEVTYP_F":0,"ELEVTYP_T":0},"geometry":{"type":"LineString","coordinates":[[-73.9933923424841,40.28995866687],[-73.9925247083443,40.2894167514414],[-73.9923346136461,40.2892980167362],[-73.9922843432695,40.2892530802291],[-73.9922847416435,40.289199842213],[-73.9922847447773,40.2891994234203],[-73.9923987024364,40.289056833899],[-73.9924032185394,40.2889733842202],[-73.9923589287426,40.2889157431626],[-73.9910955744486,40.2881539295903],[-73.9910220321102,40.2881147336453],[-73.990943742393,40.2880931859008],[-73.9905294802538,40.2880218037201]]}},{"type":"Feature","id":82924,"properties":{"OBJECTID":82924,"PRIMENAME":"Leslie Court","ELEVTYP_F":0,"ELEVTYP_T":0},"geometry":{"type":"LineString","coordinates":[[-73.987949865111,40.2728277457448],[-73.9879678055575,40.2727632846232],[-73.9882619884609,40.2717065219763]]}},{"type":"Feature","id":82946,"properties":{"OBJECTID":82946,"PRIMENAME":"Ricky Lane","ELEVTYP_F":0,"ELEVTYP_T":0},"geometry":{"type":"LineString","coordinates":[[-73.9955630930841,40.2933268099296],[-73.9956275845924,40.2932454490864],[-73.9964420032793,40.2922179026282],[-73.9965197643535,40.2921197891243]]}},{"type":"Feature","id":83029,"properties":{"OBJECTID":83029,"PRIMENAME":"4th Avenue","ELEVTYP_F":0,"ELEVTYP_T":0},"geometry":{"type":"LineString","coordinates":[[-73.9892177491013,40.3022657890442],[-73.9891171146195,40.3015216126748],[-73.9890643398709,40.3010955434862],[-73.9890291014868,40.3008110665724],[-73.9890197062037,40.300735174422]]}},{"type":"Feature","id":83237,"properties":{"OBJECTID":83237,"PRIMENAME":"Garfield Road","ELEVTYP_F":0,"ELEVTYP_T":0},"geometry":{"type":"LineString","coordinates":[[-73.9893280488734,40.2640129639096],[-73.9891414514525,40.2639799109728],[-73.9880051296842,40.2637786858021],[-73.9879547410391,40.2637697624437],[-73.9878801902176,40.263756707072],[-73.9877870035002,40.2637403871225],[-73.9877477059011,40.2637337076821],[-73.9877259155645,40.2637374624559]]}},{"type":"Feature","id":83297,"properties":{"OBJECTID":83297,"PRIMENAME":"Park Avenue","ELEVTYP_F":0,"ELEVTYP_T":0},"geometry":{"type":"LineString","coordinates":[[-73.9949058948516,40.2698060963896],[-73.994327500178,40.2697148442263]]}},{"type":"Feature","id":83408,"properties":{"OBJECTID":83408,"PRIMENAME":"Ocean Boulevard","ELEVTYP_F":0,"ELEVTYP_T":0},"geometry":{"type":"LineString","coordinates":[[-73.9815665170628,40.3015814440623],[-73.9815649738477,40.3013658288653],[-73.9815424844518,40.3010620805683],[-73.9815367320013,40.3009843929312],[-73.9815004315522,40.3007508096523],[-73.9814892993253,40.3006791872415],[-73.9814553079503,40.3005485828157],[-73.981400352972,40.3003374233008],[-73.981350218409,40.300144785762],[-73.9812231802329,40.2996628437152],[-73.9812225865425,40.2996606452506]]}},{"type":"Feature","id":83410,"properties":{"OBJECTID":83410,"PRIMENAME":"Liberty Street","ELEVTYP_F":0,"ELEVTYP_T":0},"geometry":{"type":"LineString","coordinates":[[-73.9906549037855,40.3136176761817],[-73.9915489721052,40.3142479815875],[-73.9916253455592,40.3143022331571]]}},{"type":"Feature","id":83490,"properties":{"OBJECTID":83490,"PRIMENAME":"Unnamed Segment","ELEVTYP_F":0,"ELEVTYP_T":0},"geometry":{"type":"LineString","coordinates":[[-73.9837555574847,40.3221746159047],[-73.9838174165085,40.3221551811349],[-73.9838834179823,40.3221441796228],[-73.9841644184976,40.322126180606],[-73.9841656632801,40.3221263572809],[-73.984206417567,40.322132180698],[-73.9842294180001,40.3221481797902],[-73.984237417496,40.3221861798181],[-73.9843044162256,40.322808180029],[-73.9842814177318,40.3228331805226],[-73.9842604200476,40.3229301809877],[-73.9842630108203,40.3229764600218]]}},{"type":"Feature","id":83512,"properties":{"OBJECTID":83512,"PRIMENAME":"Riverdale Avenue","ELEVTYP_F":0,"ELEVTYP_T":0},"geometry":{"type":"LineString","coordinates":[[-73.9774738030334,40.3223565965954],[-73.9774666080036,40.3223124230584],[-73.9774669386121,40.3222695444296],[-73.9774830180328,40.3222028813228],[-73.9775396028954,40.3220818971985]]}},{"type":"Feature","id":83532,"properties":{"OBJECTID":83532,"PRIMENAME":"Newport Court","ELEVTYP_F":0,"ELEVTYP_T":0},"geometry":{"type":"LineString","coordinates":[[-73.9917724200107,40.3234781805149],[-73.9917934204194,40.3233481814335],[-73.9918734191068,40.3230301805292]]}},{"type":"Feature","id":83601,"properties":{"OBJECTID":83601,"PRIMENAME":"Bath Avenue","ELEVTYP_F":0,"ELEVTYP_T":0},"geometry":{"type":"LineString","coordinates":[[-73.9875504750449,40.2923989656711],[-73.9869828114071,40.2924004849801]]}},{"type":"Feature","id":83618,"properties":{"OBJECTID":83618,"PRIMENAME":"Pacific Street","ELEVTYP_F":0,"ELEVTYP_T":0},"geometry":{"type":"LineString","coordinates":[[-73.9995712926146,40.3092532264041],[-73.9990430149984,40.3094718187917],[-73.9984601070803,40.309725915369]]}},{"type":"Feature","id":83623,"properties":{"OBJECTID":83623,"PRIMENAME":"Marina Bay Drive","ELEVTYP_F":0,"ELEVTYP_T":0},"geometry":{"type":"LineString","coordinates":[[-73.9924444200703,40.3255681815016],[-73.9926434215139,40.3255561814359]]}},{"type":"Feature","id":83628,"properties":{"OBJECTID":83628,"PRIMENAME":"Red Oaks Drive","ELEVTYP_F":0,"ELEVTYP_T":0},"geometry":{"type":"LineString","coordinates":[[-74.0014964213798,40.2741494814506],[-74.0015089253805,40.2742379037413],[-74.0017514748213,40.2759547122788],[-74.001758174452,40.2760135984506],[-74.0017499499582,40.2760501569099],[-74.0017258356425,40.2760785211775],[-74.0016911926492,40.2761007453229],[-74.0016486104888,40.2761107195947],[-74.0015610083265,40.2761164361462],[-74.000636742701,40.2761917335903],[-74.000591634877,40.2761895070217],[-74.0005519208692,40.2761751429875],[-74.0005203033182,40.2761465104859],[-74.0005099884119,40.2761017463213],[-74.0004140640113,40.2754263648197],[-74.0002697601455,40.2743659764675],[-74.0002537453594,40.2742483295266]]}},{"type":"Feature","id":83639,"properties":{"OBJECTID":83639,"PRIMENAME":"Larchwood Avenue","ELEVTYP_F":0,"ELEVTYP_T":0},"geometry":{"type":"LineString","coordinates":[[-74.0079142636678,40.2620278462537],[-74.0080001165735,40.2627756270495],[-74.0080122589054,40.2628900449385]]}},{"type":"Feature","id":83938,"properties":{"OBJECTID":83938,"PRIMENAME":"Atlantic Avenue","ELEVTYP_F":0,"ELEVTYP_T":0},"geometry":{"type":"LineString","coordinates":[[-74.000519288922,40.3115670565741],[-74.0000590733376,40.3117350791851],[-73.9999413051122,40.3117790427773]]}},{"type":"Feature","id":84060,"properties":{"OBJECTID":84060,"PRIMENAME":"Howland Avenue","ELEVTYP_F":0,"ELEVTYP_T":0},"geometry":{"type":"LineString","coordinates":[[-73.9854735561916,40.2874362845168],[-73.9853085019595,40.2874426872362],[-73.9836588088457,40.2875067953321],[-73.9835587981598,40.2875109333335]]}},{"type":"Feature","id":84429,"properties":{"OBJECTID":84429,"PRIMENAME":"Mann Court","ELEVTYP_F":0,"ELEVTYP_T":0},"geometry":{"type":"LineString","coordinates":[[-73.9875665064981,40.3287933335641],[-73.9875440984207,40.3285408416221],[-73.9875182836343,40.3282499199206],[-73.9875125981768,40.3281858574028],[-73.9875191959909,40.3281292950016],[-73.9875204229627,40.3281187727043],[-73.9875574799814,40.3280517886845],[-73.9876090868783,40.3279960155836],[-73.9876788804175,40.3279543506785],[-73.9877449094709,40.3279266697123],[-73.987818170715,40.3279102482714],[-73.9878840094133,40.3279077396357],[-73.9879643193091,40.3279220408616],[-73.988037284514,40.3279447918764],[-73.988102904905,40.3279758557941],[-73.9881827991241,40.3280405294548],[-73.9886624178674,40.3284428179],[-73.9887167871482,40.3284962327743],[-73.9887562087146,40.3285462050128],[-73.988756686639,40.3285468105625],[-73.9887892396739,40.3285917285908],[-73.9888107693568,40.3286477434771],[-73.9888140265828,40.3287009594418],[-73.9888026500218,40.3287540287778],[-73.9887729022335,40.3288127000428],[-73.9887249760162,40.3288656078345],[-73.9886111544302,40.3289379071792],[-73.9881484884002,40.3292016777638],[-73.988078721807,40.3292349705919],[-73.9880164560296,40.3292486677481],[-73.9879432564511,40.329256744132],[-73.9878701779943,40.3292536204869],[-73.9877862351435,40.3292308757008],[-73.9877279241158,40.3292054163173],[-73.9876661025069,40.3291603683679],[-73.9876262115335,40.3291182176562],[-73.9876046195761,40.3290705477292],[-73.9875905082063,40.329006138076],[-73.9875665064981,40.3287933335641]]}},{"type":"Feature","id":84443,"properties":{"OBJECTID":84443,"PRIMENAME":"Avenel Boulevard","ELEVTYP_F":0,"ELEVTYP_T":0},"geometry":{"type":"LineString","coordinates":[[-73.9810607623743,40.317720716059],[-73.9809033228557,40.3177379228181],[-73.9806102247932,40.3177619588747]]}},{"type":"Feature","id":84479,"properties":{"OBJECTID":84479,"PRIMENAME":"Clinton Place","ELEVTYP_F":0,"ELEVTYP_T":0},"geometry":{"type":"LineString","coordinates":[[-73.9874682782592,40.2985713463731],[-73.9875521373476,40.2985621645619],[-73.9877428209508,40.2985412121767],[-73.9877436485712,40.2985411212721],[-73.988094153364,40.2985026041804]]}},{"type":"Feature","id":84680,"properties":{"OBJECTID":84680,"PRIMENAME":"Cook Street","ELEVTYP_F":0,"ELEVTYP_T":0},"geometry":{"type":"LineString","coordinates":[[-73.9784586499998,40.3241922263391],[-73.9785471559528,40.3241845815997],[-73.9801796805956,40.3240441831914]]}},{"type":"Feature","id":84742,"properties":{"OBJECTID":84742,"PRIMENAME":"Marina Bay Drive","ELEVTYP_F":0,"ELEVTYP_T":0},"geometry":{"type":"LineString","coordinates":[[-73.9944864209881,40.3253441806961],[-73.9948064227854,40.3253081808145]]}},{"type":"Feature","id":85039,"properties":{"OBJECTID":85039,"PRIMENAME":"Ivy Place","ELEVTYP_F":0,"ELEVTYP_T":0},"geometry":{"type":"LineString","coordinates":[[-73.9885069980998,40.3209266188999],[-73.9884879770361,40.3208934123381],[-73.9884702271076,40.3207789408644],[-73.9884551997163,40.32070738769]]}},{"type":"Feature","id":85166,"properties":{"OBJECTID":85166,"PRIMENAME":"New Ocean Avenue","ELEVTYP_F":0,"ELEVTYP_T":0},"geometry":{"type":"LineString","coordinates":[[-73.9793085112349,40.3132120957293],[-73.979286756025,40.3133840706732],[-73.979269607585,40.3135191962266]]}},{"type":"Feature","id":85217,"properties":{"OBJECTID":85217,"PRIMENAME":"Brighton Avenue","ELEVTYP_F":0,"ELEVTYP_T":0},"geometry":{"type":"LineString","coordinates":[[-73.9973375106221,40.2878318335333],[-73.9965682978577,40.2874023763803],[-73.9961163991889,40.2871500736454],[-73.9953839284493,40.2867595600074]]}},{"type":"Feature","id":85278,"properties":{"OBJECTID":85278,"PRIMENAME":"Clifton Avenue","ELEVTYP_F":0,"ELEVTYP_T":0},"geometry":{"type":"LineString","coordinates":[[-73.9810607623743,40.317720716059],[-73.9812194163209,40.3185171792493]]}},{"type":"Feature","id":85447,"properties":{"OBJECTID":85447,"PRIMENAME":"Hobart Manor","ELEVTYP_F":0,"ELEVTYP_T":0},"geometry":{"type":"LineString","coordinates":[[-73.9783358080301,40.3135591780496],[-73.9779307308335,40.3135765193654],[-73.9777910455415,40.3135824997164]]}},{"type":"Feature","id":85473,"properties":{"OBJECTID":85473,"PRIMENAME":"Van Court Avenue","ELEVTYP_F":0,"ELEVTYP_T":0},"geometry":{"type":"LineString","coordinates":[[-73.9987464585734,40.2713417292023],[-73.9987430420368,40.271299630066],[-73.9987144326166,40.2709563529659],[-73.9986793434651,40.2706559282931],[-73.9986497141891,40.2704556187438],[-73.9986386554973,40.2703806528459]]}},{"type":"Feature","id":85538,"properties":{"OBJECTID":85538,"PRIMENAME":"Patten Avenue","ELEVTYP_F":0,"ELEVTYP_T":0},"geometry":{"type":"LineString","coordinates":[[-73.9918450228857,40.3249965873415],[-73.9918662798891,40.3250492950995],[-73.9918840417231,40.3250943454551],[-73.9920944866414,40.3256281205974]]}},{"type":"Feature","id":85585,"properties":{"OBJECTID":85585,"PRIMENAME":"Myrtle Avenue","ELEVTYP_F":0,"ELEVTYP_T":0},"geometry":{"type":"LineString","coordinates":[[-74.0072994951391,40.2992620211736],[-74.0075847300488,40.3000794963575],[-74.0079259297402,40.301096100115],[-74.0079574771853,40.301177437584],[-74.0079870304698,40.3012536328143],[-74.0079872465577,40.3012541687239]]}},{"type":"Feature","id":85777,"properties":{"OBJECTID":85777,"PRIMENAME":"Rockwell Avenue","ELEVTYP_F":0,"ELEVTYP_T":0},"geometry":{"type":"LineString","coordinates":[[-73.9940236116424,40.3130663150048],[-73.9938010788294,40.3128089951288],[-73.9933086911089,40.3122449232825]]}},{"type":"Feature","id":85873,"properties":{"OBJECTID":85873,"PRIMENAME":"New Ocean Avenue","ELEVTYP_F":0,"ELEVTYP_T":0},"geometry":{"type":"LineString","coordinates":[[-73.9789394982433,40.3151734991448],[-73.9788616063939,40.3155518033743],[-73.9788137989569,40.3157839920513],[-73.9787477821273,40.3161145735334],[-73.9786958400166,40.316374667404]]}},{"type":"Feature","id":86071,"properties":{"OBJECTID":86071,"PRIMENAME":"Ocean Avenue North","ELEVTYP_F":0,"ELEVTYP_T":0},"geometry":{"type":"LineString","coordinates":[[-73.9766978818397,40.3180906063558],[-73.9766977514692,40.3180907282551],[-73.9766409882404,40.3181905629832],[-73.9765582056446,40.3184284718412],[-73.9765270100196,40.3185577456932]]}},{"type":"Feature","id":86578,"properties":{"OBJECTID":86578,"PRIMENAME":"Unnamed Segment","ELEVTYP_F":0,"ELEVTYP_T":0},"geometry":{"type":"LineString","coordinates":[[-73.9845013389544,40.2808547630165],[-73.9845371143269,40.2811287375242],[-73.9844852110008,40.2814792314788],[-73.9844681464432,40.2815459141824],[-73.9844457339297,40.28159642782],[-73.9844432843831,40.281598432583],[-73.9844056891733,40.2816291982369],[-73.9843826456599,40.2816480571502],[-73.9843383627152,40.2816777085848],[-73.9841957431519,40.2817147078816],[-73.9832828728655,40.2818754511426],[-73.9832439188414,40.2818726814753],[-73.9832259696242,40.2818666416436],[-73.9831813828135,40.2818516374496],[-73.9831376131345,40.2818138069565],[-73.9831175760679,40.2817747846154],[-73.9831178528081,40.2817384478192],[-73.9831993589217,40.2814935342189]]}},{"type":"Feature","id":86588,"properties":{"OBJECTID":86588,"PRIMENAME":"Fairway Avenue","ELEVTYP_F":0,"ELEVTYP_T":0},"geometry":{"type":"LineString","coordinates":[[-74.0086530900788,40.2902084095901],[-74.0085033609682,40.2890833336301],[-74.0084393809938,40.2884634665708],[-74.0084375349142,40.2884015545888]]}},{"type":"Feature","id":87002,"properties":{"OBJECTID":87002,"PRIMENAME":"Kennedy Street","ELEVTYP_F":0,"ELEVTYP_T":0},"geometry":{"type":"LineString","coordinates":[[-74.0058063360992,40.3022129577958],[-74.0056422442855,40.3022890513084],[-74.0048576875305,40.3026528573447],[-74.0047973532763,40.3026808473296]]}},{"type":"Feature","id":87089,"properties":{"OBJECTID":87089,"PRIMENAME":"Brinley Street","ELEVTYP_F":0,"ELEVTYP_T":0},"geometry":{"type":"LineString","coordinates":[[-73.9946148502217,40.3073950829831],[-73.9946744624589,40.3074025909615],[-73.9947371122285,40.30739226747],[-73.9947540513447,40.3073866556043],[-73.9948140747243,40.3073667718418],[-73.9954361121882,40.3071441872153],[-73.9962609683695,40.3068526996501],[-73.9963418605296,40.3068241443695]]}},{"type":"Feature","id":87093,"properties":{"OBJECTID":87093,"PRIMENAME":"Park Avenue","ELEVTYP_F":0,"ELEVTYP_T":0},"geometry":{"type":"LineString","coordinates":[[-74.013018769457,40.2692745751489],[-74.0124957362409,40.2691715688464],[-74.0115327019561,40.2689816279549],[-74.0113214313685,40.2689426324955],[-74.0111038255318,40.2689226336828],[-74.0108737131238,40.268907358712],[-74.0106993384785,40.26893045034],[-74.0104252723228,40.2689721987079],[-74.0092477078484,40.2692007470604],[-74.0091426641821,40.2692209456092]]}},{"type":"Feature","id":87151,"properties":{"OBJECTID":87151,"PRIMENAME":"Marina Bay Drive","ELEVTYP_F":0,"ELEVTYP_T":0},"geometry":{"type":"LineString","coordinates":[[-73.9937624209722,40.3254981804167],[-73.9938824216522,40.3254911805459],[-73.9939764220047,40.3254691808155]]}},{"type":"Feature","id":87205,"properties":{"OBJECTID":87205,"PRIMENAME":"Hollywood Terrace","ELEVTYP_F":0,"ELEVTYP_T":0},"geometry":{"type":"LineString","coordinates":[[-73.9925113124034,40.2835139804795],[-73.9923861976435,40.2834967136046],[-73.991586134736,40.2833863708953],[-73.991422589808,40.2833638138576]]}},{"type":"Feature","id":87259,"properties":{"OBJECTID":87259,"PRIMENAME":"Kiernan Road","ELEVTYP_F":0,"ELEVTYP_T":0},"geometry":{"type":"LineString","coordinates":[[-73.9816718350996,40.2871750194115],[-73.9817568707248,40.2871837449303],[-73.9819994031371,40.2872086597351],[-73.9821859458227,40.2872237971986],[-73.9823477547011,40.2872292983341],[-73.982540716108,40.2872253843773],[-73.9827647184131,40.2872311630599],[-73.9828401983067,40.2872331198423]]}},{"type":"Feature","id":87417,"properties":{"OBJECTID":87417,"PRIMENAME":"Dixon Avenue","ELEVTYP_F":0,"ELEVTYP_T":0},"geometry":{"type":"LineString","coordinates":[[-74.006246412139,40.2748590627188],[-74.0063507715118,40.2748456720178],[-74.0077743008884,40.2746630575789]]}},{"type":"Feature","id":87421,"properties":{"OBJECTID":87421,"PRIMENAME":"Winhar Place","ELEVTYP_F":0,"ELEVTYP_T":0},"geometry":{"type":"LineString","coordinates":[[-73.9992016337777,40.3183633685358],[-73.999165541377,40.3183505022439],[-73.9991003315348,40.3183421491412],[-73.9989950376929,40.3183416931792],[-73.9987296530228,40.3183453746509],[-73.9980830114572,40.3183570930222],[-73.9980050322841,40.3183585118439]]}},{"type":"Feature","id":87647,"properties":{"OBJECTID":87647,"PRIMENAME":"Riverview Avenue","ELEVTYP_F":0,"ELEVTYP_T":0},"geometry":{"type":"LineString","coordinates":[[-73.9884508274204,40.3196714141963],[-73.9883862994446,40.3195203628969],[-73.9882214466098,40.3190906961457],[-73.988191550458,40.3190127644503]]}},{"type":"Feature","id":88047,"properties":{"OBJECTID":88047,"PRIMENAME":"Bampton Place","ELEVTYP_F":0,"ELEVTYP_T":0},"geometry":{"type":"LineString","coordinates":[[-74.0135104263148,40.2914561735817],[-74.0133134269398,40.2914781731991],[-74.0127774263591,40.2915211736447],[-74.0126694251117,40.2915341728441]]}},{"type":"Feature","id":88095,"properties":{"OBJECTID":88095,"PRIMENAME":"North 3rd Avenue","ELEVTYP_F":0,"ELEVTYP_T":0},"geometry":{"type":"LineString","coordinates":[[-73.987799841854,40.3049248422198],[-73.9876973756765,40.3045576924787],[-73.9876875997379,40.3045226667829],[-73.9876692215718,40.304406572711]]}},{"type":"Feature","id":88135,"properties":{"OBJECTID":88135,"PRIMENAME":"Railroad Street","ELEVTYP_F":0,"ELEVTYP_T":0},"geometry":{"type":"LineString","coordinates":[[-73.9913790357292,40.2792124130309],[-73.9911669080754,40.2797010624024]]}},{"type":"Feature","id":88215,"properties":{"OBJECTID":88215,"PRIMENAME":"Oakwood Avenue","ELEVTYP_F":0,"ELEVTYP_T":0},"geometry":{"type":"LineString","coordinates":[[-74.004323571691,40.2927926536793],[-74.0045401839784,40.2929935151354],[-74.0047874520325,40.2932233320816],[-74.0049912688735,40.2934386880587],[-74.0050802148731,40.2935516770381]]}},{"type":"Feature","id":88359,"properties":{"OBJECTID":88359,"PRIMENAME":"Shrewsbury Drive","ELEVTYP_F":0,"ELEVTYP_T":0},"geometry":{"type":"LineString","coordinates":[[-73.9923025520071,40.31831492481],[-73.9922803060423,40.3183650981171],[-73.9923048376661,40.3184128630204],[-73.9923541517371,40.318479787319],[-73.992447110099,40.318537405688],[-73.9927321905491,40.318714979966]]}},{"type":"Feature","id":88489,"properties":{"OBJECTID":88489,"PRIMENAME":"2nd Avenue","ELEVTYP_F":0,"ELEVTYP_T":0},"geometry":{"type":"LineString","coordinates":[[-73.9865464137473,40.2836639354272],[-73.9863879005078,40.284213729609],[-73.9863242161901,40.2844250758284]]}},{"type":"Feature","id":88584,"properties":{"OBJECTID":88584,"PRIMENAME":"Monmouth Place","ELEVTYP_F":0,"ELEVTYP_T":0},"geometry":{"type":"LineString","coordinates":[[-73.9824269225628,40.3285971858061],[-73.9820572821171,40.3286754885816],[-73.9823486545102,40.3294870921071],[-73.9823620220012,40.3295260781352]]}},{"type":"Feature","id":88684,"properties":{"OBJECTID":88684,"PRIMENAME":"Elm Avenue","ELEVTYP_F":0,"ELEVTYP_T":0},"geometry":{"type":"LineString","coordinates":[[-74.0063978422462,40.2755390958849],[-74.0063946142756,40.275524560748],[-74.0063835771879,40.2754749349456],[-74.006246412139,40.2748590627188]]}},{"type":"Feature","id":88698,"properties":{"OBJECTID":88698,"PRIMENAME":"Seaview Avenue","ELEVTYP_F":0,"ELEVTYP_T":0},"geometry":{"type":"LineString","coordinates":[[-73.9763297821907,40.3319400634155],[-73.9763608590084,40.331678587155],[-73.9764881575731,40.3307836267685],[-73.9765996603744,40.3300617603778],[-73.976701668083,40.3293288160365],[-73.9768083012321,40.3284927830058],[-73.9768144179299,40.328444823894],[-73.9768563864741,40.3281380190096]]}},{"type":"Feature","id":89183,"properties":{"OBJECTID":89183,"PRIMENAME":"Cedar Avenue","ELEVTYP_F":0,"ELEVTYP_T":0},"geometry":{"type":"LineString","coordinates":[[-73.9933155935533,40.2809721393962],[-73.993678004715,40.2810022758639],[-73.9938861166811,40.2810245891177],[-73.9940946290891,40.2810445901015],[-73.9943546630125,40.2810699653226],[-73.9954113795745,40.2811730782068]]}},{"type":"Feature","id":89433,"properties":{"OBJECTID":89433,"PRIMENAME":"West End Avenue","ELEVTYP_F":0,"ELEVTYP_T":0},"geometry":{"type":"LineString","coordinates":[[-73.9933024640541,40.2876899566863],[-73.9927500605187,40.2873857000428],[-73.9927182580222,40.2873681832912],[-73.9917265503203,40.286820498337],[-73.9909420225916,40.2863822622541]]}},{"type":"Feature","id":89621,"properties":{"OBJECTID":89621,"PRIMENAME":"Ocean Boulevard","ELEVTYP_F":0,"ELEVTYP_T":0},"geometry":{"type":"LineString","coordinates":[[-73.9838415521511,40.285811370112],[-73.983940966518,40.2852300748603]]}},{"type":"Feature","id":89671,"properties":{"OBJECTID":89671,"PRIMENAME":"Pinewood Avenue","ELEVTYP_F":0,"ELEVTYP_T":0},"geometry":{"type":"LineString","coordinates":[[-74.0078585746484,40.2872171675777],[-74.0077567173348,40.2864779139816],[-74.0075965919958,40.2853905935408],[-74.0075842899752,40.2852976155801]]}},{"type":"Feature","id":89717,"properties":{"OBJECTID":89717,"PRIMENAME":"Unnamed Segment","ELEVTYP_F":0,"ELEVTYP_T":0},"geometry":{"type":"LineString","coordinates":[[-73.9944969627706,40.3138678547369],[-73.9945744207792,40.3139381785988],[-73.9947144213882,40.314053177904],[-73.9947604206108,40.3140761788977],[-73.9947944201214,40.3140871784757],[-73.9948864214424,40.3141081791014]]}},{"type":"Feature","id":89886,"properties":{"OBJECTID":89886,"PRIMENAME":"Unnamed Segment","ELEVTYP_F":0,"ELEVTYP_T":0},"geometry":{"type":"LineString","coordinates":[[-73.9960705924182,40.2650375742396],[-73.9958496085473,40.2648105425727],[-73.9957500202907,40.2647517826168],[-73.9956259890952,40.2647683961052],[-73.9955922038875,40.2648951936922],[-73.9955624400843,40.2650606886688]]}},{"type":"Feature","id":89995,"properties":{"OBJECTID":89995,"PRIMENAME":"Helen Court","ELEVTYP_F":0,"ELEVTYP_T":0},"geometry":{"type":"LineString","coordinates":[[-74.0047182693277,40.2742536612098],[-74.0047367875561,40.2743288502582],[-74.0048213754939,40.2746723373724],[-74.0048264930918,40.274692948399]]}},{"type":"Feature","id":90086,"properties":{"OBJECTID":90086,"PRIMENAME":"Waterview","ELEVTYP_F":0,"ELEVTYP_T":0},"geometry":{"type":"LineString","coordinates":[[-73.9845013389544,40.2808547630165],[-73.9829824155765,40.2809558661507]]}},{"type":"Feature","id":90172,"properties":{"OBJECTID":90172,"PRIMENAME":"Unnamed Segment","ELEVTYP_F":0,"ELEVTYP_T":0},"geometry":{"type":"LineString","coordinates":[[-73.9978387759414,40.2920755681537],[-73.9984656068914,40.2920078635988]]}},{"type":"Feature","id":90414,"properties":{"OBJECTID":90414,"PRIMENAME":"Comanche Drive","ELEVTYP_F":0,"ELEVTYP_T":0},"geometry":{"type":"LineString","coordinates":[[-74.0003777674971,40.3264670123633],[-74.0002495084245,40.3258241094688],[-74.000234494681,40.3257444070068]]}},{"type":"Feature","id":90529,"properties":{"OBJECTID":90529,"PRIMENAME":"Eaton Terrace","ELEVTYP_F":0,"ELEVTYP_T":0},"geometry":{"type":"LineString","coordinates":[[-73.9975471527521,40.2675817466579],[-73.9974364967257,40.267924364538]]}},{"type":"Feature","id":90533,"properties":{"OBJECTID":90533,"PRIMENAME":"Unnamed Segment","ELEVTYP_F":0,"ELEVTYP_T":0},"geometry":{"type":"LineString","coordinates":[[-73.9825679736692,40.3252185448025],[-73.9825784161912,40.3253191809808],[-73.9826234178221,40.3254951816847],[-73.9826204170382,40.3255341809624],[-73.9825714188555,40.3256531803807],[-73.9824784173162,40.325840182188],[-73.98248241619,40.3258581807197],[-73.9825004173277,40.3258701813971],[-73.9828474163435,40.325967181746],[-73.9832514181113,40.3260721822252]]}},{"type":"Feature","id":90853,"properties":{"OBJECTID":90853,"PRIMENAME":"Branchport Avenue","ELEVTYP_F":0,"ELEVTYP_T":0},"geometry":{"type":"LineString","coordinates":[[-74.0057782237987,40.3111038357724],[-74.0056918181148,40.3109605901351]]}},{"type":"Feature","id":91215,"properties":{"OBJECTID":91215,"PRIMENAME":"West End Court","ELEVTYP_F":0,"ELEVTYP_T":0},"geometry":{"type":"LineString","coordinates":[[-73.9865464137473,40.2836639354272],[-73.9854672006932,40.283561108981]]}},{"type":"Feature","id":91295,"properties":{"OBJECTID":91295,"PRIMENAME":"Norwood Avenue","ELEVTYP_F":0,"ELEVTYP_T":0},"geometry":{"type":"LineString","coordinates":[[-74.0003164058397,40.2638622569206],[-74.0003531035867,40.2639859827755]]}},{"type":"Feature","id":91621,"properties":{"OBJECTID":91621,"PRIMENAME":"Sea Breeze Court","ELEVTYP_F":0,"ELEVTYP_T":0},"geometry":{"type":"LineString","coordinates":[[-73.9923184220834,40.3234421813547],[-73.9923354201399,40.323354181011],[-73.9923844207064,40.3231721802499],[-73.9924164186837,40.3230721805503],[-73.9924294204428,40.3230141805465]]}},{"type":"Feature","id":91878,"properties":{"OBJECTID":91878,"PRIMENAME":"Unnamed Segment","ELEVTYP_F":0,"ELEVTYP_T":0},"geometry":{"type":"LineString","coordinates":[[-73.9812194163209,40.3185171792493],[-73.9812554154565,40.3185431795549],[-73.9813044153673,40.3185571801819],[-73.9813554174013,40.3185581807127],[-73.9815664160108,40.3185301803655],[-73.9816114183512,40.3185311800146],[-73.9816694172769,40.3185451793823],[-73.9821284156913,40.3185601792705]]}},{"type":"Feature","id":91908,"properties":{"OBJECTID":91908,"PRIMENAME":"Clifton Avenue","ELEVTYP_F":0,"ELEVTYP_T":0},"geometry":{"type":"LineString","coordinates":[[-73.9810219530309,40.3149893282192],[-73.9810258989394,40.3152514022674]]}},{"type":"Feature","id":91926,"properties":{"OBJECTID":91926,"PRIMENAME":"Broadway","ELEVTYP_F":0,"ELEVTYP_T":0},"geometry":{"type":"LineString","coordinates":[[-74.0047179664689,40.2992835845227],[-74.0037296274262,40.2994931736021]]}},{"type":"Feature","id":92238,"properties":{"OBJECTID":92238,"PRIMENAME":"7th Avenue","ELEVTYP_F":0,"ELEVTYP_T":0},"geometry":{"type":"LineString","coordinates":[[-73.9954702714454,40.3055941999467],[-73.9959415759469,40.3062698734642],[-73.9959572973752,40.30629334282]]}},{"type":"Feature","id":92766,"properties":{"OBJECTID":92766,"PRIMENAME":"Unnamed Segment","ELEVTYP_F":0,"ELEVTYP_T":0},"geometry":{"type":"LineString","coordinates":[[-73.9892124174622,40.2816901724708],[-73.9892444173904,40.2820461726914]]}},{"type":"Feature","id":92907,"properties":{"OBJECTID":92907,"PRIMENAME":"Unnamed Segment","ELEVTYP_F":0,"ELEVTYP_T":0},"geometry":{"type":"LineString","coordinates":[[-73.9870315182942,40.2881086732056],[-73.9870360113734,40.2881595011127],[-73.9870050200833,40.2882781345382],[-73.9869245891668,40.2885064570642]]}},{"type":"Feature","id":93057,"properties":{"OBJECTID":93057,"PRIMENAME":"Westwood Avenue","ELEVTYP_F":0,"ELEVTYP_T":0},"geometry":{"type":"LineString","coordinates":[[-73.9949939397138,40.2903969139485],[-73.9947553637376,40.2906519189327],[-73.9947114345892,40.2907058918256]]}},{"type":"Feature","id":93132,"properties":{"OBJECTID":93132,"PRIMENAME":"Brighton Avenue","ELEVTYP_F":0,"ELEVTYP_T":0},"geometry":{"type":"LineString","coordinates":[[-73.989757647484,40.2848169938398],[-73.9895362001941,40.28479021858],[-73.9888035376854,40.2847016284005],[-73.9883949708301,40.2846529891852]]}},{"type":"Feature","id":93515,"properties":{"OBJECTID":93515,"PRIMENAME":"Unnamed Segment","ELEVTYP_F":0,"ELEVTYP_T":0},"geometry":{"type":"LineString","coordinates":[[-73.9933244218525,40.325488180332],[-73.9933124233551,40.3258331816571],[-73.9933154202314,40.3260711807603]]}},{"type":"Feature","id":93912,"properties":{"OBJECTID":93912,"PRIMENAME":"Unnamed Segment","ELEVTYP_F":0,"ELEVTYP_T":0},"geometry":{"type":"LineString","coordinates":[[-73.9820904188638,40.3177921796438],[-73.9822134174457,40.3177841803243],[-73.9823534169058,40.3185611790971]]}},{"type":"Feature","id":94000,"properties":{"OBJECTID":94000,"PRIMENAME":"Ocean Terrace","ELEVTYP_F":0,"ELEVTYP_T":0},"geometry":{"type":"LineString","coordinates":[[-73.9785348681052,40.3104586617447],[-73.9792511654194,40.3104309498213]]}},{"type":"Feature","id":94386,"properties":{"OBJECTID":94386,"PRIMENAME":"John Street","ELEVTYP_F":0,"ELEVTYP_T":0},"geometry":{"type":"LineString","coordinates":[[-73.9979116484379,40.307177302626],[-73.9978775643927,40.3071266431798],[-73.9977359057759,40.3069163221005],[-73.9976374262824,40.3067681472129],[-73.9973291922039,40.3063569222514]]}},{"type":"Feature","id":94786,"properties":{"OBJECTID":94786,"PRIMENAME":"Melden Avenue","ELEVTYP_F":0,"ELEVTYP_T":0},"geometry":{"type":"LineString","coordinates":[[-73.9939735418234,40.2736363856607],[-73.9941744118245,40.2731861414099],[-73.994352811011,40.2728030014563]]}},{"type":"Feature","id":94815,"properties":{"OBJECTID":94815,"PRIMENAME":"Larchwood Avenue","ELEVTYP_F":0,"ELEVTYP_T":0},"geometry":{"type":"LineString","coordinates":[[-74.0108107428924,40.2799345434174],[-74.0106355413841,40.2790789950485],[-74.0105275561835,40.2785209020315],[-74.0105129190129,40.2784532526922]]}},{"type":"Feature","id":94829,"properties":{"OBJECTID":94829,"PRIMENAME":"Garfield Avenue","ELEVTYP_F":0,"ELEVTYP_T":0},"geometry":{"type":"LineString","coordinates":[[-74.0030118696616,40.2607285800048],[-74.0046979935245,40.2608789453201],[-74.0057225759668,40.2609784758663]]}},{"type":"Feature","id":95820,"properties":{"OBJECTID":95820,"PRIMENAME":"Broadway","ELEVTYP_F":0,"ELEVTYP_T":0},"geometry":{"type":"LineString","coordinates":[[-74.011913845757,40.2987648767018],[-74.011512905935,40.2987583525377],[-74.0109024536465,40.2987346900005]]}},{"type":"Feature","id":97169,"properties":{"OBJECTID":97169,"PRIMENAME":"Unnamed Segment","ELEVTYP_F":0,"ELEVTYP_T":0},"geometry":{"type":"LineString","coordinates":[[-73.9944864209881,40.3253441806961],[-73.9945454216272,40.3254141806248],[-73.9945724220204,40.3256691817618],[-73.9945884207356,40.325700181007],[-73.9946184218427,40.3257191816738],[-73.9946494221015,40.3257261818865],[-73.9954544206531,40.3256811811802],[-73.9954974222146,40.3256621803041],[-73.9955174199366,40.3256381813384],[-73.9955234219733,40.3256091821503],[-73.9955144236912,40.325513180969],[-73.9954954219104,40.325432180676],[-73.9953998782721,40.3252354583806]]}},{"type":"Feature","id":97316,"properties":{"OBJECTID":97316,"PRIMENAME":"Branchport Avenue","ELEVTYP_F":0,"ELEVTYP_T":0},"geometry":{"type":"LineString","coordinates":[[-74.0041576369484,40.3060715418941],[-74.0043642424349,40.3063568032812],[-74.0046325443528,40.3067425283403]]}},{"type":"Feature","id":98306,"properties":{"OBJECTID":98306,"PRIMENAME":"Unnamed Segment","ELEVTYP_F":0,"ELEVTYP_T":0},"geometry":{"type":"LineString","coordinates":[[-73.9946094214973,40.3244801815721],[-73.9946064215232,40.3244191806966],[-73.9946194220355,40.3243691800586],[-73.9946734217318,40.324315181292]]}},{"type":"Feature","id":98362,"properties":{"OBJECTID":98362,"PRIMENAME":"Unnamed Segment","ELEVTYP_F":0,"ELEVTYP_T":0},"geometry":{"type":"LineString","coordinates":[[-73.9974994219827,40.2889361733454],[-73.9981064191179,40.2892661733064]]}},{"type":"Feature","id":98909,"properties":{"OBJECTID":98909,"PRIMENAME":"Pavilion Avenue","ELEVTYP_F":0,"ELEVTYP_T":0},"geometry":{"type":"LineString","coordinates":[[-73.9812607840674,40.2972681460998],[-73.981094269927,40.2973027583148]]}},{"type":"Feature","id":99156,"properties":{"OBJECTID":99156,"PRIMENAME":"William Street","ELEVTYP_F":0,"ELEVTYP_T":0},"geometry":{"type":"LineString","coordinates":[[-74.0036663707653,40.3035217171391],[-74.0038895625437,40.3039498291145],[-74.0039631683351,40.3040978921237],[-74.0041664939631,40.3043894805127],[-74.0042061297925,40.3044463395343]]}},{"type":"Feature","id":99181,"properties":{"OBJECTID":99181,"PRIMENAME":"Eastbourne Avenue","ELEVTYP_F":0,"ELEVTYP_T":0},"geometry":{"type":"LineString","coordinates":[[-73.9947602310864,40.2929105349177],[-73.9946719164399,40.2928647452269],[-73.9945796339441,40.2928143087501],[-73.9940556782191,40.2925279374779]]}},{"type":"Feature","id":99215,"properties":{"OBJECTID":99215,"PRIMENAME":"Matilda Terrace","ELEVTYP_F":0,"ELEVTYP_T":0},"geometry":{"type":"LineString","coordinates":[[-73.9812634152282,40.2894071738421],[-73.9823421726756,40.2894082324361]]}},{"type":"Feature","id":99747,"properties":{"OBJECTID":99747,"PRIMENAME":"Lincoln Avenue","ELEVTYP_F":0,"ELEVTYP_T":0},"geometry":{"type":"LineString","coordinates":[[-73.9961804521706,40.2652557869786],[-73.9964602304057,40.2653321966006],[-73.99697175349,40.2654642311797],[-73.9972097018001,40.2655256493473]]}},{"type":"Feature","id":100086,"properties":{"OBJECTID":100086,"PRIMENAME":"Unnamed Segment","ELEVTYP_F":0,"ELEVTYP_T":0},"geometry":{"type":"LineString","coordinates":[[-73.9849099032238,40.2927467253545],[-73.9849407461766,40.2928375544627],[-73.9843315575024,40.2943591339562]]}},{"type":"Feature","id":100225,"properties":{"OBJECTID":100225,"PRIMENAME":"Patten Avenue","ELEVTYP_F":0,"ELEVTYP_T":0},"geometry":{"type":"LineString","coordinates":[[-73.9920514253147,40.3205755990659],[-73.9920177173369,40.320713562784]]}},{"type":"Feature","id":100331,"properties":{"OBJECTID":100331,"PRIMENAME":"Perrine Avenue","ELEVTYP_F":0,"ELEVTYP_T":0},"geometry":{"type":"LineString","coordinates":[[-74.007906115193,40.2730028400146],[-74.0083931096759,40.2729384483796]]}},{"type":"Feature","id":100457,"properties":{"OBJECTID":100457,"PRIMENAME":"Summer Street","ELEVTYP_F":0,"ELEVTYP_T":0},"geometry":{"type":"LineString","coordinates":[[-73.9995399989206,40.2935912869076],[-73.9995026083295,40.2935959292812],[-73.9994336782501,40.2936527868777],[-73.9986059449189,40.2944880023043],[-73.9985244327575,40.2945734367539],[-73.9985167212615,40.2945836429157]]}},{"type":"Feature","id":100812,"properties":{"OBJECTID":100812,"PRIMENAME":"South 7th Avenue","ELEVTYP_F":0,"ELEVTYP_T":0},"geometry":{"type":"LineString","coordinates":[[-73.9923541891084,40.3003565472519],[-73.9921946501001,40.2995310763207],[-73.9921826372687,40.2994690646582],[-73.9921831011528,40.2994071068572],[-73.9921866752955,40.2993990247326]]}},{"type":"Feature","id":100978,"properties":{"OBJECTID":100978,"PRIMENAME":"Castlewall Avenue","ELEVTYP_F":0,"ELEVTYP_T":0},"geometry":{"type":"LineString","coordinates":[[-73.994352811011,40.2728030014563],[-73.9944697328926,40.2728013714534],[-73.9962930236267,40.2727759685151],[-73.9964049296907,40.2727741219806]]}},{"type":"Feature","id":101013,"properties":{"OBJECTID":101013,"PRIMENAME":"Columbia Avenue","ELEVTYP_F":0,"ELEVTYP_T":0},"geometry":{"type":"LineString","coordinates":[[-73.9780226636732,40.3233662339926],[-73.9781391078502,40.3233588534238],[-73.9799644566625,40.3232431554084],[-73.9800926298901,40.3232356328593]]}},{"type":"Feature","id":101044,"properties":{"OBJECTID":101044,"PRIMENAME":"East Walnut Place","ELEVTYP_F":0,"ELEVTYP_T":0},"geometry":{"type":"LineString","coordinates":[[-74.0138430313171,40.2954568370746],[-74.0137593939349,40.2954060838455],[-74.012979892977,40.2949331261439]]}},{"type":"Feature","id":101142,"properties":{"OBJECTID":101142,"PRIMENAME":"Larchwood Avenue","ELEVTYP_F":0,"ELEVTYP_T":0},"geometry":{"type":"LineString","coordinates":[[-74.0091426641821,40.2692209456092],[-74.0090291383667,40.2684515259078],[-74.0089776034928,40.2680204445709]]}},{"type":"Feature","id":101706,"properties":{"OBJECTID":101706,"PRIMENAME":"Lane Street","ELEVTYP_F":0,"ELEVTYP_T":0},"geometry":{"type":"LineString","coordinates":[[-74.0010911387658,40.3050144927617],[-74.0011928503824,40.3049676864774],[-74.0017987266965,40.3046891057234]]}},{"type":"Feature","id":101847,"properties":{"OBJECTID":101847,"PRIMENAME":"Nicholson Place","ELEVTYP_F":0,"ELEVTYP_T":0},"geometry":{"type":"LineString","coordinates":[[-73.9997601173659,40.323332840923],[-73.9996503610149,40.3233578412467],[-73.9983744055282,40.3236485773569],[-73.9983295092392,40.3236523086139],[-73.998290476473,40.32365351193],[-73.9982443840016,40.3236492212451],[-73.9982374867985,40.3236476854352]]}},{"type":"Feature","id":102030,"properties":{"OBJECTID":102030,"PRIMENAME":"Lincoln Avenue","ELEVTYP_F":0,"ELEVTYP_T":0},"geometry":{"type":"LineString","coordinates":[[-73.9955624400843,40.2650606886688],[-73.9957029118875,40.2651001113949],[-73.9958036389966,40.2651349205169]]}},{"type":"Feature","id":103495,"properties":{"OBJECTID":103495,"PRIMENAME":"Norwood Avenue","ELEVTYP_F":0,"ELEVTYP_T":0},"geometry":{"type":"LineString","coordinates":[[-74.0017272050836,40.2938184504531],[-74.0019420904324,40.2947959030514],[-74.0019507152429,40.2948369804855]]}},{"type":"Feature","id":103791,"properties":{"OBJECTID":103791,"PRIMENAME":"3rd Avenue","ELEVTYP_F":0,"ELEVTYP_T":0},"geometry":{"type":"LineString","coordinates":[[-73.9874682782592,40.2985713463731],[-73.9874617299353,40.2981709561339],[-73.987456212508,40.2980756177924],[-73.9874696254782,40.2979517305028],[-73.9874828946227,40.2978422008571],[-73.9875167968922,40.2976400290829]]}},{"type":"Feature","id":104022,"properties":{"OBJECTID":104022,"PRIMENAME":"Pleasure Bay","ELEVTYP_F":0,"ELEVTYP_T":0},"geometry":{"type":"LineString","coordinates":[[-73.9958764212826,40.3148731792263],[-73.9958164206398,40.3149601795316],[-73.995717420453,40.3150701791644],[-73.9955054225435,40.3152561786375],[-73.995313421835,40.315433179146]]}},{"type":"Feature","id":104120,"properties":{"OBJECTID":104120,"PRIMENAME":"West End Avenue","ELEVTYP_F":0,"ELEVTYP_T":0},"geometry":{"type":"LineString","coordinates":[[-73.9995384311807,40.2908781587985],[-73.9991529517385,40.2907943533749],[-73.9988485199893,40.2907262990177],[-73.9987614773273,40.2907020932293],[-73.9986623144682,40.2906540070223],[-73.9985430687172,40.2905874854645]]}},{"type":"Feature","id":104199,"properties":{"OBJECTID":104199,"PRIMENAME":"Norwood Avenue","ELEVTYP_F":0,"ELEVTYP_T":0},"geometry":{"type":"LineString","coordinates":[[-74.0018042692907,40.26918060708],[-74.0019775795582,40.26979156092],[-74.0020821086087,40.270174476124],[-74.0021640565838,40.2704500657142],[-74.0021967819714,40.2706100659521]]}},{"type":"Feature","id":104782,"properties":{"OBJECTID":104782,"PRIMENAME":"Brookdale Avenue","ELEVTYP_F":0,"ELEVTYP_T":0},"geometry":{"type":"LineString","coordinates":[[-73.998046035216,40.2870334161379],[-73.9970290689387,40.2864786391093]]}},{"type":"Feature","id":104819,"properties":{"OBJECTID":104819,"PRIMENAME":"Unnamed Segment","ELEVTYP_F":0,"ELEVTYP_T":0},"geometry":{"type":"LineString","coordinates":[[-73.9866924158872,40.2927071744715],[-73.9867074165753,40.2927681741708],[-73.9866974162437,40.2931061748428],[-73.9867204192461,40.293122175316],[-73.9868424174406,40.2931211745462],[-73.9868744166421,40.293101175042],[-73.9868674159403,40.2927481750429],[-73.9868594156696,40.2926781737076]]}},{"type":"Feature","id":104834,"properties":{"OBJECTID":104834,"PRIMENAME":"Gerard Avenue","ELEVTYP_F":0,"ELEVTYP_T":0},"geometry":{"type":"LineString","coordinates":[[-74.0050819724329,40.2953845807248],[-74.0052288767416,40.2952885773864],[-74.0056954768689,40.294984955845],[-74.0059855646367,40.2947961900978],[-74.0060635887877,40.2947454351629]]}},{"type":"Feature","id":105088,"properties":{"OBJECTID":105088,"PRIMENAME":"Unnamed Segment","ELEVTYP_F":0,"ELEVTYP_T":0},"geometry":{"type":"LineString","coordinates":[[-73.9975200533168,40.2900209043518],[-73.9978344203141,40.2896811742388],[-73.9978724206375,40.289625174051],[-73.9979024201824,40.2895641728955],[-73.9978984204545,40.2894981732424],[-73.9979144206127,40.2894741734579],[-73.9981064191179,40.2892661733064]]}},{"type":"Feature","id":105455,"properties":{"OBJECTID":105455,"PRIMENAME":"Elberon Avenue","ELEVTYP_F":0,"ELEVTYP_T":0},"geometry":{"type":"LineString","coordinates":[[-73.990021425694,40.2742666880944],[-73.9897260962921,40.2755972849616],[-73.9896232000777,40.2760352973322],[-73.9895523085155,40.2763638349088],[-73.9895382337719,40.2764290815548]]}},{"type":"Feature","id":105588,"properties":{"OBJECTID":105588,"PRIMENAME":"Royal Place","ELEVTYP_F":0,"ELEVTYP_T":0},"geometry":{"type":"LineString","coordinates":[[-73.9963596775261,40.2713470676081],[-73.9964591685871,40.2713468971519],[-73.9972556669707,40.2713455833364],[-73.9973718299405,40.2713444685821]]}},{"type":"Feature","id":105742,"properties":{"OBJECTID":105742,"PRIMENAME":"Dunbar Avenue","ELEVTYP_F":0,"ELEVTYP_T":0},"geometry":{"type":"LineString","coordinates":[[-73.9837917018532,40.2943851081058],[-73.9836686304231,40.2943937555583],[-73.9824432271495,40.2944135087713]]}},{"type":"Feature","id":105983,"properties":{"OBJECTID":105983,"PRIMENAME":"Bernard Drive","ELEVTYP_F":0,"ELEVTYP_T":0},"geometry":{"type":"LineString","coordinates":[[-73.9922852008246,40.2746969637785],[-73.9915640894202,40.2744997373647],[-73.9914234727558,40.274477542267],[-73.990021425694,40.2742666880944]]}},{"type":"Feature","id":106078,"properties":{"OBJECTID":106078,"PRIMENAME":"Larchwood Avenue","ELEVTYP_F":0,"ELEVTYP_T":0},"geometry":{"type":"LineString","coordinates":[[-74.0082373657233,40.2649794331382],[-74.0083267184899,40.2657891064584],[-74.0083435651949,40.2659421142417]]}},{"type":"Feature","id":106736,"properties":{"OBJECTID":106736,"PRIMENAME":"Lockwood Avenue","ELEVTYP_F":0,"ELEVTYP_T":0},"geometry":{"type":"LineString","coordinates":[[-73.9932190994375,40.2752980611224],[-73.9941254774444,40.2752801204448]]}},{"type":"Feature","id":107938,"properties":{"OBJECTID":107938,"PRIMENAME":"Joline Avenue","ELEVTYP_F":0,"ELEVTYP_T":0},"geometry":{"type":"LineString","coordinates":[[-73.9848900237565,40.3132368342539],[-73.9842830309349,40.3132656222537]]}},{"type":"Feature","id":107972,"properties":{"OBJECTID":107972,"PRIMENAME":"Unnamed Segment","ELEVTYP_F":0,"ELEVTYP_T":0},"geometry":{"type":"LineString","coordinates":[[-73.9942424205804,40.3147641785812],[-73.9941786625921,40.3148440455317],[-73.9941474207421,40.3148831792955],[-73.9940374205615,40.3149871787588],[-73.9939984195052,40.3150361785471],[-73.9939584189447,40.3151241795244],[-73.9939714202075,40.3151501797675],[-73.9945344212919,40.3153161784308]]}},{"type":"Feature","id":108448,"properties":{"OBJECTID":108448,"PRIMENAME":"2nd Avenue","ELEVTYP_F":0,"ELEVTYP_T":0},"geometry":{"type":"LineString","coordinates":[[-73.9829594425772,40.3041221357029],[-73.9829625017068,40.3041489150882],[-73.9830405924623,40.3045210199747],[-73.9831557197007,40.3049361705064],[-73.9832221338367,40.3052081322049],[-73.9832601889377,40.3052455614427],[-73.9833109318596,40.3052954700879]]}},{"type":"Feature","id":108809,"properties":{"OBJECTID":108809,"PRIMENAME":"Unnamed Segment","ELEVTYP_F":0,"ELEVTYP_T":0},"geometry":{"type":"LineString","coordinates":[[-74.0123804249707,40.2917101734359],[-74.012339426779,40.2916851739708],[-74.0121924249346,40.2916411731361],[-74.0119154268754,40.2915361742525]]}},{"type":"Feature","id":109313,"properties":{"OBJECTID":109313,"PRIMENAME":"Unnamed Segment","ELEVTYP_F":0,"ELEVTYP_T":0},"geometry":{"type":"LineString","coordinates":[[-73.9870869152816,40.2815029634139],[-73.987051627608,40.2814696023427],[-73.9870314168482,40.2813891720485],[-73.9870074165454,40.281210172],[-73.986990416792,40.2811181725393]]}},{"type":"Feature","id":109454,"properties":{"OBJECTID":109454,"PRIMENAME":"McKinley Street","ELEVTYP_F":0,"ELEVTYP_T":0},"geometry":{"type":"LineString","coordinates":[[-73.9785881787881,40.3086911040574],[-73.9786397757133,40.30759982089]]}},{"type":"Feature","id":109538,"properties":{"OBJECTID":109538,"PRIMENAME":"Joline Avenue","ELEVTYP_F":0,"ELEVTYP_T":0},"geometry":{"type":"LineString","coordinates":[[-73.9952674704944,40.3090231483195],[-73.9951086834461,40.3090717321497],[-73.9947220730047,40.3091891037938]]}},{"type":"Feature","id":109595,"properties":{"OBJECTID":109595,"PRIMENAME":"Sternberger Avenue","ELEVTYP_F":0,"ELEVTYP_T":0},"geometry":{"type":"LineString","coordinates":[[-73.986050980913,40.2802605288323],[-73.9861066511569,40.2802567051084],[-73.986229433839,40.2802484400967]]}},{"type":"Feature","id":109926,"properties":{"OBJECTID":109926,"PRIMENAME":"Cedar Avenue","ELEVTYP_F":0,"ELEVTYP_T":0},"geometry":{"type":"LineString","coordinates":[[-74.0070852532513,40.2817171805246],[-74.0072153370671,40.2817313787181],[-74.0075043284937,40.2817790859308],[-74.0077867570047,40.2818261511539]]}},{"type":"Feature","id":110181,"properties":{"OBJECTID":110181,"PRIMENAME":"Hillcrest Road","ELEVTYP_F":0,"ELEVTYP_T":0},"geometry":{"type":"LineString","coordinates":[[-74.0024686983411,40.2722919412295],[-74.0023444428197,40.2723017257885],[-74.0015974012518,40.2723604697754],[-74.0015226081123,40.2723744501137],[-74.0014610086779,40.2724025708992],[-74.0014349961859,40.2724455582016],[-74.0014407412049,40.2725075430937],[-74.0015294810329,40.2731370476542],[-74.0015368396392,40.2731892393837]]}},{"type":"Feature","id":110311,"properties":{"OBJECTID":110311,"PRIMENAME":"Michael Avenue","ELEVTYP_F":0,"ELEVTYP_T":0},"geometry":{"type":"LineString","coordinates":[[-74.0054362808043,40.2626593637254],[-74.0053274898998,40.2632837124285],[-74.0053147745942,40.2633567081851]]}},{"type":"Feature","id":110550,"properties":{"OBJECTID":110550,"PRIMENAME":"Myrtle Avenue","ELEVTYP_F":0,"ELEVTYP_T":0},"geometry":{"type":"LineString","coordinates":[[-74.0096161613357,40.303982287782],[-74.009691115095,40.3041052641724],[-74.009709145832,40.304134848819],[-74.0098011235571,40.3042877621725]]}},{"type":"Feature","id":110570,"properties":{"OBJECTID":110570,"PRIMENAME":"Unnamed Segment","ELEVTYP_F":0,"ELEVTYP_T":0},"geometry":{"type":"LineString","coordinates":[[-73.9954610104233,40.259612280389],[-73.9955707765176,40.2596351052793],[-73.9970960600703,40.2599524486106],[-73.9990802441959,40.2603652345735],[-73.9991389203561,40.2603774574694]]}},{"type":"Feature","id":110591,"properties":{"OBJECTID":110591,"PRIMENAME":"Elm Wood Avenue","ELEVTYP_F":0,"ELEVTYP_T":0},"geometry":{"type":"LineString","coordinates":[[-73.9861358387984,40.3138759451445],[-73.986000671974,40.313890717053],[-73.9850292437506,40.3139969621951]]}},{"type":"Feature","id":110646,"properties":{"OBJECTID":110646,"PRIMENAME":"Norwood Avenue","ELEVTYP_F":0,"ELEVTYP_T":0},"geometry":{"type":"LineString","coordinates":[[-74.0032106158072,40.2810344360233],[-74.0032446176512,40.2811923138064]]}},{"type":"Feature","id":110856,"properties":{"OBJECTID":110856,"PRIMENAME":"Unnamed Segment","ELEVTYP_F":0,"ELEVTYP_T":0},"geometry":{"type":"LineString","coordinates":[[-74.002898097724,40.2794715245275],[-74.0030354205373,40.279455172072],[-74.0033404217972,40.2794141712889]]}},{"type":"Feature","id":111053,"properties":{"OBJECTID":111053,"PRIMENAME":"Bampton Place","ELEVTYP_F":0,"ELEVTYP_T":0},"geometry":{"type":"LineString","coordinates":[[-74.0127436598988,40.2935115385208],[-74.0127642373017,40.2936614317809],[-74.0134875638776,40.2941015689758]]}},{"type":"Feature","id":111105,"properties":{"OBJECTID":111105,"PRIMENAME":"North Lake Drive","ELEVTYP_F":0,"ELEVTYP_T":0},"geometry":{"type":"LineString","coordinates":[[-73.9876021763955,40.2776362275002],[-73.9879003695482,40.2776693292237],[-73.9883722344881,40.2777217068048],[-73.98864577454,40.2777562710526],[-73.9888198554366,40.2777713427286],[-73.9889816431093,40.2777720573575],[-73.9892120670979,40.2777492459834],[-73.989479871564,40.2777220426381]]}},{"type":"Feature","id":111665,"properties":{"OBJECTID":111665,"PRIMENAME":"Hollywood Avenue","ELEVTYP_F":0,"ELEVTYP_T":0},"geometry":{"type":"LineString","coordinates":[[-73.9898456232364,40.2838430218104],[-73.9897630045656,40.2847576928048],[-73.989757647484,40.2848169938398]]}},{"type":"Feature","id":112019,"properties":{"OBJECTID":112019,"PRIMENAME":"Garrett Drive","ELEVTYP_F":0,"ELEVTYP_T":0},"geometry":{"type":"LineString","coordinates":[[-73.9977696096854,40.2914210905635],[-73.9983526883424,40.2914680622163],[-73.9983938586782,40.2914709706095]]}},{"type":"Feature","id":112024,"properties":{"OBJECTID":112024,"PRIMENAME":"Monmouth Place","ELEVTYP_F":0,"ELEVTYP_T":0},"geometry":{"type":"LineString","coordinates":[[-73.9993879227274,40.2889850659632],[-73.9994468159689,40.2889225925397],[-74.0001529556689,40.2881734289336]]}},{"type":"Feature","id":112064,"properties":{"OBJECTID":112064,"PRIMENAME":"Riverdale Avenue","ELEVTYP_F":0,"ELEVTYP_T":0},"geometry":{"type":"LineString","coordinates":[[-73.980857775879,40.3290028559138],[-73.9806141748716,40.3285099339415],[-73.9805440838884,40.3283681041399]]}},{"type":"Feature","id":112294,"properties":{"OBJECTID":112294,"PRIMENAME":"Westwood Avenue","ELEVTYP_F":0,"ELEVTYP_T":0},"geometry":{"type":"LineString","coordinates":[[-73.9960811103544,40.2892324120282],[-73.9958469413243,40.2894890029672],[-73.9954078484637,40.2899541328688],[-73.9951506271603,40.2902294537017],[-73.9951094319551,40.2902734719866]]}},{"type":"Feature","id":112857,"properties":{"OBJECTID":112857,"PRIMENAME":"Pinewood Avenue","ELEVTYP_F":0,"ELEVTYP_T":0},"geometry":{"type":"LineString","coordinates":[[-74.0084375349142,40.2884015545888],[-74.0084343514181,40.2882966457363],[-74.0081751673078,40.2879953274066],[-74.0080578417616,40.2878660784193],[-74.0079961994572,40.2877848325945],[-74.0079346267791,40.2876940058137],[-74.0079042718227,40.2875890372178],[-74.007887841365,40.2874510745235],[-74.0078690630175,40.2872933917978],[-74.0078585746484,40.2872171675777]]}},{"type":"Feature","id":112891,"properties":{"OBJECTID":112891,"PRIMENAME":"Larchwood Avenue","ELEVTYP_F":0,"ELEVTYP_T":0},"geometry":{"type":"LineString","coordinates":[[-74.0099986090467,40.2764296953897],[-74.009946524447,40.2762545960627],[-74.0098704632002,40.2759881635333],[-74.00981302223,40.2757869582845],[-74.0097950385821,40.2756963448885],[-74.0097770522478,40.275596177258],[-74.0097871422724,40.275489404232],[-74.0098002656936,40.2753988037261]]}},{"type":"Feature","id":112912,"properties":{"OBJECTID":112912,"PRIMENAME":"Unnamed Segment","ELEVTYP_F":0,"ELEVTYP_T":0},"geometry":{"type":"LineString","coordinates":[[-73.9853751359638,40.3190703441791],[-73.9852134177404,40.3190541802267],[-73.9849854190301,40.3190401797757],[-73.9846524176031,40.3190281798467],[-73.9846114178047,40.3190661795329],[-73.9845994190392,40.3190821802394],[-73.984674416467,40.3196471795718],[-73.9846914181849,40.3197291806205]]}},{"type":"Feature","id":113531,"properties":{"OBJECTID":113531,"PRIMENAME":"Unnamed Segment","ELEVTYP_F":0,"ELEVTYP_T":0},"geometry":{"type":"LineString","coordinates":[[-73.9945344212919,40.3153161784308],[-73.9945564210356,40.3154051791241],[-73.9943795343248,40.3157662515484]]}},{"type":"Feature","id":113610,"properties":{"OBJECTID":113610,"PRIMENAME":"Almyr Avenue","ELEVTYP_F":0,"ELEVTYP_T":0},"geometry":{"type":"LineString","coordinates":[[-73.9954610104233,40.259612280389],[-73.9953343757932,40.2599447792612],[-73.9952495547441,40.2601674866202],[-73.9951355603894,40.2605542864449]]}},{"type":"Feature","id":113628,"properties":{"OBJECTID":113628,"PRIMENAME":"Broadway","ELEVTYP_F":0,"ELEVTYP_T":0},"geometry":{"type":"LineString","coordinates":[[-74.0109024536465,40.2987346900005],[-74.0098553781871,40.2987058266764]]}},{"type":"Feature","id":114117,"properties":{"OBJECTID":114117,"PRIMENAME":"Branton Avenue","ELEVTYP_F":0,"ELEVTYP_T":0},"geometry":{"type":"LineString","coordinates":[[-73.996380402698,40.2719400437763],[-73.9962681047257,40.2719418066234],[-73.9948493061056,40.2719642265479],[-73.9947406630538,40.2719659210071]]}},{"type":"Feature","id":114492,"properties":{"OBJECTID":114492,"PRIMENAME":"Chelton Avenue","ELEVTYP_F":0,"ELEVTYP_T":0},"geometry":{"type":"LineString","coordinates":[[-73.9864957214643,40.3157869678882],[-73.9876134737018,40.3156606625388],[-73.9880547078649,40.315610800411],[-73.9882278201105,40.3155912241687]]}},{"type":"Feature","id":114526,"properties":{"OBJECTID":114526,"PRIMENAME":"Jersey Avenue","ELEVTYP_F":0,"ELEVTYP_T":0},"geometry":{"type":"LineString","coordinates":[[-73.9966703984967,40.2805561116919],[-73.9967710577498,40.2805548472669],[-73.9977684719938,40.2805424618849],[-73.9978991910194,40.2805430291977],[-73.9979992506975,40.2805501624647],[-73.9981298239211,40.280560748734],[-73.9982474489235,40.2805579093019],[-73.9986701634555,40.2805230657722],[-73.9996899103208,40.2804374089758],[-73.9998362431679,40.2804251387461]]}},{"type":"Feature","id":114536,"properties":{"OBJECTID":114536,"PRIMENAME":"Rosewood Row","ELEVTYP_F":0,"ELEVTYP_T":0},"geometry":{"type":"LineString","coordinates":[[-73.9838194741659,40.3141292817038],[-73.983682308681,40.3133751941055],[-73.9836676797253,40.3132948317986]]}},{"type":"Feature","id":114556,"properties":{"OBJECTID":114556,"PRIMENAME":"Joline Avenue","ELEVTYP_F":0,"ELEVTYP_T":0},"geometry":{"type":"LineString","coordinates":[[-74.0041576369484,40.3060715418941],[-74.0039173128704,40.3061608835423],[-74.0027140943952,40.306613261433],[-74.002482595203,40.3067015401179],[-74.0024421054428,40.3067169869782]]}},{"type":"Feature","id":114688,"properties":{"OBJECTID":114688,"PRIMENAME":"Willow Avenue","ELEVTYP_F":0,"ELEVTYP_T":0},"geometry":{"type":"LineString","coordinates":[[-73.9783385515019,40.329249214504],[-73.9783888471571,40.3293835160624],[-73.9785015253525,40.3296843503109],[-73.9787671899577,40.3303936154896]]}},{"type":"Feature","id":114932,"properties":{"OBJECTID":114932,"PRIMENAME":"South Lincoln Avenue","ELEVTYP_F":0,"ELEVTYP_T":0},"geometry":{"type":"LineString","coordinates":[[-73.9988853049629,40.2640193857359],[-73.9992570882522,40.2640289029487],[-73.9993160247896,40.2640306404574]]}},{"type":"Feature","id":115358,"properties":{"OBJECTID":115358,"PRIMENAME":"South Lincoln Avenue","ELEVTYP_F":0,"ELEVTYP_T":0},"geometry":{"type":"LineString","coordinates":[[-74.0126869189869,40.2666615078337],[-74.0125263051151,40.2666457047027],[-74.0117218989207,40.2665483722847]]}},{"type":"Feature","id":115427,"properties":{"OBJECTID":115427,"PRIMENAME":"Ocean Avenue North","ELEVTYP_F":0,"ELEVTYP_T":0},"geometry":{"type":"LineString","coordinates":[[-73.9765270100196,40.3185577456932],[-73.9765260472494,40.3185617429434],[-73.976519070252,40.3186570519273],[-73.9765180763279,40.3187857428118],[-73.976551132264,40.3192276686677],[-73.9766140085929,40.3200682120765],[-73.9766531631059,40.3206639052253]]}},{"type":"Feature","id":115570,"properties":{"OBJECTID":115570,"PRIMENAME":"Hulick Street","ELEVTYP_F":0,"ELEVTYP_T":0},"geometry":{"type":"LineString","coordinates":[[-73.9868436469297,40.2868966470113],[-73.9870481254031,40.2869195433098]]}},{"type":"Feature","id":115760,"properties":{"OBJECTID":115760,"PRIMENAME":"Norwood Avenue","ELEVTYP_F":0,"ELEVTYP_T":0},"geometry":{"type":"LineString","coordinates":[[-74.0021268319125,40.2956753301245],[-74.0021826408989,40.2959407853359],[-74.0023305056469,40.296608892121]]}},{"type":"Feature","id":115962,"properties":{"OBJECTID":115962,"PRIMENAME":"Unnamed Segment","ELEVTYP_F":0,"ELEVTYP_T":0},"geometry":{"type":"LineString","coordinates":[[-73.9889784160751,40.279948172624],[-73.9889774156956,40.2801411725465]]}},{"type":"Feature","id":115965,"properties":{"OBJECTID":115965,"PRIMENAME":"Long Branch Avenue","ELEVTYP_F":0,"ELEVTYP_T":0},"geometry":{"type":"LineString","coordinates":[[-73.9846122113952,40.3150142178633],[-73.9846379800932,40.3151484906246],[-73.9847815807806,40.3159164423055],[-73.9847933762923,40.3159783437067]]}},{"type":"Feature","id":116328,"properties":{"OBJECTID":116328,"PRIMENAME":"Hollywood Avenue","ELEVTYP_F":0,"ELEVTYP_T":0},"geometry":{"type":"LineString","coordinates":[[-74.0118281708455,40.2848271698316],[-74.0138878236033,40.2846021677374],[-74.0140070698008,40.2845891353404]]}},{"type":"Feature","id":116381,"properties":{"OBJECTID":116381,"PRIMENAME":"Van Court Avenue","ELEVTYP_F":0,"ELEVTYP_T":0},"geometry":{"type":"LineString","coordinates":[[-73.9990594656803,40.2750591828217],[-73.9990290762911,40.2746942662206],[-73.9989962263584,40.2743473197444]]}},{"type":"Feature","id":116468,"properties":{"OBJECTID":116468,"PRIMENAME":"Division Lane","ELEVTYP_F":0,"ELEVTYP_T":0},"geometry":{"type":"LineString","coordinates":[[-73.9948568692534,40.2993208355536],[-73.9966333440923,40.3003034851744],[-73.9967386864937,40.3003611532175],[-73.9967881333654,40.3004090247876],[-73.9968436413925,40.3004807513924]]}},{"type":"Feature","id":116617,"properties":{"OBJECTID":116617,"PRIMENAME":"Monmouth Road","ELEVTYP_F":0,"ELEVTYP_T":0},"geometry":{"type":"LineString","coordinates":[[-74.0130872958549,40.2640813066948],[-74.0130952765354,40.2641027805702],[-74.0131686242696,40.2642937452226],[-74.013236177531,40.2644131718686],[-74.0133535417535,40.2645328088606],[-74.0134834767754,40.2646334459493],[-74.0136629126804,40.2647676181906],[-74.0138425547496,40.264878018007],[-74.0139848581113,40.2649882328071],[-74.0140898576582,40.2650982898949],[-74.0141440698836,40.2651576055448],[-74.0141947882937,40.2652130966953],[-74.014262311979,40.2653421317811],[-74.0143296298478,40.2654948840295],[-74.0144875385073,40.2660341054898],[-74.0145324380867,40.266194999207]]}},{"type":"Feature","id":116779,"properties":{"OBJECTID":116779,"PRIMENAME":"River Street","ELEVTYP_F":0,"ELEVTYP_T":0},"geometry":{"type":"LineString","coordinates":[[-74.0032703292708,40.3147515611218],[-74.0033780584201,40.3148641921674],[-74.003399365871,40.3148839944796],[-74.003459663203,40.3149400362954],[-74.0035305153992,40.3149906600008],[-74.0036069459855,40.3150287344493],[-74.0037051588962,40.3150794754457],[-74.0038853824768,40.3151557134868],[-74.0044314812604,40.3153929063301]]}},{"type":"Feature","id":116902,"properties":{"OBJECTID":116902,"PRIMENAME":"Lowden Court","ELEVTYP_F":0,"ELEVTYP_T":0},"geometry":{"type":"LineString","coordinates":[[-73.9854084967782,40.293673404974],[-73.9854213942201,40.293685613118],[-73.9854698178786,40.2936964247197],[-73.9855114389693,40.2936966098067],[-73.9855384334376,40.2936887914396]]}},{"type":"Feature","id":116968,"properties":{"OBJECTID":116968,"PRIMENAME":"Ocean Boulevard","ELEVTYP_F":0,"ELEVTYP_T":0},"geometry":{"type":"LineString","coordinates":[[-73.9830025899628,40.2902230184696],[-73.9830520117064,40.2900246593388],[-73.9831676671186,40.2895438026833],[-73.9831949545687,40.2894063894527]]}},{"type":"Feature","id":117019,"properties":{"OBJECTID":117019,"PRIMENAME":"Sternberger Avenue","ELEVTYP_F":0,"ELEVTYP_T":0},"geometry":{"type":"LineString","coordinates":[[-73.9869544142271,40.2801996311553],[-73.9871450696889,40.2801867953252]]}},{"type":"Feature","id":117112,"properties":{"OBJECTID":117112,"PRIMENAME":"West End Avenue","ELEVTYP_F":0,"ELEVTYP_T":0},"geometry":{"type":"LineString","coordinates":[[-73.9951125822534,40.2886939438828],[-73.9943544936425,40.2882713296083],[-73.9940007339079,40.2880757233968]]}},{"type":"Feature","id":117200,"properties":{"OBJECTID":117200,"PRIMENAME":"Wilson Avenue","ELEVTYP_F":0,"ELEVTYP_T":0},"geometry":{"type":"LineString","coordinates":[[-74.0028786957811,40.2615531961166],[-74.0029220039791,40.2612859687946],[-74.0030118696616,40.2607285800048]]}},{"type":"Feature","id":117256,"properties":{"OBJECTID":117256,"PRIMENAME":"Cedar Avenue","ELEVTYP_F":0,"ELEVTYP_T":0},"geometry":{"type":"LineString","coordinates":[[-74.0016051585844,40.281667434123],[-74.0007009166041,40.2816125844158],[-74.0006058692449,40.2816059695793]]}},{"type":"Feature","id":117344,"properties":{"OBJECTID":117344,"PRIMENAME":"Comanche Drive","ELEVTYP_F":0,"ELEVTYP_T":0},"geometry":{"type":"LineString","coordinates":[[-73.9997601173659,40.323332840923],[-73.9996699528574,40.3228708450563]]}},{"type":"Feature","id":117374,"properties":{"OBJECTID":117374,"PRIMENAME":"Elmwood Avenue","ELEVTYP_F":0,"ELEVTYP_T":0},"geometry":{"type":"LineString","coordinates":[[-74.0104073476761,40.2874435346288],[-74.0103892587883,40.2873422149113],[-74.0103182121586,40.2869443521658]]}},{"type":"Feature","id":117482,"properties":{"OBJECTID":117482,"PRIMENAME":"Unnamed Segment","ELEVTYP_F":0,"ELEVTYP_T":0},"geometry":{"type":"LineString","coordinates":[[-73.9812958010227,40.2963292971635],[-73.9809767280034,40.2963000845397],[-73.9806041784729,40.296254999162],[-73.9802990984077,40.2962269129652],[-73.9800117329529,40.2961638411724],[-73.9797245443581,40.2961017043443]]}},{"type":"Feature","id":117586,"properties":{"OBJECTID":117586,"PRIMENAME":"Unnamed Segment","ELEVTYP_F":0,"ELEVTYP_T":0},"geometry":{"type":"LineString","coordinates":[[-74.0124394262583,40.3122741777713],[-74.0125574264836,40.3125441783205],[-74.012646427488,40.3127111773478]]}},{"type":"Feature","id":117658,"properties":{"OBJECTID":117658,"PRIMENAME":"Unnamed Segment","ELEVTYP_F":0,"ELEVTYP_T":0},"geometry":{"type":"LineString","coordinates":[[-74.0025985468768,40.3009884094785],[-74.002603430603,40.3010704299421],[-74.0026084482282,40.3011545648233],[-74.0026477796047,40.3018141052614]]}},{"type":"Feature","id":117667,"properties":{"OBJECTID":117667,"PRIMENAME":"2nd Avenue","ELEVTYP_F":0,"ELEVTYP_T":0},"geometry":{"type":"LineString","coordinates":[[-73.9840355824876,40.2924970507384],[-73.9840153989657,40.2925818153636],[-73.9839743960113,40.2929952814883]]}},{"type":"Feature","id":117824,"properties":{"OBJECTID":117824,"PRIMENAME":"Branchport Avenue","ELEVTYP_F":0,"ELEVTYP_T":0},"geometry":{"type":"LineString","coordinates":[[-74.0074019332367,40.3139806405338],[-74.0072415495758,40.3136960203927]]}},{"type":"Feature","id":117915,"properties":{"OBJECTID":117915,"PRIMENAME":"Myrtle Avenue","ELEVTYP_F":0,"ELEVTYP_T":0},"geometry":{"type":"LineString","coordinates":[[-74.0082260483316,40.3017074438466],[-74.0086596521626,40.3024240560539]]}},{"type":"Feature","id":118218,"properties":{"OBJECTID":118218,"PRIMENAME":"Comanche Drive","ELEVTYP_F":0,"ELEVTYP_T":0},"geometry":{"type":"LineString","coordinates":[[-73.9996699528574,40.3228708450563],[-73.9996640078885,40.322840430373],[-73.999535936578,40.3221692790024]]}},{"type":"Feature","id":118311,"properties":{"OBJECTID":118311,"PRIMENAME":"Woodgate Avenue","ELEVTYP_F":0,"ELEVTYP_T":0},"geometry":{"type":"LineString","coordinates":[[-73.9966020686957,40.2785036805115],[-73.9965864303667,40.2780620265161],[-73.9965777975699,40.2778182025397]]}},{"type":"Feature","id":118384,"properties":{"OBJECTID":118384,"PRIMENAME":"Russel Avenue","ELEVTYP_F":0,"ELEVTYP_T":0},"geometry":{"type":"LineString","coordinates":[[-74.0025985468768,40.3009884094785],[-74.0021546645426,40.3010482295298],[-74.0020432516924,40.3010632431671],[-74.0019535257316,40.3010753751856]]}},{"type":"Feature","id":118401,"properties":{"OBJECTID":118401,"PRIMENAME":"Port Au Peck Avenue","ELEVTYP_F":0,"ELEVTYP_T":0},"geometry":{"type":"LineString","coordinates":[[-74.0058653440001,40.3179346742108],[-74.0058435814826,40.3180270938323]]}},{"type":"Feature","id":118490,"properties":{"OBJECTID":118490,"PRIMENAME":"Werah Place","ELEVTYP_F":0,"ELEVTYP_T":0},"geometry":{"type":"LineString","coordinates":[[-73.9989974080276,40.3190932845155],[-73.9983012919498,40.3191111862665],[-73.9981423553403,40.3191188972795],[-73.9980607712518,40.3191228529535]]}},{"type":"Feature","id":118537,"properties":{"OBJECTID":118537,"PRIMENAME":"Unnamed Segment","ELEVTYP_F":0,"ELEVTYP_T":0},"geometry":{"type":"LineString","coordinates":[[-73.9871450696889,40.2801867953252],[-73.9871564168665,40.2805971729907],[-73.9871504157196,40.2807031721305],[-73.9871344146823,40.2807231724244],[-73.9871144167754,40.2807331720802],[-73.9870274156443,40.2807391720888],[-73.9865744159792,40.2807761731996],[-73.9865374167998,40.2807491720427],[-73.9865174157004,40.2807121724224],[-73.9865089150669,40.2802296248136]]}},{"type":"Feature","id":118737,"properties":{"OBJECTID":118737,"PRIMENAME":"Cottage Place","ELEVTYP_F":0,"ELEVTYP_T":0},"geometry":{"type":"LineString","coordinates":[[-73.9845938759045,40.2905012991436],[-73.9838915606111,40.2904532291911],[-73.9829602267174,40.290393041066]]}},{"type":"Feature","id":118746,"properties":{"OBJECTID":118746,"PRIMENAME":"Clifton Avenue","ELEVTYP_F":0,"ELEVTYP_T":0},"geometry":{"type":"LineString","coordinates":[[-73.9810124302965,40.3143032323001],[-73.9810150275247,40.3145261542612],[-73.9810189099543,40.3147857575491],[-73.9810219530309,40.3149893282192]]}},{"type":"Feature","id":119008,"properties":{"OBJECTID":119008,"PRIMENAME":"Unnamed Segment","ELEVTYP_F":0,"ELEVTYP_T":0},"geometry":{"type":"LineString","coordinates":[[-73.9876021763955,40.2776362275002],[-73.9875537001213,40.2782880525085],[-73.9874654589703,40.2785097727186],[-73.9873437443018,40.2785788500878],[-73.9869281372527,40.2785902674977],[-73.986240106843,40.2785673253336],[-73.9862510710545,40.2782623850862],[-73.9863270065533,40.2779511044054],[-73.9864028194598,40.2776563979738],[-73.9864419096918,40.2775110823285]]}},{"type":"Feature","id":119186,"properties":{"OBJECTID":119186,"PRIMENAME":"Unnamed Segment","ELEVTYP_F":0,"ELEVTYP_T":0},"geometry":{"type":"LineString","coordinates":[[-73.9938996278455,40.3143465713035],[-73.9940904227766,40.3144951790485],[-73.9941264197403,40.3145481797091],[-73.994177420211,40.3146601785363],[-73.9942424205804,40.3147641785812]]}},{"type":"Feature","id":119272,"properties":{"OBJECTID":119272,"PRIMENAME":"River Avenue","ELEVTYP_F":0,"ELEVTYP_T":0},"geometry":{"type":"LineString","coordinates":[[-73.9768563864741,40.3281380190096],[-73.9771210402561,40.3282387287187],[-73.9771913891199,40.3282655105668]]}},{"type":"Feature","id":119401,"properties":{"OBJECTID":119401,"PRIMENAME":"Unnamed Segment","ELEVTYP_F":0,"ELEVTYP_T":0},"geometry":{"type":"LineString","coordinates":[[-73.9833470209037,40.2886498008196],[-73.9851412992411,40.2885791525437]]}},{"type":"Feature","id":119486,"properties":{"OBJECTID":119486,"PRIMENAME":"Clifton Avenue","ELEVTYP_F":0,"ELEVTYP_T":0},"geometry":{"type":"LineString","coordinates":[[-73.9810258989394,40.3152514022674],[-73.9810315218005,40.3156271635766],[-73.9810328132147,40.3156880851574]]}},{"type":"Feature","id":119522,"properties":{"OBJECTID":119522,"PRIMENAME":"Unnamed Segment","ELEVTYP_F":0,"ELEVTYP_T":0},"geometry":{"type":"LineString","coordinates":[[-73.9926382119006,40.2942817152857],[-73.9927534202802,40.2941701749318],[-73.9928374197158,40.294086173994],[-73.9931014193271,40.2937591751182],[-73.9933674201949,40.293456174321],[-73.9935234194691,40.2932391753497],[-73.9935934185731,40.2931211748425],[-73.9936354199765,40.2930331742875],[-73.9936844194575,40.2929571749939],[-73.993945419173,40.2926631737288],[-73.9940556782191,40.2925279374779]]}},{"type":"Feature","id":119553,"properties":{"OBJECTID":119553,"PRIMENAME":"Right Of Way","ELEVTYP_F":0,"ELEVTYP_T":0},"geometry":{"type":"LineString","coordinates":[[-73.9890823268326,40.2977341412433],[-73.9891578603642,40.2977638209075],[-73.9912183574852,40.2985735680154],[-73.991266724009,40.2985925855321]]}},{"type":"Feature","id":119562,"properties":{"OBJECTID":119562,"PRIMENAME":"Doreen Drive","ELEVTYP_F":0,"ELEVTYP_T":0},"geometry":{"type":"LineString","coordinates":[[-74.0071507562237,40.3116280006647],[-74.0071650103878,40.3116305048687],[-74.0072359779068,40.3116601532468],[-74.007303294922,40.3116986809132],[-74.0073449239762,40.3117486833888],[-74.0073609820856,40.3117990714221],[-74.0073768012452,40.3118872049278],[-74.007392615665,40.3119711386511],[-74.0074084911637,40.3120466713124],[-74.0074408866484,40.3121139027112],[-74.0074949996081,40.3121979985731],[-74.007554822598,40.3122611739608],[-74.007625643421,40.3123159948069],[-74.0077074072454,40.3123750349151],[-74.0077673473751,40.3124172641355],[-74.0077997937998,40.3124676668916],[-74.0078158886816,40.3125180829331],[-74.0078099203891,40.3125893498593],[-74.007776579395,40.3126521008059],[-74.0077159700618,40.3127021625543],[-74.007650025742,40.3127312279924],[-74.007567779002,40.3127434790074],[-74.0074965922426,40.3127389753139],[-74.0074145894041,40.3127176535098],[-74.007332581855,40.3126921300679],[-74.0072505228411,40.3126834080838],[-74.0072011438665,40.312683197752],[-74.0071189643207,40.3126912201549],[-74.0070476541083,40.3127035444139],[-74.0068280932076,40.3127654744165],[-74.0067335855959,40.3127921109831]]}},{"type":"Feature","id":119837,"properties":{"OBJECTID":119837,"PRIMENAME":"Martin Street","ELEVTYP_F":0,"ELEVTYP_T":0},"geometry":{"type":"LineString","coordinates":[[-74.0064308756111,40.298920465816],[-74.0064528909689,40.2990089286907],[-74.0066524665103,40.2998104746731],[-74.0058112414021,40.2999355533491]]}},{"type":"Feature","id":119854,"properties":{"OBJECTID":119854,"PRIMENAME":"Stokes Place","ELEVTYP_F":0,"ELEVTYP_T":0},"geometry":{"type":"LineString","coordinates":[[-73.9849483567444,40.3019463983237],[-73.9841586326647,40.3019857322548]]}},{"type":"Feature","id":119909,"properties":{"OBJECTID":119909,"PRIMENAME":"Jane Street","ELEVTYP_F":0,"ELEVTYP_T":0},"geometry":{"type":"LineString","coordinates":[[-73.9874964045836,40.3030434431813],[-73.9875702635966,40.3030439901025],[-73.9877088030126,40.3030450035318],[-73.9886824503018,40.303052122611]]}},{"type":"Feature","id":119919,"properties":{"OBJECTID":119919,"PRIMENAME":"Genessee Avenue","ELEVTYP_F":0,"ELEVTYP_T":0},"geometry":{"type":"LineString","coordinates":[[-74.0006556676952,40.327894040408],[-74.0007441716601,40.3279064740625],[-74.0033320373389,40.3282702893454],[-74.0034252766043,40.3282830429995]]}},{"type":"Feature","id":119990,"properties":{"OBJECTID":119990,"PRIMENAME":"Rosewood Avenue","ELEVTYP_F":0,"ELEVTYP_T":0},"geometry":{"type":"LineString","coordinates":[[-73.9846122113952,40.3150142178633],[-73.9852070788757,40.3149471306029]]}},{"type":"Feature","id":119993,"properties":{"OBJECTID":119993,"PRIMENAME":"Comanche Drive","ELEVTYP_F":0,"ELEVTYP_T":0},"geometry":{"type":"LineString","coordinates":[[-74.000234494681,40.3257444070068],[-74.0000992930036,40.3250268592135]]}},{"type":"Feature","id":120150,"properties":{"OBJECTID":120150,"PRIMENAME":"Rivington Avenue","ELEVTYP_F":0,"ELEVTYP_T":0},"geometry":{"type":"LineString","coordinates":[[-74.0095256221305,40.3038337449585],[-74.0096093017469,40.3038053020676],[-74.0106888946126,40.3034381448224],[-74.0108948555208,40.3033579763769],[-74.0110290229811,40.3032988461321]]}},{"type":"Feature","id":120627,"properties":{"OBJECTID":120627,"PRIMENAME":"Woodland Drive","ELEVTYP_F":0,"ELEVTYP_T":0},"geometry":{"type":"LineString","coordinates":[[-74.0120033304134,40.2782946423114],[-74.0120220060151,40.2783842152822],[-74.0122626027309,40.2795386344399],[-74.012268428958,40.2795958419723],[-74.0122555447656,40.2796529985563],[-74.0122178558838,40.2797052455474],[-74.0121802683895,40.2797384691898],[-74.0121240768675,40.2797668093522],[-74.0120430096496,40.2797902963009],[-74.0109032617034,40.2799237059875],[-74.0108107428924,40.2799345434174]]}},{"type":"Feature","id":120634,"properties":{"OBJECTID":120634,"PRIMENAME":"Griffin Street","ELEVTYP_F":0,"ELEVTYP_T":0},"geometry":{"type":"LineString","coordinates":[[-73.9851887020483,40.3292487725869],[-73.9857569073214,40.3292449314487],[-73.9863234855668,40.3292570020347],[-73.9864338386617,40.3292593590745]]}},{"type":"Feature","id":120722,"properties":{"OBJECTID":120722,"PRIMENAME":"Unnamed Segment","ELEVTYP_F":0,"ELEVTYP_T":0},"geometry":{"type":"LineString","coordinates":[[-73.991428291971,40.2937118606407],[-73.9914974188106,40.2936051752585],[-73.9915894174639,40.2934911743171],[-73.9916254192858,40.2934791745231],[-73.9916624192079,40.2934871746221],[-73.9918194189963,40.2935551741212],[-73.9918564190407,40.2935521744167],[-73.9921734185709,40.2931481753197],[-73.9922044175267,40.2931421742881],[-73.9925084196637,40.293263175025],[-73.9926264027821,40.2933167079357]]}},{"type":"Feature","id":120867,"properties":{"OBJECTID":120867,"PRIMENAME":"Norwood Avenue","ELEVTYP_F":0,"ELEVTYP_T":0},"geometry":{"type":"LineString","coordinates":[[-74.002898097724,40.2794715245275],[-74.0029590963788,40.2797757902434],[-74.0031660654082,40.2808275755333],[-74.0032106158072,40.2810344360233]]}},{"type":"Feature","id":120967,"properties":{"OBJECTID":120967,"PRIMENAME":"North 5th Avenue","ELEVTYP_F":0,"ELEVTYP_T":0},"geometry":{"type":"LineString","coordinates":[[-73.9912122433502,40.3081965930861],[-73.9912949192806,40.3082798341356],[-73.9918134338634,40.3088683518473],[-73.9925725420221,40.3097533613038],[-73.9926279154158,40.3098148775937]]}},{"type":"Feature","id":120968,"properties":{"OBJECTID":120968,"PRIMENAME":"Rosewood Row","ELEVTYP_F":0,"ELEVTYP_T":0},"geometry":{"type":"LineString","coordinates":[[-73.9839990016415,40.315080608705],[-73.9839512375374,40.3148538340881],[-73.9839412341598,40.314798830596],[-73.9838194741659,40.3141292817038]]}},{"type":"Feature","id":121026,"properties":{"OBJECTID":121026,"PRIMENAME":"FR RT 71 SB to RT 71 SB","ELEVTYP_F":0,"ELEVTYP_T":0},"geometry":{"type":"LineString","coordinates":[[-74.0038281464502,40.2817879493888],[-74.0037668752,40.2817693922677],[-74.0037065662148,40.2817490701739],[-74.0036473061374,40.2817270123034],[-74.0035891801037,40.281703250346],[-74.0035506189353,40.2816841265945],[-74.0035134581354,40.2816634404969],[-74.003488336971,40.2816480624578],[-74.003463990625,40.2816319700519],[-74.0034404537095,40.2816151861575],[-74.0034177596861,40.2815977346361],[-74.0033868653839,40.281571695013],[-74.0033578465216,40.2815444192197],[-74.003330787281,40.2815159863838],[-74.0033057661591,40.2814864789894]]}},{"type":"Feature","id":121142,"properties":{"OBJECTID":121142,"PRIMENAME":"Unnamed Segment","ELEVTYP_F":0,"ELEVTYP_T":0},"geometry":{"type":"LineString","coordinates":[[-74.0120584263422,40.3120621772799],[-74.0122834266639,40.3121761773061],[-74.0124394262583,40.3122741777713]]}},{"type":"Feature","id":121414,"properties":{"OBJECTID":121414,"PRIMENAME":"Marina Bay Drive","ELEVTYP_F":0,"ELEVTYP_T":0},"geometry":{"type":"LineString","coordinates":[[-73.9920944866414,40.3256281205974],[-73.9923374215912,40.3255741804751],[-73.9924444200703,40.3255681815016]]}},{"type":"Feature","id":121696,"properties":{"OBJECTID":121696,"PRIMENAME":"Liberty Alley","ELEVTYP_F":0,"ELEVTYP_T":0},"geometry":{"type":"LineString","coordinates":[[-73.9889478633301,40.3047543910551],[-73.9888374086733,40.3047707858951],[-73.9879025779936,40.3049096219875],[-73.987799841854,40.3049248422198]]}},{"type":"Feature","id":121781,"properties":{"OBJECTID":121781,"PRIMENAME":"Washington Street","ELEVTYP_F":0,"ELEVTYP_T":0},"geometry":{"type":"LineString","coordinates":[[-74.0007372411819,40.3044529438913],[-74.0007360370225,40.3044509626533],[-74.0005946558088,40.3042025150529],[-74.0005765016618,40.3041357556422],[-74.0005408914807,40.3036934306298]]}},{"type":"Feature","id":121865,"properties":{"OBJECTID":121865,"PRIMENAME":"River Avenue","ELEVTYP_F":0,"ELEVTYP_T":0},"geometry":{"type":"LineString","coordinates":[[-73.9772605247447,40.3286864413427],[-73.9773155979487,40.3288520338253],[-73.9775169715596,40.3293867738847],[-73.9775430937804,40.3294552748186]]}},{"type":"Feature","id":121913,"properties":{"OBJECTID":121913,"PRIMENAME":"Patten Avenue","ELEVTYP_F":0,"ELEVTYP_T":0},"geometry":{"type":"LineString","coordinates":[[-73.9916194407332,40.3244372395591],[-73.9916747335215,40.3245743431744],[-73.9917765039385,40.324826689652],[-73.9918450228857,40.3249965873415]]}},{"type":"Feature","id":122227,"properties":{"OBJECTID":122227,"PRIMENAME":"6th Avenue","ELEVTYP_F":0,"ELEVTYP_T":0},"geometry":{"type":"LineString","coordinates":[[-73.9937126073547,40.3094910828922],[-73.993047148969,40.3087260173478],[-73.9926643866623,40.3082954010399],[-73.9921583100345,40.3077117466796],[-73.992158140272,40.3077105372536]]}},{"type":"Feature","id":123589,"properties":{"OBJECTID":123589,"PRIMENAME":"Berger Avenue","ELEVTYP_F":0,"ELEVTYP_T":0},"geometry":{"type":"LineString","coordinates":[[-74.0072590498131,40.2635371841049],[-74.0068625904173,40.2634999722072],[-74.0060811252696,40.2634276521424]]}},{"type":"Feature","id":123637,"properties":{"OBJECTID":123637,"PRIMENAME":"Unnamed Segment","ELEVTYP_F":0,"ELEVTYP_T":0},"geometry":{"type":"LineString","coordinates":[[-73.9784434909935,40.3188492452926],[-73.9778264152646,40.3188731794635]]}},{"type":"Feature","id":123744,"properties":{"OBJECTID":123744,"PRIMENAME":"Warburton Place","ELEVTYP_F":0,"ELEVTYP_T":0},"geometry":{"type":"LineString","coordinates":[[-73.9947972801998,40.3046635749193],[-73.9948828317366,40.3046591173494],[-73.9963315526468,40.3040553933151]]}},{"type":"Feature","id":123838,"properties":{"OBJECTID":123838,"PRIMENAME":"West End Avenue","ELEVTYP_F":0,"ELEVTYP_T":0},"geometry":{"type":"LineString","coordinates":[[-73.9985430687172,40.2905874854645],[-73.998507331596,40.2905675475953],[-73.998322072087,40.2904662029887]]}},{"type":"Feature","id":124104,"properties":{"OBJECTID":124104,"PRIMENAME":"Kamm Way","ELEVTYP_F":0,"ELEVTYP_T":0},"geometry":{"type":"LineString","coordinates":[[-73.9975911378901,40.303282878013],[-73.99750719992,40.3033360728492],[-73.9972382712189,40.3035064526444],[-73.9968941243076,40.3037432947579]]}},{"type":"Feature","id":124331,"properties":{"OBJECTID":124331,"PRIMENAME":"Unnamed Segment","ELEVTYP_F":0,"ELEVTYP_T":0},"geometry":{"type":"LineString","coordinates":[[-74.013418425663,40.2906831731976],[-74.0133664252757,40.2902771722952],[-74.0133474242193,40.2902191736676],[-74.0133104267301,40.2901631735563],[-74.0132624261008,40.2901201731977],[-74.0131934240188,40.2900791730885],[-74.013149425448,40.2900601731829],[-74.0130854273511,40.290044173856],[-74.013018425266,40.2900391733133],[-74.0126474241191,40.2900671726471],[-74.0125804258856,40.2900781729834],[-74.0125084261661,40.2901021730421],[-74.0124564257457,40.2901341741272],[-74.0124234257028,40.2901681736639],[-74.0124004247342,40.2902151731179],[-74.0123964254648,40.2902541737322],[-74.0124344254033,40.2905201743095]]}},{"type":"Feature","id":124338,"properties":{"OBJECTID":124338,"PRIMENAME":"Shore Drive","ELEVTYP_F":0,"ELEVTYP_T":0},"geometry":{"type":"LineString","coordinates":[[-73.9914753392257,40.3240792384962],[-73.9912254193704,40.3241431802927],[-73.9909854193852,40.3241921810219],[-73.9907674207464,40.3242251816235]]}},{"type":"Feature","id":124684,"properties":{"OBJECTID":124684,"PRIMENAME":"Unnamed Segment","ELEVTYP_F":0,"ELEVTYP_T":0},"geometry":{"type":"LineString","coordinates":[[-73.9812181117058,40.3125669765934],[-73.9811004160413,40.3125581789266],[-73.9807124162484,40.3125181781132],[-73.9806614159566,40.312506179412],[-73.9806464147868,40.3124891779476],[-73.9807304163663,40.3120511781617]]}},{"type":"Feature","id":124751,"properties":{"OBJECTID":124751,"PRIMENAME":"Unnamed Segment","ELEVTYP_F":0,"ELEVTYP_T":0},"geometry":{"type":"LineString","coordinates":[[-73.9886664163547,40.2817231721283],[-73.9883964189723,40.28174117261],[-73.988203415801,40.2817681728963],[-73.9881374164813,40.2817821717245],[-73.9881054169274,40.2818001730605],[-73.9880814171447,40.2818241730522],[-73.9880684181176,40.2818641733036],[-73.9881044172066,40.2821581720542],[-73.9881184156273,40.2822661726981],[-73.9882154176185,40.2828191729724]]}},{"type":"Feature","id":125427,"properties":{"OBJECTID":125427,"PRIMENAME":"Wilson Drive","ELEVTYP_F":0,"ELEVTYP_T":0},"geometry":{"type":"LineString","coordinates":[[-74.0080686174944,40.2738135917537],[-74.0080750525691,40.2738998187595],[-74.0080745001728,40.2739760511353],[-74.0080552751477,40.274052259967],[-74.0080236501386,40.2741283602328],[-74.0079354188595,40.274280509446],[-74.0078599357329,40.2743945814886],[-74.0078091513014,40.2745278381591],[-74.0077899270565,40.2746087411913],[-74.0077743008884,40.2746630575789]]}},{"type":"Feature","id":125996,"properties":{"OBJECTID":125996,"PRIMENAME":"Clay Avenue","ELEVTYP_F":0,"ELEVTYP_T":0},"geometry":{"type":"LineString","coordinates":[[-74.011365326219,40.3020139614651],[-74.011290210352,40.3020585005399],[-74.010827632267,40.3023330159646]]}},{"type":"Feature","id":126087,"properties":{"OBJECTID":126087,"PRIMENAME":"Unnamed Segment","ELEVTYP_F":0,"ELEVTYP_T":0},"geometry":{"type":"LineString","coordinates":[[-74.004296544185,40.2826714901955],[-74.0042729660049,40.2826692627217],[-74.0037874828756,40.2826397422078],[-74.003572776552,40.2826022319027],[-74.003462533461,40.2824340657953],[-74.0033969319552,40.2821502293173],[-74.003359791814,40.2817792418475]]}},{"type":"Feature","id":126305,"properties":{"OBJECTID":126305,"PRIMENAME":"Unnamed Segment","ELEVTYP_F":0,"ELEVTYP_T":0},"geometry":{"type":"LineString","coordinates":[[-73.9849885708588,40.2797012953705],[-73.986037415365,40.2796771720499],[-73.9860474170643,40.2796951720433],[-73.986050980913,40.2802605288323]]}},{"type":"Feature","id":126411,"properties":{"OBJECTID":126411,"PRIMENAME":"Park Avenue","ELEVTYP_F":0,"ELEVTYP_T":0},"geometry":{"type":"LineString","coordinates":[[-74.0009040610939,40.2705887890105],[-73.9998601407635,40.2704977794036],[-73.999352754657,40.2704492371989]]}},{"type":"Feature","id":126568,"properties":{"OBJECTID":126568,"PRIMENAME":"Maple Place","ELEVTYP_F":0,"ELEVTYP_T":0},"geometry":{"type":"LineString","coordinates":[[-74.0084614228089,40.3186997858427],[-74.008478273086,40.3186265053962],[-74.0086819327457,40.317742564323]]}},{"type":"Feature","id":126858,"properties":{"OBJECTID":126858,"PRIMENAME":"Navesink Court","ELEVTYP_F":0,"ELEVTYP_T":0},"geometry":{"type":"LineString","coordinates":[[-73.9921414206983,40.3235741806085],[-73.9915764199324,40.3236111798181]]}},{"type":"Feature","id":126918,"properties":{"OBJECTID":126918,"PRIMENAME":"Unnamed Segment","ELEVTYP_F":0,"ELEVTYP_T":0},"geometry":{"type":"LineString","coordinates":[[-74.0030534201389,40.2767491706866],[-74.0034174209745,40.2767591716974]]}},{"type":"Feature","id":126980,"properties":{"OBJECTID":126980,"PRIMENAME":"Avenel Boulevard","ELEVTYP_F":0,"ELEVTYP_T":0},"geometry":{"type":"LineString","coordinates":[[-73.9820494839156,40.3176126544444],[-73.9812087938778,40.3177045386737]]}},{"type":"Feature","id":126989,"properties":{"OBJECTID":126989,"PRIMENAME":"Sternberger Avenue","ELEVTYP_F":0,"ELEVTYP_T":0},"geometry":{"type":"LineString","coordinates":[[-73.9871450696889,40.2801867953252],[-73.987752803458,40.2801458756153]]}},{"type":"Feature","id":127207,"properties":{"OBJECTID":127207,"PRIMENAME":"Unnamed Segment","ELEVTYP_F":0,"ELEVTYP_T":0},"geometry":{"type":"LineString","coordinates":[[-73.9887886779202,40.2651526148317],[-73.989824946901,40.2653386356786],[-73.9898891100133,40.2652646688005],[-73.9899391375247,40.2650560634392],[-73.9899304690162,40.2650003363451],[-73.9898310258655,40.2649326112502],[-73.9893653100278,40.2648354245894],[-73.9889128336492,40.264750780419]]}},{"type":"Feature","id":127791,"properties":{"OBJECTID":127791,"PRIMENAME":"Westwood Avenue","ELEVTYP_F":0,"ELEVTYP_T":0},"geometry":{"type":"LineString","coordinates":[[-73.9890823268326,40.2977341412433],[-73.9890314954873,40.2978138843615],[-73.9888025409459,40.2981845473889]]}},{"type":"Feature","id":127861,"properties":{"OBJECTID":127861,"PRIMENAME":"River Avenue","ELEVTYP_F":0,"ELEVTYP_T":0},"geometry":{"type":"LineString","coordinates":[[-73.9771913891199,40.3282655105668],[-73.9771761280216,40.3283652843534],[-73.9771755764428,40.3284367666681],[-73.9771960685185,40.3284945361845],[-73.977206047385,40.3285226645364],[-73.9772605247447,40.3286864413427]]}},{"type":"Feature","id":128634,"properties":{"OBJECTID":128634,"PRIMENAME":"Division Street","ELEVTYP_F":0,"ELEVTYP_T":0},"geometry":{"type":"LineString","coordinates":[[-73.9960114392853,40.2980804241171],[-73.9967035402738,40.297303686903]]}},{"type":"Feature","id":128645,"properties":{"OBJECTID":128645,"PRIMENAME":"Hollywood Avenue","ELEVTYP_F":0,"ELEVTYP_T":0},"geometry":{"type":"LineString","coordinates":[[-74.0075842899752,40.2852976155801],[-74.0091543910817,40.2851207693219],[-74.0099772531692,40.2850302876664]]}},{"type":"Feature","id":128684,"properties":{"OBJECTID":128684,"PRIMENAME":"Berger Avenue","ELEVTYP_F":0,"ELEVTYP_T":0},"geometry":{"type":"LineString","coordinates":[[-74.0060811252696,40.2634276521424],[-74.005925348488,40.2634132313111],[-74.0053147745942,40.2633567081851]]}},{"type":"Feature","id":128692,"properties":{"OBJECTID":128692,"PRIMENAME":"Robbin Street","ELEVTYP_F":0,"ELEVTYP_T":0},"geometry":{"type":"LineString","coordinates":[[-73.9775430937804,40.3294552748186],[-73.9776349153902,40.3294373242932],[-73.9781587944116,40.3293348492567],[-73.9782399339308,40.3293113596819],[-73.9783385515019,40.329249214504]]}},{"type":"Feature","id":128952,"properties":{"OBJECTID":128952,"PRIMENAME":"Unnamed Segment","ELEVTYP_F":0,"ELEVTYP_T":0},"geometry":{"type":"LineString","coordinates":[[-73.9825865523222,40.3133500814588],[-73.982543416993,40.3128721791898]]}},{"type":"Feature","id":129016,"properties":{"OBJECTID":129016,"PRIMENAME":"Howard Avenue","ELEVTYP_F":0,"ELEVTYP_T":0},"geometry":{"type":"LineString","coordinates":[[-74.0063978422462,40.2755390958849],[-74.005836572031,40.2756121720947],[-74.0047182853138,40.2757577635252],[-74.0045706344705,40.2757769847198]]}},{"type":"Feature","id":129303,"properties":{"OBJECTID":129303,"PRIMENAME":"Bath Avenue","ELEVTYP_F":0,"ELEVTYP_T":0},"geometry":{"type":"LineString","coordinates":[[-73.9973120403163,40.2966207712409],[-73.9970963168866,40.2965142802242]]}},{"type":"Feature","id":129439,"properties":{"OBJECTID":129439,"PRIMENAME":"Bayview Place","ELEVTYP_F":0,"ELEVTYP_T":0},"geometry":{"type":"LineString","coordinates":[[-74.0094170242072,40.3235305088125],[-74.0093961898855,40.3236191457039]]}},{"type":"Feature","id":129701,"properties":{"OBJECTID":129701,"PRIMENAME":"Algonquin Avenue","ELEVTYP_F":0,"ELEVTYP_T":0},"geometry":{"type":"LineString","coordinates":[[-73.999535936578,40.3221692790024],[-73.9996343984557,40.3221824978236],[-74.0014321275169,40.322423793988],[-74.0034973241414,40.322709117676],[-74.0047011341722,40.3228767111754]]}},{"type":"Feature","id":129750,"properties":{"OBJECTID":129750,"PRIMENAME":"Alatmo Terrace","ELEVTYP_F":0,"ELEVTYP_T":0},"geometry":{"type":"LineString","coordinates":[[-73.9889418067612,40.3120567750545],[-73.9888631186436,40.312096205769],[-73.9883069314056,40.3123749380022]]}},{"type":"Feature","id":129852,"properties":{"OBJECTID":129852,"PRIMENAME":"Comanche Drive","ELEVTYP_F":0,"ELEVTYP_T":0},"geometry":{"type":"LineString","coordinates":[[-74.0051397567589,40.3171918223098],[-74.0055351762939,40.3169718438701],[-74.0055980129649,40.3169368860085],[-74.0060600533698,40.3166788612752],[-74.0062092411486,40.316595549896]]}},{"type":"Feature","id":129962,"properties":{"OBJECTID":129962,"PRIMENAME":"Norwood Avenue","ELEVTYP_F":0,"ELEVTYP_T":0},"geometry":{"type":"LineString","coordinates":[[-74.000894655053,40.2659296496074],[-74.0011228389247,40.2667281066272],[-74.0012768218424,40.267290224652]]}},{"type":"Feature","id":130313,"properties":{"OBJECTID":130313,"PRIMENAME":"Lafayette Street","ELEVTYP_F":0,"ELEVTYP_T":0},"geometry":{"type":"LineString","coordinates":[[-74.0007372411819,40.3044529438913],[-74.0006922255479,40.3044746292809],[-73.9996051992867,40.3049989615267]]}},{"type":"Feature","id":130351,"properties":{"OBJECTID":130351,"PRIMENAME":"Van Court Avenue","ELEVTYP_F":0,"ELEVTYP_T":0},"geometry":{"type":"LineString","coordinates":[[-73.9998362431679,40.2804251387461],[-73.999774018041,40.2799972747684],[-73.9997183143761,40.2796474298459]]}},{"type":"Feature","id":130747,"properties":{"OBJECTID":130747,"PRIMENAME":"Unnamed Segment","ELEVTYP_F":0,"ELEVTYP_T":0},"geometry":{"type":"LineString","coordinates":[[-73.9870764147677,40.2811061733179],[-73.9875044181036,40.28106017272]]}},{"type":"Feature","id":130817,"properties":{"OBJECTID":130817,"PRIMENAME":"Greens Avenue","ELEVTYP_F":0,"ELEVTYP_T":0},"geometry":{"type":"LineString","coordinates":[[-73.9894616629716,40.2793885503471],[-73.9894706965887,40.2789418949461],[-73.9894791920844,40.2778123849319],[-73.989479871564,40.2777220426381]]}},{"type":"Feature","id":130960,"properties":{"OBJECTID":130960,"PRIMENAME":"Vernon Street","ELEVTYP_F":0,"ELEVTYP_T":0},"geometry":{"type":"LineString","coordinates":[[-74.0050619871505,40.3030222480796],[-74.0049917647573,40.3030490160007],[-74.004311334283,40.3033082425966],[-74.0040491135144,40.3034119309967],[-74.0036663707653,40.3035217171391]]}},{"type":"Feature","id":131155,"properties":{"OBJECTID":131155,"PRIMENAME":"Hamilton Avenue","ELEVTYP_F":0,"ELEVTYP_T":0},"geometry":{"type":"LineString","coordinates":[[-73.9923975222322,40.3111985478712],[-73.9922998939026,40.3112486858837],[-73.9895499313797,40.3126616480783],[-73.9894733226143,40.3127009775973]]}},{"type":"Feature","id":131215,"properties":{"OBJECTID":131215,"PRIMENAME":"Unnamed Segment","ELEVTYP_F":0,"ELEVTYP_T":0},"geometry":{"type":"LineString","coordinates":[[-74.006676891255,40.2801513977152],[-74.0066454217669,40.2798571716329]]}},{"type":"Feature","id":131352,"properties":{"OBJECTID":131352,"PRIMENAME":"Elm Avenue","ELEVTYP_F":0,"ELEVTYP_T":0},"geometry":{"type":"LineString","coordinates":[[-74.0060722868951,40.2740772485883],[-74.0059920268155,40.273716897914],[-74.005907569381,40.2733376963995],[-74.0058916395323,40.2732661977807]]}},{"type":"Feature","id":131472,"properties":{"OBJECTID":131472,"PRIMENAME":"Elm Wood Avenue","ELEVTYP_F":0,"ELEVTYP_T":0},"geometry":{"type":"LineString","coordinates":[[-73.9844295237143,40.3140625489653],[-73.9838194741659,40.3141292817038]]}},{"type":"Feature","id":131477,"properties":{"OBJECTID":131477,"PRIMENAME":"South Elberon Square","ELEVTYP_F":0,"ELEVTYP_T":0},"geometry":{"type":"LineString","coordinates":[[-73.9916807068689,40.2624299033069],[-73.9916535831839,40.2624944409746],[-73.9916091893147,40.2626134163086],[-73.9915197591372,40.2629132414592],[-73.9912641839804,40.263817686314],[-73.9911430747799,40.2642032149233],[-73.991125141228,40.264243622665],[-73.9911131859067,40.2642705611595]]}},{"type":"Feature","id":131800,"properties":{"OBJECTID":131800,"PRIMENAME":"Winter Street","ELEVTYP_F":0,"ELEVTYP_T":0},"geometry":{"type":"LineString","coordinates":[[-74.0003414438155,40.2939710928059],[-74.0002334795409,40.2940804068771],[-73.9997974301454,40.2945218473765]]}},{"type":"Feature","id":131914,"properties":{"OBJECTID":131914,"PRIMENAME":"New Ocean Avenue","ELEVTYP_F":0,"ELEVTYP_T":0},"geometry":{"type":"LineString","coordinates":[[-73.9795908049914,40.3110834764639],[-73.9795801192239,40.3111805875039],[-73.9795037971511,40.311874252273],[-73.9794705108194,40.3120350108882]]}},{"type":"Feature","id":131943,"properties":{"OBJECTID":131943,"PRIMENAME":"Port Au Peck Avenue","ELEVTYP_F":0,"ELEVTYP_T":0},"geometry":{"type":"LineString","coordinates":[[-73.9923658901857,40.3198190571659],[-73.9924308482453,40.3198516810925],[-73.9925549744841,40.3199046311218],[-73.9927537686914,40.3199674625898],[-73.9929650795173,40.3200208493751],[-73.9931515723506,40.3200597706088],[-73.9933381364104,40.3200891926519],[-73.9935871029338,40.3201045851938],[-73.9942591917968,40.3201551817215],[-73.9950657210212,40.3202133295982],[-73.9951740093719,40.3202211371391],[-73.9954707747761,40.3202432621513],[-73.9962999967789,40.3203050849983]]}},{"type":"Feature","id":131959,"properties":{"OBJECTID":131959,"PRIMENAME":"Warburton Place","ELEVTYP_F":0,"ELEVTYP_T":0},"geometry":{"type":"LineString","coordinates":[[-73.9937842418874,40.3050594256543],[-73.9947147058588,40.3046679094296],[-73.9947972801998,40.3046635749193]]}},{"type":"Feature","id":132218,"properties":{"OBJECTID":132218,"PRIMENAME":"Montgomery Avenue","ELEVTYP_F":0,"ELEVTYP_T":0},"geometry":{"type":"LineString","coordinates":[[-73.9844959494009,40.2851927000442],[-73.9841087059428,40.2852187711531],[-73.983940966518,40.2852300748603]]}},{"type":"Feature","id":132237,"properties":{"OBJECTID":132237,"PRIMENAME":"Sunset Avenue","ELEVTYP_F":0,"ELEVTYP_T":0},"geometry":{"type":"LineString","coordinates":[[-73.9921284208247,40.3234561802131],[-73.9923184220834,40.3234421813547]]}},{"type":"Feature","id":132323,"properties":{"OBJECTID":132323,"PRIMENAME":"Cedar Avenue","ELEVTYP_F":0,"ELEVTYP_T":0},"geometry":{"type":"LineString","coordinates":[[-74.0080684517936,40.2818739051765],[-74.0094614712711,40.2821127625076]]}},{"type":"Feature","id":132343,"properties":{"OBJECTID":132343,"PRIMENAME":"Elberon Boulevard","ELEVTYP_F":0,"ELEVTYP_T":0},"geometry":{"type":"LineString","coordinates":[[-74.0027291122583,40.2607033716165],[-74.0025582511869,40.2608364119696],[-74.0024453672445,40.2609598462965],[-74.0023199786916,40.2610927530526],[-74.0022070226364,40.2612209360297],[-74.0020504262911,40.2613680107757],[-74.0019382768915,40.2614642972476]]}},{"type":"Feature","id":132662,"properties":{"OBJECTID":132662,"PRIMENAME":"Comanche Drive","ELEVTYP_F":0,"ELEVTYP_T":0},"geometry":{"type":"LineString","coordinates":[[-74.0010615028631,40.3300451427855],[-74.0010375774016,40.3299186239256],[-74.0009239457632,40.3293189940674]]}},{"type":"Feature","id":132890,"properties":{"OBJECTID":132890,"PRIMENAME":"Cedar Avenue","ELEVTYP_F":0,"ELEVTYP_T":0},"geometry":{"type":"LineString","coordinates":[[-74.0047992499257,40.2817595308676],[-74.0053996360631,40.2817450988544],[-74.0056486031855,40.2817363212975]]}},{"type":"Feature","id":132932,"properties":{"OBJECTID":132932,"PRIMENAME":"Stratton Place","ELEVTYP_F":0,"ELEVTYP_T":0},"geometry":{"type":"LineString","coordinates":[[-73.9993160247896,40.2640306404574],[-73.999315273905,40.2640983616786],[-73.9993064595162,40.2649148359313],[-73.999308965062,40.2649540490337],[-73.9993286967308,40.2649802410271],[-73.9993512547578,40.2650021364731]]}},{"type":"Feature","id":132960,"properties":{"OBJECTID":132960,"PRIMENAME":"Wardell Circle","ELEVTYP_F":0,"ELEVTYP_T":0},"geometry":{"type":"LineString","coordinates":[[-73.9980049867513,40.3214055196185],[-73.9980251430873,40.321410493134],[-73.998097871655,40.3214404024006],[-73.9981620287576,40.3214800744571],[-73.9982175172364,40.32152308543],[-73.9982558135579,40.3215725551558],[-73.9982812240503,40.3216186752899],[-73.9983023412857,40.3216680704913],[-73.9983232408771,40.321747030522],[-73.998393671303,40.3220924351164],[-73.9984516163576,40.3223852143341],[-73.9985008186165,40.3227009339959],[-73.9985044064732,40.322792995499],[-73.9985039930846,40.3228488585784],[-73.9984821676838,40.3229046288301],[-73.9984430312724,40.3229636186153],[-73.9983825069299,40.3230192480725],[-73.9983177659945,40.3230583880494],[-73.9982532171174,40.3230811135022],[-73.9981715493204,40.3231004970841],[-73.9980855312065,40.3231066851645],[-73.9980039972549,40.3231030647033],[-73.997884811001,40.3230936795917]]}},{"type":"Feature","id":133042,"properties":{"OBJECTID":133042,"PRIMENAME":"Railroad Street","ELEVTYP_F":0,"ELEVTYP_T":0},"geometry":{"type":"LineString","coordinates":[[-73.9911669080754,40.2797010624024],[-73.99095612808,40.2801864784922]]}},{"type":"Feature","id":133328,"properties":{"OBJECTID":133328,"PRIMENAME":"Garrett Drive","ELEVTYP_F":0,"ELEVTYP_T":0},"geometry":{"type":"LineString","coordinates":[[-73.9997679534117,40.292160160421],[-73.999666313672,40.2921717942682],[-73.9992131390441,40.2922235399654],[-73.9992016432268,40.2922253260507],[-73.9991904325331,40.2922279692207],[-73.9991796156591,40.292231443848],[-73.9991692974828,40.2922357162434]]}},{"type":"Feature","id":133653,"properties":{"OBJECTID":133653,"PRIMENAME":"Unnamed Segment","ELEVTYP_F":0,"ELEVTYP_T":0},"geometry":{"type":"LineString","coordinates":[[-73.9866924158872,40.2927071744715],[-73.9867704171087,40.292689174988],[-73.9868594156696,40.2926781737076]]}},{"type":"Feature","id":133677,"properties":{"OBJECTID":133677,"PRIMENAME":"Park Avenue","ELEVTYP_F":0,"ELEVTYP_T":0},"geometry":{"type":"LineString","coordinates":[[-73.9910634960524,40.2691984063911],[-73.9901903822074,40.2690685846653]]}},{"type":"Feature","id":133729,"properties":{"OBJECTID":133729,"PRIMENAME":"Larchwood Avenue","ELEVTYP_F":0,"ELEVTYP_T":0},"geometry":{"type":"LineString","coordinates":[[-74.0089776034928,40.2680204445709],[-74.0089500632469,40.2677897832364]]}},{"type":"Feature","id":134542,"properties":{"OBJECTID":134542,"PRIMENAME":"Maple Avenue","ELEVTYP_F":0,"ELEVTYP_T":0},"geometry":{"type":"LineString","coordinates":[[-74.0078585746484,40.2872171675777],[-74.0079444223502,40.2871983981775],[-74.0099125764468,40.2869922682924],[-74.0102239975865,40.286955455721],[-74.0103182121586,40.2869443521658]]}},{"type":"Feature","id":135792,"properties":{"OBJECTID":135792,"PRIMENAME":"Atlantic Drive","ELEVTYP_F":0,"ELEVTYP_T":0},"geometry":{"type":"LineString","coordinates":[[-73.991585875409,40.3169493127632],[-73.9915198348765,40.3168128056646],[-73.9909844113308,40.3165961329852],[-73.9909679653322,40.3165894723305]]}},{"type":"Feature","id":135958,"properties":{"OBJECTID":135958,"PRIMENAME":"Unnamed Segment","ELEVTYP_F":0,"ELEVTYP_T":0},"geometry":{"type":"LineString","coordinates":[[-73.9948064227854,40.3253081808145],[-73.9951076192309,40.3252807685629],[-73.9951834648515,40.3252715931752],[-73.9953998782721,40.3252354583806]]}},{"type":"Feature","id":136221,"properties":{"OBJECTID":136221,"PRIMENAME":"Bath Avenue","ELEVTYP_F":0,"ELEVTYP_T":0},"geometry":{"type":"LineString","coordinates":[[-73.9949172683451,40.2954227354813],[-73.9937998001977,40.2948513494105],[-73.9937082681992,40.2948064626904]]}},{"type":"Feature","id":136246,"properties":{"OBJECTID":136246,"PRIMENAME":"Brighton Avenue","ELEVTYP_F":0,"ELEVTYP_T":0},"geometry":{"type":"LineString","coordinates":[[-73.9993879227274,40.2889850659632],[-73.998880610508,40.2887014849543],[-73.9974241914074,40.2878801963146],[-73.9973375106221,40.2878318335333]]}},{"type":"Feature","id":136397,"properties":{"OBJECTID":136397,"PRIMENAME":"Sherman Court","ELEVTYP_F":0,"ELEVTYP_T":0},"geometry":{"type":"LineString","coordinates":[[-73.9878927387353,40.2919700779628],[-73.9878961454261,40.2923321397865],[-73.9878967463167,40.2923949534742]]}},{"type":"Feature","id":136595,"properties":{"OBJECTID":136595,"PRIMENAME":"Morris Avenue","ELEVTYP_F":0,"ELEVTYP_T":0},"geometry":{"type":"LineString","coordinates":[[-73.9944571748961,40.299748303532],[-73.9933924735151,40.2991693482996],[-73.9932804559392,40.299108326345]]}},{"type":"Feature","id":137050,"properties":{"OBJECTID":137050,"PRIMENAME":"Unnamed Segment","ELEVTYP_F":0,"ELEVTYP_T":0},"geometry":{"type":"LineString","coordinates":[[-74.0125964270349,40.2909981739169],[-74.0126694251117,40.2915341728441]]}},{"type":"Feature","id":137231,"properties":{"OBJECTID":137231,"PRIMENAME":"Larchwood Avenue","ELEVTYP_F":0,"ELEVTYP_T":0},"geometry":{"type":"LineString","coordinates":[[-74.0100511217834,40.2766056314144],[-74.0100243377573,40.2765157400602]]}},{"type":"Feature","id":137737,"properties":{"OBJECTID":137737,"PRIMENAME":"Victor Avenue","ELEVTYP_F":0,"ELEVTYP_T":0},"geometry":{"type":"LineString","coordinates":[[-74.010671763243,40.3012902473138],[-74.010573268182,40.3011885328154],[-74.0093263190708,40.2999007711358],[-74.0092813361594,40.2998541856616]]}},{"type":"Feature","id":137803,"properties":{"OBJECTID":137803,"PRIMENAME":"Unnamed Segment","ELEVTYP_F":0,"ELEVTYP_T":0},"geometry":{"type":"LineString","coordinates":[[-73.9854575813213,40.2931631751554],[-73.9857674157651,40.293163174637],[-73.9858344182252,40.29316717502],[-73.9858334165305,40.2932091754747],[-73.9859914166877,40.293209174102]]}},{"type":"Feature","id":138106,"properties":{"OBJECTID":138106,"PRIMENAME":"Avery Avenue","ELEVTYP_F":0,"ELEVTYP_T":0},"geometry":{"type":"LineString","coordinates":[[-73.9870315182942,40.2881086732056],[-73.987261904096,40.2880989189036],[-73.9872625088013,40.2880988945636],[-73.9876562074673,40.2880822281934],[-73.9877719257691,40.2880773050686]]}},{"type":"Feature","id":138129,"properties":{"OBJECTID":138129,"PRIMENAME":"Baruch Drive","ELEVTYP_F":0,"ELEVTYP_T":0},"geometry":{"type":"LineString","coordinates":[[-73.9990265948385,40.3131352790089],[-73.9991400866425,40.313316212267],[-73.999166575166,40.3133469906647],[-73.9992064066135,40.3133727210005],[-73.9992630766469,40.3133908380131],[-73.9993265304713,40.313393693027],[-73.9993767046288,40.3133785368721],[-73.9994269902299,40.3133532244845],[-73.9996586706644,40.3131906118303],[-73.9996989547839,40.313155016513],[-73.9997258787968,40.3131269667427],[-73.9997395008367,40.3130887027519],[-73.9997364694459,40.3130427075705],[-73.9996540045334,40.3129094006555],[-73.9996141565295,40.3128811449619],[-73.9995675086679,40.3128655698929],[-73.9995107800424,40.3128602186683],[-73.9994473064307,40.3128650498658],[-73.999393704459,40.3128878224758],[-73.9992963378538,40.3129564156452],[-73.9990265948385,40.3131352790089]]}},{"type":"Feature","id":138180,"properties":{"OBJECTID":138180,"PRIMENAME":"Franklin Avenue","ELEVTYP_F":0,"ELEVTYP_T":0},"geometry":{"type":"LineString","coordinates":[[-73.9816926070585,40.3004805765524],[-73.9823594896984,40.3003739459497],[-73.9828576483573,40.300303672628]]}},{"type":"Feature","id":138317,"properties":{"OBJECTID":138317,"PRIMENAME":"Unnamed Segment","ELEVTYP_F":0,"ELEVTYP_T":0},"geometry":{"type":"LineString","coordinates":[[-73.98599665352,40.3129887496963],[-73.9856226173337,40.3125800162229],[-73.9852764862222,40.3121837851888],[-73.9851942784538,40.3117825133286]]}},{"type":"Feature","id":138471,"properties":{"OBJECTID":138471,"PRIMENAME":"Unnamed Segment","ELEVTYP_F":0,"ELEVTYP_T":0},"geometry":{"type":"LineString","coordinates":[[-74.0065884219657,40.2773221718398],[-74.0066204226596,40.2776081718871],[-74.0066104213021,40.2776471702062],[-74.0066104217507,40.2776781700687],[-74.0066974228577,40.2783781710448],[-74.0067154224405,40.2784031708765],[-74.0067574225203,40.2784251711391],[-74.0067954213617,40.2784281710963],[-74.0075164220451,40.27837117157],[-74.0084234234914,40.2783101708818],[-74.0084674229319,40.2782891715451],[-74.0084974232523,40.278259171864],[-74.0085114239966,40.2782211720928],[-74.0085004219236,40.2780751705033],[-74.0084504216789,40.2778251705106],[-74.0083154216906,40.2770641703604],[-74.0082584240623,40.2768001712508]]}},{"type":"Feature","id":138481,"properties":{"OBJECTID":138481,"PRIMENAME":"Shapen Way","ELEVTYP_F":0,"ELEVTYP_T":0},"geometry":{"type":"LineString","coordinates":[[-74.0050980494039,40.3140722699944],[-74.0046613763266,40.3131671740648]]}},{"type":"Feature","id":139626,"properties":{"OBJECTID":139626,"PRIMENAME":"Unnamed Segment","ELEVTYP_F":0,"ELEVTYP_T":0},"geometry":{"type":"LineString","coordinates":[[-74.0055459189205,40.2773948795573],[-74.0055247583455,40.2774850849291],[-74.0055780772381,40.2777269304644],[-74.0056891366534,40.2782911765429],[-74.0057868789026,40.2786214188655],[-74.0059247087947,40.2789479972537],[-74.0059131313379,40.27916271855],[-74.0059105629588,40.2795155433313],[-74.005843261384,40.279818235568]]}},{"type":"Feature","id":139677,"properties":{"OBJECTID":139677,"PRIMENAME":"West End Avenue","ELEVTYP_F":0,"ELEVTYP_T":0},"geometry":{"type":"LineString","coordinates":[[-73.9965859649861,40.2895128098497],[-73.9960811103544,40.2892324120282]]}},{"type":"Feature","id":139852,"properties":{"OBJECTID":139852,"PRIMENAME":"Unnamed Segment","ELEVTYP_F":0,"ELEVTYP_T":0},"geometry":{"type":"LineString","coordinates":[[-73.9892444173904,40.2820461726914],[-73.9893204176973,40.2825411723258]]}},{"type":"Feature","id":140399,"properties":{"OBJECTID":140399,"PRIMENAME":"Unnamed Segment","ELEVTYP_F":0,"ELEVTYP_T":0},"geometry":{"type":"LineString","coordinates":[[-74.005230436094,40.30855889306],[-74.0044555103898,40.3085068760513],[-74.0039456836138,40.3083261963443],[-74.0024582284154,40.3075577706324]]}},{"type":"Feature","id":140872,"properties":{"OBJECTID":140872,"PRIMENAME":"Unnamed Segment","ELEVTYP_F":0,"ELEVTYP_T":0},"geometry":{"type":"LineString","coordinates":[[-73.9894568750163,40.280411538188],[-73.9891774170751,40.2804361717556],[-73.9885784152022,40.2804201725672]]}},{"type":"Feature","id":141095,"properties":{"OBJECTID":141095,"PRIMENAME":"Seawinds Way","ELEVTYP_F":0,"ELEVTYP_T":0},"geometry":{"type":"LineString","coordinates":[[-73.992644419393,40.3240581808294],[-73.9926654216635,40.3242351802521],[-73.9926804207332,40.3243641809189]]}},{"type":"Feature","id":141108,"properties":{"OBJECTID":141108,"PRIMENAME":"FR CO 29A to RT 36 SB","ELEVTYP_F":0,"ELEVTYP_T":0},"geometry":{"type":"LineString","coordinates":[[-74.0099624047057,40.3045558838692],[-74.0099648259517,40.3045379390342],[-74.0099685609856,40.3045201267836],[-74.0099735979938,40.3045025034517],[-74.0099799210449,40.3044851247752],[-74.0099875101402,40.3044680457171],[-74.009996341277,40.3044513202927],[-74.0100063865246,40.3044350013987],[-74.0100176141123,40.3044191406463],[-74.0100299885304,40.3044037881976],[-74.0100434706421,40.3043889926071],[-74.0100580178076,40.3043748006679],[-74.0100735840185,40.3043612572644],[-74.0100901200439,40.3043484052294],[-74.0101075735856,40.3043362852095],[-74.0101258894439,40.3043249355359],[-74.0101450096918,40.3043143921036]]}},{"type":"Feature","id":141188,"properties":{"OBJECTID":141188,"PRIMENAME":"FR RT 36 NB to OCEAN AVE","ELEVTYP_F":0,"ELEVTYP_T":0},"geometry":{"type":"LineString","coordinates":[[-73.9778374406064,40.3211491324816],[-73.9774958788706,40.3216187060411],[-73.9774737960608,40.3216591258094],[-73.97744865069,40.3216875899706],[-73.977417336253,40.3217112762098],[-73.977382920896,40.321732560798],[-73.9773423548872,40.3217466799058],[-73.9772987063866,40.3217560089041],[-73.9772457514661,40.3217581581501],[-73.977192889629,40.3217483930438],[-73.9771463044494,40.3217338801159],[-73.9770935886683,40.3217050370756],[-73.977037844001,40.3216690426373],[-73.9769942342693,40.3216408711749]]}},{"type":"Feature","id":141673,"properties":{"OBJECTID":141673,"PRIMENAME":"Pearl Street","ELEVTYP_F":0,"ELEVTYP_T":0},"geometry":{"type":"LineString","coordinates":[[-74.0011143010828,40.2995257229288],[-74.001016773642,40.2992930191002],[-74.0008827952569,40.2988826085531],[-74.0008156847835,40.298696441245],[-74.0007979193088,40.2985771949438],[-74.0007925223383,40.2984627790955],[-74.0008177895212,40.2984104545133],[-74.0008400091942,40.2983679996965]]}},{"type":"Feature","id":142116,"properties":{"OBJECTID":142116,"PRIMENAME":"Unnamed Segment","ELEVTYP_F":0,"ELEVTYP_T":0},"geometry":{"type":"LineString","coordinates":[[-73.9944031133973,40.2968621111188],[-73.9947076457636,40.2965161369686]]}},{"type":"Feature","id":142126,"properties":{"OBJECTID":142126,"PRIMENAME":"Unnamed Segment","ELEVTYP_F":0,"ELEVTYP_T":0},"geometry":{"type":"LineString","coordinates":[[-74.0106004255917,40.3056161757824],[-74.0108214264379,40.3060671768596],[-74.0110854252488,40.3066811763534],[-74.0111864259599,40.3069221775961]]}},{"type":"Feature","id":142201,"properties":{"OBJECTID":142201,"PRIMENAME":"Larchwood Avenue","ELEVTYP_F":0,"ELEVTYP_T":0},"geometry":{"type":"LineString","coordinates":[[-74.0115696724679,40.2836136252336],[-74.0113448241759,40.2825516491086],[-74.0113238267067,40.2824410376616]]}},{"type":"Feature","id":142513,"properties":{"OBJECTID":142513,"PRIMENAME":"Unnamed Segment","ELEVTYP_F":0,"ELEVTYP_T":0},"geometry":{"type":"LineString","coordinates":[[-74.012411975514,40.3053092919446],[-74.0125944275638,40.305287176855],[-74.0127734261869,40.3053001761644],[-74.0151204264374,40.3058281755838]]}},{"type":"Feature","id":142824,"properties":{"OBJECTID":142824,"PRIMENAME":"Florence Avenue","ELEVTYP_F":0,"ELEVTYP_T":0},"geometry":{"type":"LineString","coordinates":[[-73.9906866845687,40.3181129743674],[-73.9907683365434,40.3182001091962],[-73.9912489005488,40.3187130785092]]}},{"type":"Feature","id":142995,"properties":{"OBJECTID":142995,"PRIMENAME":"Norwood Avenue","ELEVTYP_F":0,"ELEVTYP_T":0},"geometry":{"type":"LineString","coordinates":[[-74.0013130687293,40.2674197898911],[-74.0014910781207,40.2680486646502],[-74.0018042692907,40.26918060708]]}},{"type":"Feature","id":144087,"properties":{"OBJECTID":144087,"PRIMENAME":"Ocean Avenue","ELEVTYP_F":0,"ELEVTYP_T":0},"geometry":{"type":"LineString","coordinates":[[-73.9828550200593,40.2846719393955],[-73.9824402801137,40.2847150233816],[-73.9824032754396,40.2847199904607],[-73.9823668828698,40.2847271333973],[-73.9823313202028,40.2847364094432],[-73.9822968002702,40.2847477630841],[-73.9822635296636,40.284761126372],[-73.9822317074983,40.2847764193317],[-73.9822015242211,40.2847935504394],[-73.9821731604712,40.2848124171706],[-73.982146785999,40.2848329066135],[-73.9821225586496,40.2848548961446],[-73.9821006234192,40.2848782541628],[-73.9820811115864,40.284902840877],[-73.9820641399268,40.2849285091421],[-73.9820498100143,40.2849551053407],[-73.9820382076127,40.2849824703011],[-73.982029402163,40.285010440251],[-73.9819903450246,40.2851596091647],[-73.9819312264866,40.2855435379057],[-73.9818886529193,40.2858629949195],[-73.9818933802558,40.2860143187653]]}},{"type":"Feature","id":144598,"properties":{"OBJECTID":144598,"PRIMENAME":"Norwood Avenue","ELEVTYP_F":0,"ELEVTYP_T":0},"geometry":{"type":"LineString","coordinates":[[-74.0023767638338,40.2968178924884],[-74.0024603267409,40.297195553794]]}},{"type":"Feature","id":144607,"properties":{"OBJECTID":144607,"PRIMENAME":"South Lincoln Avenue","ELEVTYP_F":0,"ELEVTYP_T":0},"geometry":{"type":"LineString","coordinates":[[-74.0083435651949,40.2659421142417],[-74.0082513137055,40.2658889037623],[-74.0080530772138,40.2657688908338],[-74.0078424066357,40.2656536288192],[-74.0076687643767,40.2655718512053],[-74.0075012206283,40.2655139551515],[-74.0074875219639,40.2655102734809]]}},{"type":"Feature","id":145118,"properties":{"OBJECTID":145118,"PRIMENAME":"West End Avenue","ELEVTYP_F":0,"ELEVTYP_T":0},"geometry":{"type":"LineString","coordinates":[[-73.9975200533168,40.2900209043518],[-73.9970388388007,40.2897641106821]]}},{"type":"Feature","id":146407,"properties":{"OBJECTID":146407,"PRIMENAME":"Unnamed Segment","ELEVTYP_F":0,"ELEVTYP_T":0},"geometry":{"type":"LineString","coordinates":[[-73.9984363314325,40.2703588167422],[-73.9984715883541,40.269962724099],[-73.9971853385413,40.2697701358196],[-73.9970555538296,40.2698429064207],[-73.9969138754827,40.2701273870709]]}},{"type":"Feature","id":146542,"properties":{"OBJECTID":146542,"PRIMENAME":"Waverly Place","ELEVTYP_F":0,"ELEVTYP_T":0},"geometry":{"type":"LineString","coordinates":[[-73.9982606000701,40.2941762967943],[-73.9981473873941,40.2942143755828],[-73.9973362402651,40.2944872700245],[-73.9973078549597,40.2945149833495],[-73.9972959659308,40.2945373319694],[-73.9973104322131,40.2945687728633],[-73.9973306512487,40.2945980150232],[-73.9975463644655,40.2947244902938],[-73.9981497433978,40.2950880497191],[-73.9982401529416,40.2951424948542]]}},{"type":"Feature","id":146666,"properties":{"OBJECTID":146666,"PRIMENAME":"Wall Street","ELEVTYP_F":0,"ELEVTYP_T":0},"geometry":{"type":"LineString","coordinates":[[-74.0143389054724,40.2863811519903],[-74.0138963372886,40.2864561864497],[-74.0132109645481,40.286567725748],[-74.0127935571277,40.2866231517917],[-74.0123327673221,40.2866593418279],[-74.0122031632026,40.286676584439]]}},{"type":"Feature","id":146680,"properties":{"OBJECTID":146680,"PRIMENAME":"Sairs Avenue","ELEVTYP_F":0,"ELEVTYP_T":0},"geometry":{"type":"LineString","coordinates":[[-73.9870603013232,40.2919727797491],[-73.9869954926769,40.2923305384234],[-73.9869828114071,40.2924004849801]]}},{"type":"Feature","id":146704,"properties":{"OBJECTID":146704,"PRIMENAME":"Lenox Avenue","ELEVTYP_F":0,"ELEVTYP_T":0},"geometry":{"type":"LineString","coordinates":[[-73.9907316424774,40.2825600771583],[-73.9910250761786,40.282598163868],[-73.9910735937215,40.2826044621387],[-73.9915646566864,40.2826781334147],[-73.9921241117077,40.2827616020865],[-73.9927332842928,40.2828548384325],[-73.9928598141175,40.2828553930804]]}},{"type":"Feature","id":146730,"properties":{"OBJECTID":146730,"PRIMENAME":"Willow Avenue","ELEVTYP_F":0,"ELEVTYP_T":0},"geometry":{"type":"LineString","coordinates":[[-73.9900047102074,40.2965287533795],[-73.9898957606521,40.2964897852606],[-73.9892749624932,40.2962678137667],[-73.9891570032686,40.2962256204533]]}},{"type":"Feature","id":146749,"properties":{"OBJECTID":146749,"PRIMENAME":"Unnamed Segment","ELEVTYP_F":0,"ELEVTYP_T":0},"geometry":{"type":"LineString","coordinates":[[-73.9866615342924,40.2924013521596],[-73.9866674155955,40.2926131753097],[-73.9866924158872,40.2927071744715]]}},{"type":"Feature","id":146808,"properties":{"OBJECTID":146808,"PRIMENAME":"Avenel Boulevard","ELEVTYP_F":0,"ELEVTYP_T":0},"geometry":{"type":"LineString","coordinates":[[-73.9783785379024,40.3179318791894],[-73.9792709895218,40.3178688074034],[-73.9794766461787,40.3178576533719]]}},{"type":"Feature","id":146822,"properties":{"OBJECTID":146822,"PRIMENAME":"Cedar Avenue","ELEVTYP_F":0,"ELEVTYP_T":0},"geometry":{"type":"LineString","coordinates":[[-74.0094614712711,40.2821127625076],[-74.0113238267067,40.2824410376616]]}},{"type":"Feature","id":146894,"properties":{"OBJECTID":146894,"PRIMENAME":"Madison Avenue","ELEVTYP_F":0,"ELEVTYP_T":0},"geometry":{"type":"LineString","coordinates":[[-73.9781125438415,40.3057818110301],[-73.978754367244,40.3058068687885]]}},{"type":"Feature","id":146897,"properties":{"OBJECTID":146897,"PRIMENAME":"Unnamed Segment","ELEVTYP_F":0,"ELEVTYP_T":0},"geometry":{"type":"LineString","coordinates":[[-73.9820904188638,40.3177921796438],[-73.9819674185589,40.3178131788717],[-73.9820724173956,40.3182681804939],[-73.9821284156913,40.3185601792705]]}},{"type":"Feature","id":146990,"properties":{"OBJECTID":146990,"PRIMENAME":"Justin Way","ELEVTYP_F":0,"ELEVTYP_T":0},"geometry":{"type":"LineString","coordinates":[[-73.9908988043177,40.2818459029265],[-73.9908776521592,40.2819362748757],[-73.9907316424774,40.2825600771583]]}},{"type":"Feature","id":147043,"properties":{"OBJECTID":147043,"PRIMENAME":"White Street","ELEVTYP_F":0,"ELEVTYP_T":0},"geometry":{"type":"LineString","coordinates":[[-73.9824942896298,40.321709118253],[-73.9823983418837,40.3217146738302],[-73.9799479477478,40.3218564266373]]}},{"type":"Feature","id":147130,"properties":{"OBJECTID":147130,"PRIMENAME":"Unnamed Segment","ELEVTYP_F":0,"ELEVTYP_T":0},"geometry":{"type":"LineString","coordinates":[[-74.0124394262583,40.3122741777713],[-74.0127744269039,40.3124331778215],[-74.0130314249569,40.312571176729],[-74.0132004265109,40.3126561776863]]}},{"type":"Feature","id":147136,"properties":{"OBJECTID":147136,"PRIMENAME":"Oakhurst Road","ELEVTYP_F":0,"ELEVTYP_T":0},"geometry":{"type":"LineString","coordinates":[[-74.0130824805478,40.2605444985735],[-74.0130620616619,40.2604735583132],[-74.0129905665937,40.2600348168603],[-74.0129882268606,40.2600204216058],[-74.0128952297895,40.2594481993951],[-74.0127398785074,40.2585563056214],[-74.0127266976997,40.2584805916118]]}},{"type":"Feature","id":147188,"properties":{"OBJECTID":147188,"PRIMENAME":"Harnell Avenue","ELEVTYP_F":0,"ELEVTYP_T":0},"geometry":{"type":"LineString","coordinates":[[-74.0130872958549,40.2640813066948],[-74.0131732176471,40.2640628362233],[-74.0141763875219,40.2638478450763],[-74.0142786390413,40.2638259288493]]}},{"type":"Feature","id":147381,"properties":{"OBJECTID":147381,"PRIMENAME":"Lawrence Avenue","ELEVTYP_F":0,"ELEVTYP_T":0},"geometry":{"type":"LineString","coordinates":[[-74.0009507108222,40.2622227767266],[-74.0010859957528,40.2622360432147],[-74.0027417496046,40.2623984947926]]}},{"type":"Feature","id":147473,"properties":{"OBJECTID":147473,"PRIMENAME":"Ocean Avenue","ELEVTYP_F":0,"ELEVTYP_T":0},"geometry":{"type":"LineString","coordinates":[[-73.984472159367,40.2827689122532],[-73.9843823147398,40.2833529618539],[-73.9843664275519,40.283456228266]]}},{"type":"Feature","id":147542,"properties":{"OBJECTID":147542,"PRIMENAME":"Smith Street","ELEVTYP_F":0,"ELEVTYP_T":0},"geometry":{"type":"LineString","coordinates":[[-73.9977837092871,40.3202034239693],[-73.9979582820402,40.3195667740924],[-73.9979977743869,40.3194159867581],[-73.9980372247067,40.3192609994712],[-73.9980600694715,40.3191353131676],[-73.9980607712518,40.3191228529535]]}},{"type":"Feature","id":147929,"properties":{"OBJECTID":147929,"PRIMENAME":"Long Branch Avenue","ELEVTYP_F":0,"ELEVTYP_T":0},"geometry":{"type":"LineString","coordinates":[[-73.9857966963881,40.3213073984334],[-73.9858980051192,40.321852715554]]}},{"type":"Feature","id":148201,"properties":{"OBJECTID":148201,"PRIMENAME":"Unnamed Segment","ELEVTYP_F":0,"ELEVTYP_T":0},"geometry":{"type":"LineString","coordinates":[[-74.010725425144,40.3114111786097],[-74.0110284267121,40.3115321785011],[-74.0120584263422,40.3120621772799]]}},{"type":"Feature","id":148251,"properties":{"OBJECTID":148251,"PRIMENAME":"New Ocean Avenue","ELEVTYP_F":0,"ELEVTYP_T":0},"geometry":{"type":"LineString","coordinates":[[-73.979269607585,40.3135191962266],[-73.9792471202916,40.3136793854888],[-73.9792200287886,40.3138109645224],[-73.9790211792969,40.3147767781975],[-73.9789394982433,40.3151734991448]]}},{"type":"Feature","id":148256,"properties":{"OBJECTID":148256,"PRIMENAME":"Norwood Avenue","ELEVTYP_F":0,"ELEVTYP_T":0},"geometry":{"type":"LineString","coordinates":[[-74.0028256838816,40.2768302822716],[-74.002797486122,40.2769905634855],[-74.0027295296502,40.2773477268036],[-74.0027002285492,40.2775262875604],[-74.0026918707302,40.2776590919615]]}},{"type":"Feature","id":148447,"properties":{"OBJECTID":148447,"PRIMENAME":"Liberty Street","ELEVTYP_F":0,"ELEVTYP_T":0},"geometry":{"type":"LineString","coordinates":[[-73.9916253455592,40.3143022331571],[-73.992376823014,40.3148361531691],[-73.9927504092166,40.3151015784373],[-73.9928737781136,40.315197076285]]}},{"type":"Feature","id":148759,"properties":{"OBJECTID":148759,"PRIMENAME":"Norwood Avenue","ELEVTYP_F":0,"ELEVTYP_T":0},"geometry":{"type":"LineString","coordinates":[[-74.0032446176512,40.2811923138064],[-74.0032924571774,40.2814143609024],[-74.0033057661591,40.2814864789894]]}},{"type":"Feature","id":149097,"properties":{"OBJECTID":149097,"PRIMENAME":"North Linden Avenue","ELEVTYP_F":0,"ELEVTYP_T":0},"geometry":{"type":"LineString","coordinates":[[-74.011751282164,40.3006777944593],[-74.0108495806799,40.3011897013785],[-74.0107670223595,40.3012365692782],[-74.010671763243,40.3012902473138]]}},{"type":"Feature","id":149304,"properties":{"OBJECTID":149304,"PRIMENAME":"Unnamed Segment","ELEVTYP_F":0,"ELEVTYP_T":0},"geometry":{"type":"LineString","coordinates":[[-73.9852070788757,40.3149471306029],[-73.9851798877251,40.3148043494483],[-73.9850292437506,40.3139969621951]]}},{"type":"Feature","id":149403,"properties":{"OBJECTID":149403,"PRIMENAME":"7th Avenue","ELEVTYP_F":0,"ELEVTYP_T":0},"geometry":{"type":"LineString","coordinates":[[-73.9939517783076,40.30350082615],[-73.9940254240424,40.3036020893884],[-73.9942890970977,40.3039645668971]]}},{"type":"Feature","id":149404,"properties":{"OBJECTID":149404,"PRIMENAME":"South Lincoln Avenue","ELEVTYP_F":0,"ELEVTYP_T":0},"geometry":{"type":"LineString","coordinates":[[-73.9975633090551,40.2643859902051],[-73.9977431334466,40.2643130614705],[-73.9979862248188,40.2642521290693],[-73.9980514711323,40.2642306917109],[-73.9982035336261,40.2641807294323],[-73.9982294925684,40.2641721992324],[-73.9983344209284,40.2641405662392],[-73.9984708786766,40.2640994273039]]}},{"type":"Feature","id":149429,"properties":{"OBJECTID":149429,"PRIMENAME":"Union Avenue","ELEVTYP_F":0,"ELEVTYP_T":0},"geometry":{"type":"LineString","coordinates":[[-73.9833109318596,40.3052954700879],[-73.9833827524165,40.3053660951648],[-73.9835466698634,40.3059197111669]]}},{"type":"Feature","id":149743,"properties":{"OBJECTID":149743,"PRIMENAME":"Conover Place","ELEVTYP_F":0,"ELEVTYP_T":0},"geometry":{"type":"LineString","coordinates":[[-73.9991866646674,40.3068797041014],[-73.9991371422614,40.3068509118802],[-73.9990437349589,40.3068457303697],[-73.9988316849269,40.3069020225776],[-73.9988015697396,40.3069110337799]]}},{"type":"Feature","id":149836,"properties":{"OBJECTID":149836,"PRIMENAME":"Unnamed Segment","ELEVTYP_F":0,"ELEVTYP_T":0},"geometry":{"type":"LineString","coordinates":[[-73.9985614200808,40.2900131732377],[-73.9986174199132,40.2897091741421],[-73.9986404202903,40.2895541739835]]}},{"type":"Feature","id":149924,"properties":{"OBJECTID":149924,"PRIMENAME":"2nd Avenue","ELEVTYP_F":0,"ELEVTYP_T":0},"geometry":{"type":"LineString","coordinates":[[-73.9835872557941,40.2956636958117],[-73.9835350697281,40.295992107545],[-73.9833905723826,40.2968789337336]]}},{"type":"Feature","id":149929,"properties":{"OBJECTID":149929,"PRIMENAME":"Ocean Avenue","ELEVTYP_F":0,"ELEVTYP_T":0},"geometry":{"type":"LineString","coordinates":[[-73.9797245443581,40.2961017043443],[-73.9795832254367,40.2966568034219],[-73.979435498217,40.2972566541334],[-73.9794254290652,40.297307422129]]}},{"type":"Feature","id":150223,"properties":{"OBJECTID":150223,"PRIMENAME":"Ocean Avenue","ELEVTYP_F":0,"ELEVTYP_T":0},"geometry":{"type":"LineString","coordinates":[[-73.9769101637583,40.3233602756758],[-73.9767572436112,40.3238135575704],[-73.9763434030977,40.3250539686906]]}},{"type":"Feature","id":150227,"properties":{"OBJECTID":150227,"PRIMENAME":"Park Avenue","ELEVTYP_F":0,"ELEVTYP_T":0},"geometry":{"type":"LineString","coordinates":[[-74.0154481338077,40.269534149856],[-74.015355189734,40.2695363139999],[-74.0151809158878,40.2695403331621],[-74.0145652901117,40.2694948446353],[-74.0139000578903,40.2694253156237],[-74.0137072859994,40.26941023016],[-74.013018769457,40.2692745751489]]}},{"type":"Feature","id":150238,"properties":{"OBJECTID":150238,"PRIMENAME":"Pullman Avenue","ELEVTYP_F":0,"ELEVTYP_T":0},"geometry":{"type":"LineString","coordinates":[[-73.986553287231,40.272615170617],[-73.9866685896927,40.27260500394],[-73.9879369089784,40.2728254934987],[-73.987949865111,40.2728277457448]]}},{"type":"Feature","id":150774,"properties":{"OBJECTID":150774,"PRIMENAME":"Cedar Avenue","ELEVTYP_F":0,"ELEVTYP_T":0},"geometry":{"type":"LineString","coordinates":[[-73.9901067499856,40.2812011045819],[-73.9895829512592,40.2812733554157],[-73.9894533554677,40.2812854118195]]}},{"type":"Feature","id":150787,"properties":{"OBJECTID":150787,"PRIMENAME":"South Cookman Avenue","ELEVTYP_F":0,"ELEVTYP_T":0},"geometry":{"type":"LineString","coordinates":[[-73.9837555574847,40.3221746159047],[-73.983750884056,40.3221700791702],[-73.9837276922191,40.322158830078],[-73.9836943428956,40.3221486884836],[-73.9836681793078,40.3221463209733],[-73.9836187571421,40.3221461003707],[-73.983548896614,40.3221547103796],[-73.9834921268573,40.3221633238568],[-73.9834281019737,40.322168638237],[-73.9826979002269,40.3222161360658],[-73.9826248789327,40.3222208864906],[-73.9825519903217,40.3222361525962]]}},{"type":"Feature","id":150817,"properties":{"OBJECTID":150817,"PRIMENAME":"Sherman Court","ELEVTYP_F":0,"ELEVTYP_T":0},"geometry":{"type":"LineString","coordinates":[[-73.9879241778738,40.2917481930472],[-73.9878912712552,40.2918142070853],[-73.9878927387353,40.2919700779628]]}},{"type":"Feature","id":150984,"properties":{"OBJECTID":150984,"PRIMENAME":"Unnamed Segment","ELEVTYP_F":0,"ELEVTYP_T":0},"geometry":{"type":"LineString","coordinates":[[-73.9931594187619,40.2954821751623],[-73.9932614176993,40.2955331749899],[-73.9938064203793,40.2958301750279]]}},{"type":"Feature","id":151158,"properties":{"OBJECTID":151158,"PRIMENAME":"6th Avenue","ELEVTYP_F":0,"ELEVTYP_T":0},"geometry":{"type":"LineString","coordinates":[[-73.9968586900918,40.3129356279581],[-73.996801514427,40.3128697412991],[-73.9963323433686,40.3123291453746],[-73.9955483068734,40.3114392750736],[-73.9953877868165,40.311257446835],[-73.9953388601865,40.3112062553945]]}},{"type":"Feature","id":151216,"properties":{"OBJECTID":151216,"PRIMENAME":"Bath Avenue","ELEVTYP_F":0,"ELEVTYP_T":0},"geometry":{"type":"LineString","coordinates":[[-74.0029534857449,40.2994358167233],[-74.002866340055,40.2993897618353],[-74.0026977577397,40.2993006873008]]}},{"type":"Feature","id":151235,"properties":{"OBJECTID":151235,"PRIMENAME":"Werah Place","ELEVTYP_F":0,"ELEVTYP_T":0},"geometry":{"type":"LineString","coordinates":[[-74.0017911748893,40.3178191681539],[-73.9997539447308,40.3189408235645],[-73.9997378475778,40.3189496758404],[-73.9996757858595,40.3189859461038]]}},{"type":"Feature","id":151400,"properties":{"OBJECTID":151400,"PRIMENAME":"Prospect Street","ELEVTYP_F":0,"ELEVTYP_T":0},"geometry":{"type":"LineString","coordinates":[[-73.9936837721235,40.2986811799618],[-73.9934185132077,40.2989621030054],[-73.993362456646,40.299021469374],[-73.9932804559392,40.299108326345]]}},{"type":"Feature","id":151409,"properties":{"OBJECTID":151409,"PRIMENAME":"High Street","ELEVTYP_F":0,"ELEVTYP_T":0},"geometry":{"type":"LineString","coordinates":[[-73.996458122327,40.2938124664617],[-73.9966153974382,40.2937597841199],[-73.9969174793709,40.2936627920407],[-73.9974184123276,40.2934854597397],[-73.9977827512276,40.2933612278943]]}},{"type":"Feature","id":151473,"properties":{"OBJECTID":151473,"PRIMENAME":"Seaview Avenue","ELEVTYP_F":0,"ELEVTYP_T":0},"geometry":{"type":"LineString","coordinates":[[-73.981492265418,40.3110346939329],[-73.9806684457642,40.311007307835],[-73.9804723093839,40.3110190552886]]}},{"type":"Feature","id":151758,"properties":{"OBJECTID":151758,"PRIMENAME":"Unnamed Segment","ELEVTYP_F":0,"ELEVTYP_T":0},"geometry":{"type":"LineString","coordinates":[[-74.0120584263422,40.3120621772799],[-74.0119054273948,40.3121271779851],[-74.0112634260046,40.3123551768953]]}},{"type":"Feature","id":152054,"properties":{"OBJECTID":152054,"PRIMENAME":"Marvin Drive","ELEVTYP_F":0,"ELEVTYP_T":0},"geometry":{"type":"LineString","coordinates":[[-74.0010641241528,40.2839633994041],[-74.0010416348237,40.2838571785369],[-74.0009257625731,40.2833098798713],[-74.0008762290281,40.2830459330603]]}},{"type":"Feature","id":152214,"properties":{"OBJECTID":152214,"PRIMENAME":"Larchwood Avenue","ELEVTYP_F":0,"ELEVTYP_T":0},"geometry":{"type":"LineString","coordinates":[[-74.0080891409602,40.2636151114159],[-74.0081456926929,40.2641488597906],[-74.0081620030679,40.2642965946803]]}},{"type":"Feature","id":152252,"properties":{"OBJECTID":152252,"PRIMENAME":"Exchange Place","ELEVTYP_F":0,"ELEVTYP_T":0},"geometry":{"type":"LineString","coordinates":[[-73.9978127410052,40.2995622427184],[-73.9975157609856,40.2996591492721],[-73.9974595831817,40.2996827339689],[-73.997208994681,40.2998961278387],[-73.9971419897935,40.2999531842003]]}},{"type":"Feature","id":152282,"properties":{"OBJECTID":152282,"PRIMENAME":"Westwood Avenue","ELEVTYP_F":0,"ELEVTYP_T":0},"geometry":{"type":"LineString","coordinates":[[-73.9880811933634,40.2994121172974],[-73.9879653539519,40.2996965024525],[-73.9877311238796,40.3000899562232],[-73.9875611315559,40.3003754989674],[-73.9874672930866,40.3005331234366]]}},{"type":"Feature","id":152395,"properties":{"OBJECTID":152395,"PRIMENAME":"Broadway","ELEVTYP_F":0,"ELEVTYP_T":0},"geometry":{"type":"LineString","coordinates":[[-73.9916966561387,40.304087692863],[-73.9907243935911,40.3041375798725],[-73.9906631403873,40.3041389575224]]}},{"type":"Feature","id":152660,"properties":{"OBJECTID":152660,"PRIMENAME":"Unnamed Segment","ELEVTYP_F":0,"ELEVTYP_T":0},"geometry":{"type":"LineString","coordinates":[[-73.9861138301201,40.2815896710055],[-73.9861684163654,40.2819551725539],[-73.9861754167459,40.2821431723103],[-73.9861934175338,40.2821621724128],[-73.9863444167477,40.2821971733011]]}},{"type":"Feature","id":152763,"properties":{"OBJECTID":152763,"PRIMENAME":"Branchport Avenue","ELEVTYP_F":0,"ELEVTYP_T":0},"geometry":{"type":"LineString","coordinates":[[-74.0049491436572,40.3071929995915],[-74.0050912508342,40.307394172121],[-74.0052639517463,40.3076141432143],[-74.0053193365921,40.3077049437705],[-74.0053374601067,40.3077765072774],[-74.0053305266869,40.3078765675966],[-74.0052778014422,40.3082814520457],[-74.0052617423112,40.3083755100808],[-74.005230436094,40.30855889306]]}},{"type":"Feature","id":152781,"properties":{"OBJECTID":152781,"PRIMENAME":"South Lincoln Avenue","ELEVTYP_F":0,"ELEVTYP_T":0},"geometry":{"type":"LineString","coordinates":[[-74.0074875219639,40.2655102734809],[-74.0073397725852,40.2654704152591],[-74.0072031254482,40.2654364242146],[-74.0070353076083,40.2654214068933],[-74.0067553975143,40.2654059656334],[-74.0060835979619,40.2653887706106],[-74.0059110428128,40.2653795064912],[-74.0058863976265,40.2653781826623]]}},{"type":"Feature","id":152799,"properties":{"OBJECTID":152799,"PRIMENAME":"Herbert Place","ELEVTYP_F":0,"ELEVTYP_T":0},"geometry":{"type":"LineString","coordinates":[[-73.9989974080276,40.3190932845155],[-73.9989803025203,40.3191560752291],[-73.9987993724255,40.3198197674406]]}},{"type":"Feature","id":152851,"properties":{"OBJECTID":152851,"PRIMENAME":"Pinewood Avenue","ELEVTYP_F":0,"ELEVTYP_T":0},"geometry":{"type":"LineString","coordinates":[[-74.0027968124608,40.2638051659976],[-74.0036809430486,40.2638485752835],[-74.0048749465425,40.2639156504358],[-74.0059135385227,40.2639725505171],[-74.0059212762224,40.2639729726411],[-74.0060261242224,40.2639786864354]]}},{"type":"Feature","id":152864,"properties":{"OBJECTID":152864,"PRIMENAME":"Norwood Avenue","ELEVTYP_F":0,"ELEVTYP_T":0},"geometry":{"type":"LineString","coordinates":[[-74.0027035616372,40.2784849259689],[-74.002720469019,40.2785844919569],[-74.0027699861367,40.2788313354652],[-74.002828521347,40.2791246665787],[-74.0028968179809,40.2794651423502],[-74.002898097724,40.2794715245275]]}},{"type":"Feature","id":152894,"properties":{"OBJECTID":152894,"PRIMENAME":"Catherine Street","ELEVTYP_F":0,"ELEVTYP_T":0},"geometry":{"type":"LineString","coordinates":[[-73.9847245461642,40.3214189138948],[-73.9844857784666,40.3201567056235],[-73.9844713662675,40.3200804901849]]}},{"type":"Feature","id":152936,"properties":{"OBJECTID":152936,"PRIMENAME":"Atlantic Avenue","ELEVTYP_F":0,"ELEVTYP_T":0},"geometry":{"type":"LineString","coordinates":[[-73.9938996278455,40.3143465713035],[-73.9935125073313,40.3146710385859],[-73.9933075732252,40.3148402335171],[-73.9929612390782,40.3151261664919],[-73.9928794708222,40.3151924610645],[-73.9928737781136,40.315197076285]]}},{"type":"Feature","id":153086,"properties":{"OBJECTID":153086,"PRIMENAME":"Norwood Avenue","ELEVTYP_F":0,"ELEVTYP_T":0},"geometry":{"type":"LineString","coordinates":[[-74.0028144072486,40.2987706579214],[-74.0028929640511,40.2991463635703],[-74.0029534857449,40.2994358167233]]}},{"type":"Feature","id":153300,"properties":{"OBJECTID":153300,"PRIMENAME":"Russell Court","ELEVTYP_F":0,"ELEVTYP_T":0},"geometry":{"type":"LineString","coordinates":[[-74.0033911521213,40.3001119195822],[-74.0032638840641,40.3001343508083],[-74.0019869242616,40.3002575561277],[-74.0018999159693,40.3002659386599]]}},{"type":"Feature","id":153439,"properties":{"OBJECTID":153439,"PRIMENAME":"Zocco Lane","ELEVTYP_F":0,"ELEVTYP_T":0},"geometry":{"type":"LineString","coordinates":[[-74.0068489605707,40.3129976975029],[-74.0067165586651,40.3130375697668],[-74.0059414976421,40.3132710672626],[-74.0058106887503,40.3133104751468]]}},{"type":"Feature","id":153532,"properties":{"OBJECTID":153532,"PRIMENAME":"Unnamed Segment","ELEVTYP_F":0,"ELEVTYP_T":0},"geometry":{"type":"LineString","coordinates":[[-74.0119894246563,40.2923911741228],[-74.0115164246833,40.2922431740515]]}},{"type":"Feature","id":153587,"properties":{"OBJECTID":153587,"PRIMENAME":"Avenel Boulevard","ELEVTYP_F":0,"ELEVTYP_T":0},"geometry":{"type":"LineString","coordinates":[[-73.9840415818543,40.3173829244836],[-73.983165334068,40.3174906878955],[-73.9828748263777,40.3175224418637],[-73.9820494839156,40.3176126544444]]}},{"type":"Feature","id":153595,"properties":{"OBJECTID":153595,"PRIMENAME":"Unnamed Segment","ELEVTYP_F":0,"ELEVTYP_T":0},"geometry":{"type":"LineString","coordinates":[[-74.0128634274545,40.3130351782044],[-74.0130354261217,40.312858177694],[-74.0130964264046,40.3127901782352],[-74.0132004265109,40.3126561776863]]}},{"type":"Feature","id":153744,"properties":{"OBJECTID":153744,"PRIMENAME":"Hoey Street","ELEVTYP_F":0,"ELEVTYP_T":0},"geometry":{"type":"LineString","coordinates":[[-73.99454781267,40.2863138739207],[-73.9944774031083,40.2863916958393],[-73.9935745921789,40.2873893118924],[-73.9933604417586,40.2876259458205],[-73.9933024640541,40.2876899566863]]}},{"type":"Feature","id":154046,"properties":{"OBJECTID":154046,"PRIMENAME":"Unnamed Segment","ELEVTYP_F":0,"ELEVTYP_T":0},"geometry":{"type":"LineString","coordinates":[[-73.9912904219494,40.3250611818014],[-73.9913374205469,40.3251661813178],[-73.991662286445,40.3260263842828]]}},{"type":"Feature","id":154330,"properties":{"OBJECTID":154330,"PRIMENAME":"Norwood Avenue","ELEVTYP_F":0,"ELEVTYP_T":0},"geometry":{"type":"LineString","coordinates":[[-74.0020014343269,40.2597824659051],[-74.0019007888972,40.2600428704182],[-74.0017812076099,40.2603398665382],[-74.0015666190237,40.2606606694897],[-74.0014940932551,40.2606984110306],[-74.001340744708,40.2606735341841],[-74.0010119546283,40.2605579568775],[-74.000687556339,40.2604596939338],[-74.0001865967774,40.260422935921],[-73.999977580829,40.2604140242668]]}},{"type":"Feature","id":154519,"properties":{"OBJECTID":154519,"PRIMENAME":"Helen Court","ELEVTYP_F":0,"ELEVTYP_T":0},"geometry":{"type":"LineString","coordinates":[[-74.005039241158,40.2746589669947],[-74.0048264930918,40.274692948399]]}},{"type":"Feature","id":154592,"properties":{"OBJECTID":154592,"PRIMENAME":"Grand Avenue","ELEVTYP_F":0,"ELEVTYP_T":0},"geometry":{"type":"LineString","coordinates":[[-74.0040961774288,40.3007758805116],[-74.0041359603719,40.300900656109],[-74.0041663148326,40.3010056803913],[-74.0041946909214,40.301161373486],[-74.0043219237293,40.3018594211826],[-74.0043636749872,40.3021074375684],[-74.0044005124818,40.3021790805558],[-74.0047973532763,40.3026808473296]]}},{"type":"Feature","id":154869,"properties":{"OBJECTID":154869,"PRIMENAME":"Sherman Court","ELEVTYP_F":0,"ELEVTYP_T":0},"geometry":{"type":"LineString","coordinates":[[-73.9880072451319,40.291581596556],[-73.9879241778738,40.2917481930472]]}},{"type":"Feature","id":155096,"properties":{"OBJECTID":155096,"PRIMENAME":"Long Branch Avenue","ELEVTYP_F":0,"ELEVTYP_T":0},"geometry":{"type":"LineString","coordinates":[[-73.9840979199197,40.3122707310153],[-73.984147409243,40.3125249653383],[-73.9842830309349,40.3132656222537]]}},{"type":"Feature","id":155102,"properties":{"OBJECTID":155102,"PRIMENAME":"Shore Drive","ELEVTYP_F":0,"ELEVTYP_T":0},"geometry":{"type":"LineString","coordinates":[[-73.9907674207464,40.3242251816235],[-73.9906284215865,40.3242261809208],[-73.9904714200535,40.3242541816133],[-73.9903834204608,40.3242761806193],[-73.990132420916,40.3243621804066]]}},{"type":"Feature","id":155132,"properties":{"OBJECTID":155132,"PRIMENAME":"Norwood Avenue","ELEVTYP_F":0,"ELEVTYP_T":0},"geometry":{"type":"LineString","coordinates":[[-74.0026743571934,40.2736799005004],[-74.0026784385341,40.2737027038847],[-74.0026993548799,40.2738195483687],[-74.0027404033105,40.274052617896]]}},{"type":"Feature","id":155163,"properties":{"OBJECTID":155163,"PRIMENAME":"Cooper Avenue","ELEVTYP_F":0,"ELEVTYP_T":0},"geometry":{"type":"LineString","coordinates":[[-73.9819326281144,40.308584733335],[-73.9810988513572,40.3085528439045],[-73.9808740639135,40.3085442456215],[-73.9806951101729,40.3085373747568]]}},{"type":"Feature","id":155203,"properties":{"OBJECTID":155203,"PRIMENAME":"3rd Avenue","ELEVTYP_F":0,"ELEVTYP_T":0},"geometry":{"type":"LineString","coordinates":[[-73.9867660840688,40.2943082567061],[-73.9867779127654,40.2939002092042],[-73.9869825321337,40.293887195205],[-73.9869833216402,40.2937827943931],[-73.9875553487795,40.2937853293783]]}},{"type":"Feature","id":155207,"properties":{"OBJECTID":155207,"PRIMENAME":"Goose Neck Point Road","ELEVTYP_F":0,"ELEVTYP_T":0},"geometry":{"type":"LineString","coordinates":[[-74.0139663439,40.3267130878156],[-74.0135562759931,40.3271055749079],[-74.0130860600167,40.3275468083149],[-74.013049525442,40.3275791942435],[-74.0126097696408,40.3279689905678],[-74.0123967035378,40.3281539154958]]}},{"type":"Feature","id":155584,"properties":{"OBJECTID":155584,"PRIMENAME":"Lowden Court","ELEVTYP_F":0,"ELEVTYP_T":0},"geometry":{"type":"LineString","coordinates":[[-73.9855384334376,40.2936887914396],[-73.9856144175547,40.2937801759284],[-73.9856644161055,40.2938111755008],[-73.9857104171764,40.2938211746463],[-73.9858314162127,40.2938371749323],[-73.9858804167907,40.2938491750929],[-73.985898417149,40.2938611761908],[-73.9859104171654,40.2938831758521],[-73.9859194165954,40.2941831746705]]}},{"type":"Feature","id":155705,"properties":{"OBJECTID":155705,"PRIMENAME":"Ausable Avenue","ELEVTYP_F":0,"ELEVTYP_T":0},"geometry":{"type":"LineString","coordinates":[[-74.0018907094707,40.3159161766139],[-74.0019013007884,40.3159123863262],[-74.0019404244522,40.3159078047166],[-74.0019773876474,40.3159143053623],[-74.0020266995588,40.3159239619099],[-74.0021722653227,40.3159875901503],[-74.0023383693205,40.3160575661159],[-74.002457368821,40.3161005744918],[-74.0025845345507,40.3161499305507],[-74.0026788724858,40.3161865731036],[-74.002775301593,40.3162215772693],[-74.0028634939628,40.3162550634803],[-74.0029352947679,40.3162789799848],[-74.0030083542706,40.3163074330485]]}},{"type":"Feature","id":156300,"properties":{"OBJECTID":156300,"PRIMENAME":"Riverdale Avenue","ELEVTYP_F":0,"ELEVTYP_T":0},"geometry":{"type":"LineString","coordinates":[[-73.9782361456329,40.3237719030345],[-73.9780226636732,40.3233662339926]]}},{"type":"Feature","id":156620,"properties":{"OBJECTID":156620,"PRIMENAME":"Hobart Manor","ELEVTYP_F":0,"ELEVTYP_T":0},"geometry":{"type":"LineString","coordinates":[[-73.9842830309349,40.3132656222537],[-73.9836676797253,40.3132948317986]]}},{"type":"Feature","id":156623,"properties":{"OBJECTID":156623,"PRIMENAME":"Bonforte Road","ELEVTYP_F":0,"ELEVTYP_T":0},"geometry":{"type":"LineString","coordinates":[[-73.9827924575829,40.287542566596],[-73.9828000368862,40.2874934334903],[-73.9828234389047,40.2873417554022],[-73.9828401983067,40.2872331198423]]}},{"type":"Feature","id":156711,"properties":{"OBJECTID":156711,"PRIMENAME":"Woolley Avenue","ELEVTYP_F":0,"ELEVTYP_T":0},"geometry":{"type":"LineString","coordinates":[[-73.992988629766,40.2890207713941],[-73.9928260407918,40.2889235180503],[-73.992621144831,40.2887969975745],[-73.9920372548329,40.2884590409323]]}},{"type":"Feature","id":156722,"properties":{"OBJECTID":156722,"PRIMENAME":"Eastbourne Avenue","ELEVTYP_F":0,"ELEVTYP_T":0},"geometry":{"type":"LineString","coordinates":[[-73.9869703437183,40.2897118003059],[-73.9873631741625,40.2897966614885],[-73.9874546231807,40.2898064010623]]}},{"type":"Feature","id":157004,"properties":{"OBJECTID":157004,"PRIMENAME":"Unnamed Segment","ELEVTYP_F":0,"ELEVTYP_T":0},"geometry":{"type":"LineString","coordinates":[[-74.0079872465577,40.3012541687239],[-74.0072682083417,40.3014033170827]]}},{"type":"Feature","id":157007,"properties":{"OBJECTID":157007,"PRIMENAME":"Westwood Avenue","ELEVTYP_F":0,"ELEVTYP_T":0},"geometry":{"type":"LineString","coordinates":[[-73.9951094319551,40.2902734719866],[-73.9949939397138,40.2903969139485]]}},{"type":"Feature","id":157103,"properties":{"OBJECTID":157103,"PRIMENAME":"Unnamed Segment","ELEVTYP_F":0,"ELEVTYP_T":0},"geometry":{"type":"LineString","coordinates":[[-74.0032694204586,40.2769421713827],[-74.003274421207,40.2768451709107],[-74.0032924222864,40.2768221714402],[-74.0034174209745,40.2767591716974]]}},{"type":"Feature","id":157105,"properties":{"OBJECTID":157105,"PRIMENAME":"Unnamed Segment","ELEVTYP_F":0,"ELEVTYP_T":0},"geometry":{"type":"LineString","coordinates":[[-73.9811891970731,40.3127285685865],[-73.9813414153267,40.3127291790745],[-73.9819244168199,40.3127481787994]]}},{"type":"Feature","id":157257,"properties":{"OBJECTID":157257,"PRIMENAME":"Roosevelt Avenue","ELEVTYP_F":0,"ELEVTYP_T":0},"geometry":{"type":"LineString","coordinates":[[-74.0097382293675,40.2605231311065],[-74.0092050423634,40.2604715938664],[-74.0077504335342,40.2603364178755]]}},{"type":"Feature","id":157340,"properties":{"OBJECTID":157340,"PRIMENAME":"Morris Place","ELEVTYP_F":0,"ELEVTYP_T":0},"geometry":{"type":"LineString","coordinates":[[-74.0032703292708,40.3147515611218],[-74.0033351836594,40.3147298230518],[-74.0044005591346,40.3143737542648],[-74.0045818234415,40.3143074381265],[-74.004584630084,40.3143060775467]]}},{"type":"Feature","id":157389,"properties":{"OBJECTID":157389,"PRIMENAME":"Pleasure Bay","ELEVTYP_F":0,"ELEVTYP_T":0},"geometry":{"type":"LineString","coordinates":[[-73.995313421835,40.315433179146],[-73.9949924191017,40.3157241786907],[-73.994865720151,40.3159171357844]]}},{"type":"Feature","id":157471,"properties":{"OBJECTID":157471,"PRIMENAME":"Unnamed Segment","ELEVTYP_F":0,"ELEVTYP_T":0},"geometry":{"type":"LineString","coordinates":[[-74.0111864259599,40.3069221775961],[-74.0117734265736,40.3082761763996],[-74.0127114268464,40.3103631766458],[-74.0134294273964,40.3119921785995],[-74.0134444249512,40.3120591766369],[-74.0134404256829,40.3121211780947],[-74.0134134266732,40.3121811770278],[-74.0133854256839,40.3122271773453],[-74.0133524267656,40.3122631773624]]}},{"type":"Feature","id":157516,"properties":{"OBJECTID":157516,"PRIMENAME":"Tower Road","ELEVTYP_F":0,"ELEVTYP_T":0},"geometry":{"type":"LineString","coordinates":[[-73.982838202816,40.2908709832626],[-73.9828569816301,40.2908765053759],[-73.9830252834451,40.2909259975484],[-73.9830484896632,40.2909344125143],[-73.9830697743782,40.2909454073836],[-73.9830886572691,40.2909587323304],[-73.9831047019487,40.290974082785],[-73.9832553344196,40.2911656817652],[-73.9832603634877,40.2911711144824],[-73.9832663924284,40.2911759121974],[-73.98327328679,40.2911799689323],[-73.9832808955656,40.2911831903443],[-73.9832890451826,40.2911855108104],[-73.9832975584777,40.291186872798],[-73.9833301690599,40.2911846803174]]}},{"type":"Feature","id":157539,"properties":{"OBJECTID":157539,"PRIMENAME":"Long Branch Avenue","ELEVTYP_F":0,"ELEVTYP_T":0},"geometry":{"type":"LineString","coordinates":[[-73.9859182683722,40.3219615433573],[-73.9859745401274,40.3222644239373],[-73.9860985510486,40.3229044742683]]}},{"type":"Feature","id":157611,"properties":{"OBJECTID":157611,"PRIMENAME":"North Broadway","ELEVTYP_F":0,"ELEVTYP_T":0},"geometry":{"type":"LineString","coordinates":[[-73.9823689834556,40.3057723837735],[-73.981515521613,40.3061434917444],[-73.98133514996,40.306221920282]]}},{"type":"Feature","id":157758,"properties":{"OBJECTID":157758,"PRIMENAME":"Oneida Avenue","ELEVTYP_F":0,"ELEVTYP_T":0},"geometry":{"type":"LineString","coordinates":[[-74.0032683480088,40.3289485464567],[-74.0041132556431,40.3290651737905]]}},{"type":"Feature","id":157839,"properties":{"OBJECTID":157839,"PRIMENAME":"Unnamed Segment","ELEVTYP_F":0,"ELEVTYP_T":0},"geometry":{"type":"LineString","coordinates":[[-73.9944864209881,40.3253441806961],[-73.9944024209299,40.3252431799557],[-73.9943744228503,40.3250541806056],[-73.9943694216091,40.324925181538],[-73.9943814207692,40.3248991816773],[-73.9944114206741,40.3248731803327],[-73.9944414208211,40.3248611814441],[-73.9949704227729,40.3248221800772],[-73.9952164232577,40.3248041815572],[-73.995261421382,40.3248121811686],[-73.9952974217828,40.3248361803473],[-73.9953124203636,40.3248611803824],[-73.995326421621,40.3249151798155],[-73.9953574203948,40.3251261805932],[-73.9953998782721,40.3252354583806]]}},{"type":"Feature","id":157901,"properties":{"OBJECTID":157901,"PRIMENAME":"Pacific Street","ELEVTYP_F":0,"ELEVTYP_T":0},"geometry":{"type":"LineString","coordinates":[[-73.9984601070803,40.309725915369],[-73.9974191162161,40.3101796551434],[-73.9973651235832,40.3102023152493]]}},{"type":"Feature","id":157911,"properties":{"OBJECTID":157911,"PRIMENAME":"Van Court Avenue","ELEVTYP_F":0,"ELEVTYP_T":0},"geometry":{"type":"LineString","coordinates":[[-73.9988278332683,40.2723489470377],[-73.9987464585734,40.2713417292023]]}},{"type":"Feature","id":157946,"properties":{"OBJECTID":157946,"PRIMENAME":"East Chestnut Place","ELEVTYP_F":0,"ELEVTYP_T":0},"geometry":{"type":"LineString","coordinates":[[-74.0108009820894,40.2965729288211],[-74.0108813162405,40.2966092578768],[-74.0115537341842,40.2965787715436],[-74.0116283805016,40.2965886129217],[-74.0117215314858,40.2966176109964],[-74.0119350481963,40.2967051237228]]}},{"type":"Feature","id":158006,"properties":{"OBJECTID":158006,"PRIMENAME":"Chelsea Avenue","ELEVTYP_F":0,"ELEVTYP_T":0},"geometry":{"type":"LineString","coordinates":[[-73.9890197062037,40.300735174422],[-73.9898208717327,40.3006406240107],[-73.9899992468898,40.3006193317399],[-73.9903216902452,40.3005808427428]]}},{"type":"Feature","id":158053,"properties":{"OBJECTID":158053,"PRIMENAME":"Unnamed Segment","ELEVTYP_F":0,"ELEVTYP_T":0},"geometry":{"type":"LineString","coordinates":[[-73.9912904219494,40.3250611818014],[-73.9908954196316,40.3251011812509],[-73.9905724217844,40.3251091810174],[-73.9902234208368,40.3251101806978],[-73.9901444219205,40.3251251814739],[-73.9900944196349,40.3251421806726],[-73.9900394194813,40.3251721803664],[-73.9900144205705,40.3252301803239],[-73.9900074206572,40.32525918203],[-73.9900044185506,40.3253101809092],[-73.9900134187074,40.3253701806948],[-73.9901774206906,40.3257701813057],[-73.9903634200571,40.326141180265],[-73.9904044211157,40.3261821803067],[-73.99046141889,40.3262111820418],[-73.9905124201699,40.3262241806479],[-73.9905520712666,40.3262880783066]]}},{"type":"Feature","id":158125,"properties":{"OBJECTID":158125,"PRIMENAME":"Van Court Avenue","ELEVTYP_F":0,"ELEVTYP_T":0},"geometry":{"type":"LineString","coordinates":[[-73.9994057310566,40.2777995878836],[-73.9993626580361,40.2775552971499],[-73.9992744015597,40.2769885209737]]}},{"type":"Feature","id":158217,"properties":{"OBJECTID":158217,"PRIMENAME":"Van Court Avenue","ELEVTYP_F":0,"ELEVTYP_T":0},"geometry":{"type":"LineString","coordinates":[[-73.9989129503609,40.2734028774623],[-73.9988798552475,40.2729921305355],[-73.9988593922108,40.2727394540019]]}},{"type":"Feature","id":158331,"properties":{"OBJECTID":158331,"PRIMENAME":"Long Branch Avenue","ELEVTYP_F":0,"ELEVTYP_T":0},"geometry":{"type":"LineString","coordinates":[[-73.9856674249452,40.3206238451459],[-73.9857830864164,40.3212340958489],[-73.9857966963881,40.3213073984334]]}},{"type":"Feature","id":158365,"properties":{"OBJECTID":158365,"PRIMENAME":"Hearn Avenue","ELEVTYP_F":0,"ELEVTYP_T":0},"geometry":{"type":"LineString","coordinates":[[-73.9825475734481,40.3148191511536],[-73.982625861476,40.3152276853263]]}},{"type":"Feature","id":158485,"properties":{"OBJECTID":158485,"PRIMENAME":"Joline Avenue","ELEVTYP_F":0,"ELEVTYP_T":0},"geometry":{"type":"LineString","coordinates":[[-74.0064993453971,40.3048644661557],[-74.0062887257335,40.3049378258106],[-74.0061388714775,40.3049979652558],[-74.0059795654133,40.3050759079624],[-74.0057920470013,40.3051823348014],[-74.0056203947617,40.3052862703681],[-74.0055809934154,40.3053101279153],[-74.0055699315025,40.3053177281191],[-74.0053276129854,40.3054841892479],[-74.0050976771694,40.3056440748993],[-74.0049428987491,40.3057399072679],[-74.0048584867758,40.3057895910287],[-74.0047554290081,40.3058391949112],[-74.004535309926,40.3059311777021],[-74.0041576369484,40.3060715418941]]}},{"type":"Feature","id":158680,"properties":{"OBJECTID":158680,"PRIMENAME":"Jeffrey Street","ELEVTYP_F":0,"ELEVTYP_T":0},"geometry":{"type":"LineString","coordinates":[[-73.9903659325631,40.2987989039556],[-73.9889178263527,40.2982298311088],[-73.9888025409459,40.2981845473889]]}},{"type":"Feature","id":158703,"properties":{"OBJECTID":158703,"PRIMENAME":"Garrett Drive","ELEVTYP_F":0,"ELEVTYP_T":0},"geometry":{"type":"LineString","coordinates":[[-73.9986928349415,40.2922804357277],[-73.9989654484234,40.2924271432395]]}},{"type":"Feature","id":158787,"properties":{"OBJECTID":158787,"PRIMENAME":"Exchange Place","ELEVTYP_F":0,"ELEVTYP_T":0},"geometry":{"type":"LineString","coordinates":[[-73.9948239139033,40.2974345953442],[-73.9949237892922,40.29748889164],[-73.9959404887087,40.2980414074523],[-73.9960114392853,40.2980804241171]]}},{"type":"Feature","id":158832,"properties":{"OBJECTID":158832,"PRIMENAME":"Spring Street","ELEVTYP_F":0,"ELEVTYP_T":0},"geometry":{"type":"LineString","coordinates":[[-73.9967035402738,40.297303686903],[-73.9967797484039,40.2973444552352],[-73.9984413364799,40.2982333775509],[-73.9985281525238,40.2982798180251]]}},{"type":"Feature","id":158926,"properties":{"OBJECTID":158926,"PRIMENAME":"Ocean Avenue","ELEVTYP_F":0,"ELEVTYP_T":0},"geometry":{"type":"LineString","coordinates":[[-73.9846113045861,40.2818645660231],[-73.984547860312,40.2822769127213]]}},{"type":"Feature","id":159001,"properties":{"OBJECTID":159001,"PRIMENAME":"Unnamed Segment","ELEVTYP_F":0,"ELEVTYP_T":0},"geometry":{"type":"LineString","coordinates":[[-73.9801164164583,40.317934179497],[-73.9799744160979,40.3180591798457],[-73.9799334163271,40.3181091799972],[-73.9797464167933,40.3184431799459],[-73.9797624164106,40.3184761789207],[-73.9798274155241,40.3185041798403],[-73.9798854148143,40.318511180218],[-73.9799434156949,40.318502179549],[-73.9799784152934,40.3184821802414],[-73.9802244163384,40.3180471799546],[-73.980225416925,40.3180251796617],[-73.9801164164583,40.317934179497]]}},{"type":"Feature","id":159079,"properties":{"OBJECTID":159079,"PRIMENAME":"Belmont Avenue","ELEVTYP_F":0,"ELEVTYP_T":0},"geometry":{"type":"LineString","coordinates":[[-73.9854161577676,40.3037897459661],[-73.98304059712,40.3041111599956],[-73.9829594425772,40.3041221357029]]}},{"type":"Feature","id":159080,"properties":{"OBJECTID":159080,"PRIMENAME":"Wilson Drive","ELEVTYP_F":0,"ELEVTYP_T":0},"geometry":{"type":"LineString","coordinates":[[-74.0077743008884,40.2746630575789],[-74.0077516147086,40.2747420229631],[-74.0077195721555,40.2748705831044],[-74.0076998629168,40.2750134702944],[-74.0077051998163,40.275137412342],[-74.007728933956,40.2752995639685],[-74.007737435083,40.2753580179507],[-74.0077383903134,40.2753646103545]]}},{"type":"Feature","id":159142,"properties":{"OBJECTID":159142,"PRIMENAME":"Lowden Court","ELEVTYP_F":0,"ELEVTYP_T":0},"geometry":{"type":"LineString","coordinates":[[-73.9854578351592,40.2934469962523],[-73.9854471977184,40.2934787665019],[-73.9854193049411,40.2935025252075],[-73.9853879102887,40.2935342301501],[-73.9853633381441,40.29357392635],[-73.9853698136275,40.2936323187128],[-73.9853904259305,40.2936562940516],[-73.9854084967782,40.293673404974]]}},{"type":"Feature","id":159143,"properties":{"OBJECTID":159143,"PRIMENAME":"Broadway","ELEVTYP_F":0,"ELEVTYP_T":0},"geometry":{"type":"LineString","coordinates":[[-73.9989984292116,40.3001599087947],[-73.9978945040474,40.3007418844179]]}},{"type":"Feature","id":159191,"properties":{"OBJECTID":159191,"PRIMENAME":"3rd Avenue","ELEVTYP_F":0,"ELEVTYP_T":0},"geometry":{"type":"LineString","coordinates":[[-73.9874672930866,40.3005331234366],[-73.9873844838241,40.3009201058302]]}},{"type":"Feature","id":159200,"properties":{"OBJECTID":159200,"PRIMENAME":"Serand Avenue","ELEVTYP_F":0,"ELEVTYP_T":0},"geometry":{"type":"LineString","coordinates":[[-74.0000992930036,40.3250268592135],[-74.0001923816306,40.3250397247009],[-74.0017226910786,40.3252513099022],[-74.0039931756677,40.3255708086996],[-74.0040592841008,40.3255800959763]]}},{"type":"Feature","id":159276,"properties":{"OBJECTID":159276,"PRIMENAME":"Westwood Avenue","ELEVTYP_F":0,"ELEVTYP_T":0},"geometry":{"type":"LineString","coordinates":[[-73.9982755499884,40.2814064687263],[-73.99830782742,40.2815738478254],[-73.9984717345098,40.2824239838405]]}},{"type":"Feature","id":159279,"properties":{"OBJECTID":159279,"PRIMENAME":"Fiore Court","ELEVTYP_F":0,"ELEVTYP_T":0},"geometry":{"type":"LineString","coordinates":[[-74.0065067411881,40.3161254407161],[-74.0063767315606,40.3160721508727],[-74.0060872518291,40.3159535031815],[-74.0059943587477,40.3159153600757],[-74.0058527523988,40.3158099154083],[-74.005545166312,40.3156023186494],[-74.0055432590365,40.3156010315668],[-74.0054275781386,40.3155229546165]]}},{"type":"Feature","id":159299,"properties":{"OBJECTID":159299,"PRIMENAME":"Unnamed Segment","ELEVTYP_F":0,"ELEVTYP_T":0},"geometry":{"type":"LineString","coordinates":[[-73.986990416792,40.2811181725393],[-73.9870764147677,40.2811061733179]]}},{"type":"Feature","id":159309,"properties":{"OBJECTID":159309,"PRIMENAME":"Monmouth Place","ELEVTYP_F":0,"ELEVTYP_T":0},"geometry":{"type":"LineString","coordinates":[[-74.0001529556689,40.2881734289336],[-74.0007578082304,40.2875318201952],[-74.0008815855891,40.2874210633011],[-74.0009645396785,40.2873468338884],[-74.0010147510962,40.2872898675603],[-74.0010340577539,40.2872041629877],[-74.001034898907,40.2870897729284],[-74.0010234408493,40.2869515019735],[-74.00098749271,40.2867654687866],[-74.0008365825962,40.286130946991],[-74.0008340397999,40.2860428695018]]}},{"type":"Feature","id":159355,"properties":{"OBJECTID":159355,"PRIMENAME":"Gooseneck Point Road","ELEVTYP_F":0,"ELEVTYP_T":0},"geometry":{"type":"LineString","coordinates":[[-74.0123967035378,40.3281539154958],[-74.012340821261,40.3281637816573],[-74.0122980589464,40.3281745001855],[-74.0122592948766,40.3281929766735],[-74.0122306457337,40.3282115777595],[-74.0122162170037,40.3282426200878],[-74.0122118822588,40.3282768617698],[-74.012223888364,40.3283080434867],[-74.0122501806741,40.3283330529181],[-74.0122805312997,40.3283471815463],[-74.0123109997502,40.3283550790414],[-74.0123577829214,40.3283537388522],[-74.0123944684371,40.3283398928366],[-74.0124190162979,40.3283181995924],[-74.0124375237221,40.3282933790325],[-74.012437792569,40.3282560174534],[-74.0124237886791,40.3282232908227],[-74.0123967035378,40.3281539154958]]}},{"type":"Feature","id":159466,"properties":{"OBJECTID":159466,"PRIMENAME":"2nd Avenue","ELEVTYP_F":0,"ELEVTYP_T":0},"geometry":{"type":"LineString","coordinates":[[-73.9836199833863,40.2954577470228],[-73.9835872557941,40.2956636958117]]}},{"type":"Feature","id":159521,"properties":{"OBJECTID":159521,"PRIMENAME":"Vernon Street","ELEVTYP_F":0,"ELEVTYP_T":0},"geometry":{"type":"LineString","coordinates":[[-74.0036663707653,40.3035217171391],[-74.0036560946889,40.3035246650366],[-74.0030447654546,40.3036983659677],[-74.0024959932419,40.3038342285823],[-74.0024076981085,40.3038560851844]]}},{"type":"Feature","id":159569,"properties":{"OBJECTID":159569,"PRIMENAME":"South Broadway","ELEVTYP_F":0,"ELEVTYP_T":0},"geometry":{"type":"LineString","coordinates":[[-73.9809469849986,40.3051877075137],[-73.980788281798,40.3051829325187],[-73.9805345454832,40.3051753150779]]}},{"type":"Feature","id":159744,"properties":{"OBJECTID":159744,"PRIMENAME":"Pleasure Bay","ELEVTYP_F":0,"ELEVTYP_T":0},"geometry":{"type":"LineString","coordinates":[[-73.9960594205487,40.3143221774516],[-73.996054419959,40.3144011782681],[-73.9960334200184,40.314528179162],[-73.995996420923,40.3146521787142],[-73.9959414212213,40.3147731789969],[-73.9958905024431,40.3148515176826],[-73.9958764212826,40.3148731792263]]}},{"type":"Feature","id":160196,"properties":{"OBJECTID":160196,"PRIMENAME":"Halberton Place","ELEVTYP_F":0,"ELEVTYP_T":0},"geometry":{"type":"LineString","coordinates":[[-73.9929840781374,40.3072867867577],[-73.9934269022447,40.3070595842959],[-73.993508432682,40.3070177473113]]}},{"type":"Feature","id":160487,"properties":{"OBJECTID":160487,"PRIMENAME":"Naberal Avenue","ELEVTYP_F":0,"ELEVTYP_T":0},"geometry":{"type":"LineString","coordinates":[[-73.9875765892508,40.32165915978],[-73.9875681172197,40.3216602273542],[-73.9874859056205,40.3216705899419],[-73.9872303696026,40.321702839371],[-73.9870620210701,40.3217306698746],[-73.9869311498769,40.3217443927941],[-73.9864435293629,40.3217955234669],[-73.9860151277902,40.3218404431155],[-73.9858980051192,40.321852715554]]}},{"type":"Feature","id":160592,"properties":{"OBJECTID":160592,"PRIMENAME":"North 3rd Avenue","ELEVTYP_F":0,"ELEVTYP_T":0},"geometry":{"type":"LineString","coordinates":[[-73.9879401869903,40.3054278641355],[-73.987917948879,40.3053481548718],[-73.987799841854,40.3049248422198]]}},{"type":"Feature","id":160809,"properties":{"OBJECTID":160809,"PRIMENAME":"MacArthur Avenue","ELEVTYP_F":0,"ELEVTYP_T":0},"geometry":{"type":"LineString","coordinates":[[-73.9867398085586,40.317064954454],[-73.9867959286701,40.3174019843391],[-73.9868559852474,40.3176929946788],[-73.9869100905242,40.3179458214461],[-73.9869462686191,40.3181032542024],[-73.9869886510656,40.3182607144575],[-73.987068259257,40.3184374192209],[-73.9871419150403,40.3185807156783],[-73.9872008942866,40.3186783649057],[-73.9872833491044,40.3188148769139],[-73.9874924180936,40.3191542044272],[-73.9875428348162,40.3192359595169]]}},{"type":"Feature","id":160843,"properties":{"OBJECTID":160843,"PRIMENAME":"Liberty Street","ELEVTYP_F":0,"ELEVTYP_T":0},"geometry":{"type":"LineString","coordinates":[[-73.994865720151,40.3159171357844],[-73.9950289431535,40.3159694225893],[-73.9951655783868,40.3160129261373],[-73.9952390588324,40.3160535790085],[-73.9952524029392,40.316060962259],[-73.9953452897883,40.3161280754171],[-73.9954925268123,40.3162624639943],[-73.9956915971564,40.3164441582926]]}},{"type":"Feature","id":161025,"properties":{"OBJECTID":161025,"PRIMENAME":"Hilltop Road","ELEVTYP_F":0,"ELEVTYP_T":0},"geometry":{"type":"LineString","coordinates":[[-74.0078973234011,40.2903017194964],[-74.0079470796517,40.2902724750449],[-74.0080717516256,40.2902444002374],[-74.0085760871034,40.2902131892973],[-74.0086530900788,40.2902084095901]]}},{"type":"Feature","id":161075,"properties":{"OBJECTID":161075,"PRIMENAME":"Belmont Avenue","ELEVTYP_F":0,"ELEVTYP_T":0},"geometry":{"type":"LineString","coordinates":[[-73.9875559484319,40.3034815955005],[-73.987440162281,40.3034968395768],[-73.9868793525547,40.3035706158499],[-73.9863070061281,40.303657268006]]}},{"type":"Feature","id":161087,"properties":{"OBJECTID":161087,"PRIMENAME":"Unnamed Segment","ELEVTYP_F":0,"ELEVTYP_T":0},"geometry":{"type":"LineString","coordinates":[[-74.005711271847,40.282912043793],[-74.0057703609407,40.2826024933181],[-74.0057404436458,40.2823371056935],[-74.0056709642448,40.2820380084376],[-74.0056206756057,40.2818365607867],[-74.0056486031855,40.2817363212975]]}},{"type":"Feature","id":161138,"properties":{"OBJECTID":161138,"PRIMENAME":"Columbia Avenue","ELEVTYP_F":0,"ELEVTYP_T":0},"geometry":{"type":"LineString","coordinates":[[-73.9834863003954,40.3230266078178],[-73.9838772934512,40.3230013675614]]}},{"type":"Feature","id":161603,"properties":{"OBJECTID":161603,"PRIMENAME":"Beechwood Avenue","ELEVTYP_F":0,"ELEVTYP_T":0},"geometry":{"type":"LineString","coordinates":[[-74.0074217216834,40.2840735172227],[-74.0080173642164,40.2840054720888],[-74.0097541831031,40.2838143645935]]}},{"type":"Feature","id":161783,"properties":{"OBJECTID":161783,"PRIMENAME":"Riverdale Avenue","ELEVTYP_F":0,"ELEVTYP_T":0},"geometry":{"type":"LineString","coordinates":[[-73.9775950011163,40.3226204095499],[-73.9774969492852,40.3224102612171],[-73.9774755456984,40.3223672844183],[-73.9774738030334,40.3223565965954]]}},{"type":"Feature","id":161854,"properties":{"OBJECTID":161854,"PRIMENAME":"Perrine Avenue","ELEVTYP_F":0,"ELEVTYP_T":0},"geometry":{"type":"LineString","coordinates":[[-74.0026743571934,40.2736799005004],[-74.002806483427,40.273662817125],[-74.0051793972776,40.2733584406567],[-74.005853612983,40.2732711223351],[-74.0058916395323,40.2732661977807]]}},{"type":"Feature","id":162098,"properties":{"OBJECTID":162098,"PRIMENAME":"Rivington Avenue","ELEVTYP_F":0,"ELEVTYP_T":0},"geometry":{"type":"LineString","coordinates":[[-74.0110290229811,40.3032988461321],[-74.0110447800194,40.30329190201],[-74.0111687583494,40.3032205714655]]}},{"type":"Feature","id":162328,"properties":{"OBJECTID":162328,"PRIMENAME":"Bampton Place","ELEVTYP_F":0,"ELEVTYP_T":0},"geometry":{"type":"LineString","coordinates":[[-74.0123804249707,40.2917101734359],[-74.0119894246563,40.2923911741228]]}},{"type":"Feature","id":162359,"properties":{"OBJECTID":162359,"PRIMENAME":"Laurel Street","ELEVTYP_F":0,"ELEVTYP_T":0},"geometry":{"type":"LineString","coordinates":[[-73.9929840781374,40.3072867867577],[-73.993044969299,40.3073534049534],[-73.994650480901,40.3091095369535],[-73.9947220730047,40.3091891037938]]}},{"type":"Feature","id":162385,"properties":{"OBJECTID":162385,"PRIMENAME":"Unnamed Segment","ELEVTYP_F":0,"ELEVTYP_T":0},"geometry":{"type":"LineString","coordinates":[[-73.9886804161933,40.2820291729587],[-73.9888524173275,40.2820621720509],[-73.9889534156052,40.2820711717471],[-73.989026416253,40.282071171712],[-73.9891004176881,40.2820661719818],[-73.9892444173904,40.2820461726914]]}},{"type":"Feature","id":162632,"properties":{"OBJECTID":162632,"PRIMENAME":"Prospect Street","ELEVTYP_F":0,"ELEVTYP_T":0},"geometry":{"type":"LineString","coordinates":[[-73.9950572482766,40.2971739673897],[-73.9948239139033,40.2974345953442]]}},{"type":"Feature","id":162653,"properties":{"OBJECTID":162653,"PRIMENAME":"Branchport Avenue","ELEVTYP_F":0,"ELEVTYP_T":0},"geometry":{"type":"LineString","coordinates":[[-74.0050880568811,40.3094725538645],[-74.0050616575456,40.3097436672639]]}},{"type":"Feature","id":162662,"properties":{"OBJECTID":162662,"PRIMENAME":"Unnamed Segment","ELEVTYP_F":0,"ELEVTYP_T":0},"geometry":{"type":"LineString","coordinates":[[-73.9886307759922,40.281362226331],[-73.9886664163547,40.2817231721283]]}},{"type":"Feature","id":163138,"properties":{"OBJECTID":163138,"PRIMENAME":"Elberon Terrace","ELEVTYP_F":0,"ELEVTYP_T":0},"geometry":{"type":"LineString","coordinates":[[-73.9988278332683,40.2723489470377],[-73.9989282193643,40.2723441660479],[-73.9992954531151,40.2723267310078],[-74.0002662784362,40.272302294854]]}},{"type":"Feature","id":163176,"properties":{"OBJECTID":163176,"PRIMENAME":"Unnamed Segment","ELEVTYP_F":0,"ELEVTYP_T":0},"geometry":{"type":"LineString","coordinates":[[-73.9894579510065,40.2801410826997],[-73.9892974172364,40.2801531717465],[-73.9890664171464,40.2801481719298],[-73.9889774156956,40.2801411725465]]}},{"type":"Feature","id":163452,"properties":{"OBJECTID":163452,"PRIMENAME":"Liberty Street","ELEVTYP_F":0,"ELEVTYP_T":0},"geometry":{"type":"LineString","coordinates":[[-73.9943795343248,40.3157662515484],[-73.994712170595,40.3158679496259],[-73.994865720151,40.3159171357844]]}},{"type":"Feature","id":163501,"properties":{"OBJECTID":163501,"PRIMENAME":"Matilda Terrace","ELEVTYP_F":0,"ELEVTYP_T":0},"geometry":{"type":"LineString","coordinates":[[-73.9830756539312,40.2894058565124],[-73.9831949545687,40.2894063894527]]}},{"type":"Feature","id":163688,"properties":{"OBJECTID":163688,"PRIMENAME":"Ocean Avenue","ELEVTYP_F":0,"ELEVTYP_T":0},"geometry":{"type":"LineString","coordinates":[[-73.9816718350996,40.2871750194115],[-73.9817340755765,40.2867937132092]]}},{"type":"Feature","id":163881,"properties":{"OBJECTID":163881,"PRIMENAME":"Cedar Avenue","ELEVTYP_F":0,"ELEVTYP_T":0},"geometry":{"type":"LineString","coordinates":[[-74.0113238267067,40.2824410376616],[-74.0115178604485,40.2824752390658],[-74.0136914441587,40.2828484383403]]}},{"type":"Feature","id":164206,"properties":{"OBJECTID":164206,"PRIMENAME":"Woodgate Avenue","ELEVTYP_F":0,"ELEVTYP_T":0},"geometry":{"type":"LineString","coordinates":[[-73.9966930358495,40.2812978302672],[-73.9966917934207,40.2812574707695],[-73.9966905499846,40.2812172472669]]}},{"type":"Feature","id":164268,"properties":{"OBJECTID":164268,"PRIMENAME":"Russel Avenue","ELEVTYP_F":0,"ELEVTYP_T":0},"geometry":{"type":"LineString","coordinates":[[-74.0034709630014,40.3008809482341],[-74.003071364225,40.3009246932723],[-74.0030704315944,40.3009248261664]]}},{"type":"Feature","id":164465,"properties":{"OBJECTID":164465,"PRIMENAME":"Doreen Drive","ELEVTYP_F":0,"ELEVTYP_T":0},"geometry":{"type":"LineString","coordinates":[[-74.0071507562237,40.3116280006647],[-74.007159981819,40.3115675636165],[-74.0071715024628,40.3114921188049],[-74.0071718985599,40.311437629],[-74.007166839469,40.3113788873752],[-74.0071453870788,40.3113159031724],[-74.0070966295064,40.3112402294722],[-74.0070099952613,40.3111014745153]]}},{"type":"Feature","id":164513,"properties":{"OBJECTID":164513,"PRIMENAME":"Edwards Avenue","ELEVTYP_F":0,"ELEVTYP_T":0},"geometry":{"type":"LineString","coordinates":[[-74.0010778760495,40.3086298730368],[-74.0008014419076,40.3082450108507],[-74.0006102820953,40.3079963215945],[-74.0003452768653,40.3076377509477],[-74.0002601573531,40.307519916071]]}},{"type":"Feature","id":164609,"properties":{"OBJECTID":164609,"PRIMENAME":"6th Avenue","ELEVTYP_F":0,"ELEVTYP_T":0},"geometry":{"type":"LineString","coordinates":[[-73.9953388601865,40.3112062553945],[-73.9952642418319,40.3111282401947],[-73.9949550807825,40.3108409228021],[-73.9947016492677,40.310596756148],[-73.9945594247888,40.3104674392353],[-73.994454423254,40.3103525881287],[-73.9943124483199,40.3101899450269],[-73.9940285719737,40.3098550792346],[-73.9937878389902,40.3095775571511],[-73.9937126073547,40.3094910828922]]}},{"type":"Feature","id":165105,"properties":{"OBJECTID":165105,"PRIMENAME":"3rd Avenue","ELEVTYP_F":0,"ELEVTYP_T":0},"geometry":{"type":"LineString","coordinates":[[-73.987436689169,40.3026042749992],[-73.9874964045836,40.3030434431813]]}},{"type":"Feature","id":165128,"properties":{"OBJECTID":165128,"PRIMENAME":"Oceanport Avenue","ELEVTYP_F":0,"ELEVTYP_T":0},"geometry":{"type":"LineString","coordinates":[[-74.0098553781871,40.2987058266764],[-74.0099918491048,40.2988480575524],[-74.0103674588577,40.2992394678763]]}},{"type":"Feature","id":165203,"properties":{"OBJECTID":165203,"PRIMENAME":"West End Court","ELEVTYP_F":0,"ELEVTYP_T":0},"geometry":{"type":"LineString","coordinates":[[-73.9894442202923,40.2839258746067],[-73.9894398856729,40.2839334993806],[-73.9894101134921,40.283940944356],[-73.9893705123597,40.2839445856921],[-73.9889798635434,40.2839068157216],[-73.9878541542526,40.2837941546981],[-73.987687024545,40.2837774272014]]}},{"type":"Feature","id":165339,"properties":{"OBJECTID":165339,"PRIMENAME":"MacArthur Avenue","ELEVTYP_F":0,"ELEVTYP_T":0},"geometry":{"type":"LineString","coordinates":[[-73.9860394928659,40.3133678466127],[-73.9860930340235,40.3136501759975],[-73.9861197696891,40.3137911563366],[-73.9861358387984,40.3138759451445]]}},{"type":"Feature","id":165444,"properties":{"OBJECTID":165444,"PRIMENAME":"Wall Street","ELEVTYP_F":0,"ELEVTYP_T":0},"geometry":{"type":"LineString","coordinates":[[-74.0084375349142,40.2884015545888],[-74.0078244930756,40.2887182169892],[-74.007205998462,40.2890444881458],[-74.0068248848554,40.2892429908421],[-74.006687578875,40.2893233360605],[-74.0066873946181,40.289323443354],[-74.0065870819385,40.2894231059001],[-74.0065569436858,40.2894610815709]]}},{"type":"Feature","id":165531,"properties":{"OBJECTID":165531,"PRIMENAME":"Bampton Place","ELEVTYP_F":0,"ELEVTYP_T":0},"geometry":{"type":"LineString","coordinates":[[-74.0116014250483,40.2930811737382],[-74.0115074259288,40.29325117348]]}},{"type":"Feature","id":165643,"properties":{"OBJECTID":165643,"PRIMENAME":"Morford Avenue","ELEVTYP_F":0,"ELEVTYP_T":0},"geometry":{"type":"LineString","coordinates":[[-74.0041566289843,40.2975928480735],[-74.0042785378146,40.2975769811987],[-74.0056780654721,40.2973742858228],[-74.0060045280021,40.2973270005145],[-74.0061699812718,40.2973034115813]]}},{"type":"Feature","id":165809,"properties":{"OBJECTID":165809,"PRIMENAME":"Hoey Avenue","ELEVTYP_F":0,"ELEVTYP_T":0},"geometry":{"type":"LineString","coordinates":[[-73.9930631856312,40.2823629413467],[-73.9930541354836,40.2823891739548],[-73.992933644527,40.2826888900728],[-73.9928598141175,40.2828553930804]]}},{"type":"Feature","id":165828,"properties":{"OBJECTID":165828,"PRIMENAME":"Idyle Place","ELEVTYP_F":0,"ELEVTYP_T":0},"geometry":{"type":"LineString","coordinates":[[-74.0018535085836,40.2829346250338],[-74.0017499002253,40.2829464234043],[-74.00098381947,40.2830336870054],[-74.0008762290281,40.2830459330603]]}},{"type":"Feature","id":166260,"properties":{"OBJECTID":166260,"PRIMENAME":"Branchport Avenue","ELEVTYP_F":0,"ELEVTYP_T":0},"geometry":{"type":"LineString","coordinates":[[-74.0080275800588,40.3150968671474],[-74.0079213420456,40.3149033174623],[-74.0078749606605,40.3148188152049],[-74.0076904792958,40.3144987082503],[-74.0075985810623,40.3143336322578]]}},{"type":"Feature","id":166435,"properties":{"OBJECTID":166435,"PRIMENAME":"Unnamed Segment","ELEVTYP_F":0,"ELEVTYP_T":0},"geometry":{"type":"LineString","coordinates":[[-73.9820494839156,40.3176126544444],[-73.9820904188638,40.3177921796438]]}},{"type":"Feature","id":166533,"properties":{"OBJECTID":166533,"PRIMENAME":"Liberty Street","ELEVTYP_F":0,"ELEVTYP_T":0},"geometry":{"type":"LineString","coordinates":[[-73.9856817599424,40.3047758518326],[-73.9857810976763,40.3051227264507],[-73.9858162473816,40.3052454683354]]}},{"type":"Feature","id":166798,"properties":{"OBJECTID":166798,"PRIMENAME":"Unnamed Segment","ELEVTYP_F":0,"ELEVTYP_T":0},"geometry":{"type":"LineString","coordinates":[[-73.98523710352,40.3092343121056],[-73.9851836565599,40.3091869960947],[-73.9851356646102,40.3091195899875],[-73.9850055833092,40.308912126731],[-73.9848662251685,40.3087099277796],[-73.9848321178934,40.3086390455894],[-73.9852770868734,40.308441216557],[-73.9854529432309,40.3083995617278],[-73.9857804177608,40.3089311781002],[-73.9858265154654,40.3090165084845]]}},{"type":"Feature","id":166849,"properties":{"OBJECTID":166849,"PRIMENAME":"Lockwood Avenue","ELEVTYP_F":0,"ELEVTYP_T":0},"geometry":{"type":"LineString","coordinates":[[-73.9990594656803,40.2750591828217],[-73.9989517135359,40.2750609121023],[-73.9966180738646,40.2750984681945],[-73.9964713588707,40.2751007948227]]}},{"type":"Feature","id":166997,"properties":{"OBJECTID":166997,"PRIMENAME":"3rd Avenue","ELEVTYP_F":0,"ELEVTYP_T":0},"geometry":{"type":"LineString","coordinates":[[-73.9875619943724,40.2961326424011],[-73.9875594801929,40.2955981762932],[-73.987558629835,40.2954178598795]]}},{"type":"Feature","id":167109,"properties":{"OBJECTID":167109,"PRIMENAME":"Itaska Place","ELEVTYP_F":0,"ELEVTYP_T":0},"geometry":{"type":"LineString","coordinates":[[-74.0006453785326,40.3165955777598],[-74.0001806970341,40.3161000660435]]}},{"type":"Feature","id":168028,"properties":{"OBJECTID":168028,"PRIMENAME":"Catherine Street","ELEVTYP_F":0,"ELEVTYP_T":0},"geometry":{"type":"LineString","coordinates":[[-73.9849230644295,40.3220414482501],[-73.9848703403932,40.3220228212271],[-73.9848417921091,40.3219895869603],[-73.9848182107366,40.3219306521306],[-73.9847259597868,40.3214264424536],[-73.9847245461642,40.3214189138948]]}},{"type":"Feature","id":168034,"properties":{"OBJECTID":168034,"PRIMENAME":"Marion Place","ELEVTYP_F":0,"ELEVTYP_T":0},"geometry":{"type":"LineString","coordinates":[[-74.0126364364493,40.2955167126545],[-74.0124954624049,40.2954675011814],[-74.0118869705171,40.2952552289946],[-74.01183741373,40.295221664919],[-74.011812908809,40.2951643516847],[-74.0118074953566,40.2950547402961],[-74.0118489980727,40.2944686748325],[-74.0118644368052,40.2942513191326]]}},{"type":"Feature","id":168076,"properties":{"OBJECTID":168076,"PRIMENAME":"Sydney Place","ELEVTYP_F":0,"ELEVTYP_T":0},"geometry":{"type":"LineString","coordinates":[[-73.9799216227403,40.3245202480213],[-73.9799389050415,40.3245864030562],[-73.9801809020143,40.3255121005591],[-73.9801936557309,40.3255608850114]]}},{"type":"Feature","id":168098,"properties":{"OBJECTID":168098,"PRIMENAME":"Unnamed Segment","ELEVTYP_F":0,"ELEVTYP_T":0},"geometry":{"type":"LineString","coordinates":[[-74.0112634260046,40.3123551768953],[-74.0113144263933,40.3124811770574],[-74.0118594271833,40.3133961783593],[-74.0119014261489,40.3134741785364]]}},{"type":"Feature","id":168142,"properties":{"OBJECTID":168142,"PRIMENAME":"Ivy Place","ELEVTYP_F":0,"ELEVTYP_T":0},"geometry":{"type":"LineString","coordinates":[[-73.9893923670391,40.3208566648741],[-73.9893289558344,40.3208494706434],[-73.9891919185627,40.3208583639164],[-73.989178874628,40.3208601391497],[-73.9889512853481,40.3208911071711]]}},{"type":"Feature","id":168294,"properties":{"OBJECTID":168294,"PRIMENAME":"Unnamed Segment","ELEVTYP_F":0,"ELEVTYP_T":0},"geometry":{"type":"LineString","coordinates":[[-73.9868594156696,40.2926781737076],[-73.987001417374,40.2926591753611],[-73.987040417346,40.2926571740857]]}},{"type":"Feature","id":168324,"properties":{"OBJECTID":168324,"PRIMENAME":"Ocean Boulevard","ELEVTYP_F":0,"ELEVTYP_T":0},"geometry":{"type":"LineString","coordinates":[[-73.9815571709922,40.2958102856172],[-73.9817257789876,40.294984897207],[-73.9818347408727,40.2945707484045],[-73.9818749141197,40.2944226871988]]}},{"type":"Feature","id":168706,"properties":{"OBJECTID":168706,"PRIMENAME":"Berger Avenue","ELEVTYP_F":0,"ELEVTYP_T":0},"geometry":{"type":"LineString","coordinates":[[-74.0080891409602,40.2636151114159],[-74.0072590498131,40.2635371841049]]}},{"type":"Feature","id":168744,"properties":{"OBJECTID":168744,"PRIMENAME":"High Street","ELEVTYP_F":0,"ELEVTYP_T":0},"geometry":{"type":"LineString","coordinates":[[-73.9998979614805,40.2928920646073],[-74.0002767216664,40.2928581233186],[-74.0013854845265,40.2927389600307],[-74.0014943409923,40.2927272954254]]}},{"type":"Feature","id":168943,"properties":{"OBJECTID":168943,"PRIMENAME":"Woodgate Avenue","ELEVTYP_F":0,"ELEVTYP_T":0},"geometry":{"type":"LineString","coordinates":[[-73.9966491691135,40.2798662555845],[-73.996634030468,40.279423275397]]}},{"type":"Feature","id":169254,"properties":{"OBJECTID":169254,"PRIMENAME":"Broadway","ELEVTYP_F":0,"ELEVTYP_T":0},"geometry":{"type":"LineString","coordinates":[[-74.0002942693073,40.2999905061975],[-73.9989984292116,40.3001599087947]]}},{"type":"Feature","id":169265,"properties":{"OBJECTID":169265,"PRIMENAME":"Yorke Avenue","ELEVTYP_F":0,"ELEVTYP_T":0},"geometry":{"type":"LineString","coordinates":[[-73.9996037603493,40.2789276874472],[-73.9994893439733,40.2789380086222],[-73.9983311965246,40.2790426098863],[-73.9980820257202,40.2790653571958],[-73.9979637497682,40.279083895762],[-73.9978764049009,40.2791025963583],[-73.9977516801612,40.2791449355066],[-73.9976769152186,40.2791589134507],[-73.9975896772681,40.2791728371891],[-73.9967432679521,40.2791834614636],[-73.9966257977507,40.2791849274375]]}},{"type":"Feature","id":169601,"properties":{"OBJECTID":169601,"PRIMENAME":"Navesink Court","ELEVTYP_F":0,"ELEVTYP_T":0},"geometry":{"type":"LineString","coordinates":[[-73.9921284208247,40.3234561802131],[-73.9921414206983,40.3235741806085]]}},{"type":"Feature","id":169634,"properties":{"OBJECTID":169634,"PRIMENAME":"Herbert Place","ELEVTYP_F":0,"ELEVTYP_T":0},"geometry":{"type":"LineString","coordinates":[[-73.9987993724255,40.3198197674406],[-73.9986480417937,40.3203749326166],[-73.9986202445411,40.3204769886907]]}},{"type":"Feature","id":169833,"properties":{"OBJECTID":169833,"PRIMENAME":"Bath Avenue","ELEVTYP_F":0,"ELEVTYP_T":0},"geometry":{"type":"LineString","coordinates":[[-73.9956676655792,40.2958063442875],[-73.9951526427764,40.2955430603627]]}},{"type":"Feature","id":169860,"properties":{"OBJECTID":169860,"PRIMENAME":"Port Au Peck Avenue","ELEVTYP_F":0,"ELEVTYP_T":0},"geometry":{"type":"LineString","coordinates":[[-74.0062092411486,40.316595549896],[-74.006145527618,40.3167559548132],[-74.0060299512112,40.3172368327279],[-74.0058693045473,40.3179177254893],[-74.0058653440001,40.3179346742108]]}},{"type":"Feature","id":170220,"properties":{"OBJECTID":170220,"PRIMENAME":"Unnamed Segment","ELEVTYP_F":0,"ELEVTYP_T":0},"geometry":{"type":"LineString","coordinates":[[-73.9825679736692,40.3252185448025],[-73.982555419332,40.3250851820408],[-73.9823794167544,40.3243731810384],[-73.9823874166118,40.324352180271],[-73.9824004164834,40.3243371813139],[-73.9824334174029,40.3243221817794],[-73.9827234182243,40.3243421809941],[-73.9830534167892,40.3243701813068],[-73.9831374166861,40.3243711817081],[-73.9832984163396,40.3243601816502]]}},{"type":"Feature","id":170499,"properties":{"OBJECTID":170499,"PRIMENAME":"Willow Avenue","ELEVTYP_F":0,"ELEVTYP_T":0},"geometry":{"type":"LineString","coordinates":[[-73.9978945040474,40.3007418844179],[-73.997825757738,40.3006661478723],[-73.9972824049209,40.3000680230176],[-73.9972144199225,40.3000057677514],[-73.9971419897935,40.2999531842003]]}},{"type":"Feature","id":170520,"properties":{"OBJECTID":170520,"PRIMENAME":"Tower Road","ELEVTYP_F":0,"ELEVTYP_T":0},"geometry":{"type":"LineString","coordinates":[[-73.9832304015348,40.2915950278509],[-73.9833861733837,40.2916645860448],[-73.983443383773,40.291682023344]]}},{"type":"Feature","id":170720,"properties":{"OBJECTID":170720,"PRIMENAME":"Russel Avenue","ELEVTYP_F":0,"ELEVTYP_T":0},"geometry":{"type":"LineString","coordinates":[[-74.0030704315944,40.3009248261664],[-74.0025985468768,40.3009884094785]]}},{"type":"Feature","id":170833,"properties":{"OBJECTID":170833,"PRIMENAME":"FR CO 29A to RT 36 NB","ELEVTYP_F":0,"ELEVTYP_T":0},"geometry":{"type":"LineString","coordinates":[[-74.0096161613357,40.303982287782],[-74.0096147825632,40.3039985713074],[-74.0096122813662,40.3040147762596],[-74.0096086647388,40.30403085732],[-74.0096039427944,40.3040467695164],[-74.0095981287376,40.3040624683486],[-74.0095912388273,40.3040779099132],[-74.0095832923312,40.3040930510265],[-74.0095743114716,40.3041078493445],[-74.0095654800633,40.3041206822496],[-74.009555870682,40.304133183216],[-74.009536844089,40.3041489518316],[-74.0095166574123,40.3041638509771],[-74.0094935575007,40.3041789523966],[-74.0094692664713,40.3041929153971],[-74.0094438798841,40.3042056850484],[-74.009417497609,40.3042172111149],[-74.009390223433,40.3042274482532],[-74.009362164652,40.3042363561905],[-74.009333431649,40.3042438998831],[-74.009304137459,40.3042500496542]]}},{"type":"Feature","id":171058,"properties":{"OBJECTID":171058,"PRIMENAME":"Allen Place","ELEVTYP_F":0,"ELEVTYP_T":0},"geometry":{"type":"LineString","coordinates":[[-73.9916253455592,40.3143022331571],[-73.9917107754417,40.3142582188468],[-73.9939483006725,40.3131051325857],[-73.9940236116424,40.3130663150048]]}},{"type":"Feature","id":171362,"properties":{"OBJECTID":171362,"PRIMENAME":"South Bath Avenue","ELEVTYP_F":0,"ELEVTYP_T":0},"geometry":{"type":"LineString","coordinates":[[-73.9831178806257,40.2922349393755],[-73.982535040167,40.2920684656053]]}},{"type":"Feature","id":171719,"properties":{"OBJECTID":171719,"PRIMENAME":"Bampton Place","ELEVTYP_F":0,"ELEVTYP_T":0},"geometry":{"type":"LineString","coordinates":[[-74.0126694251117,40.2915341728441],[-74.012546424772,40.2915601746155],[-74.0124694260677,40.2916011742386],[-74.0124224242772,40.2916431738639],[-74.0123804249707,40.2917101734359]]}},{"type":"Feature","id":172113,"properties":{"OBJECTID":172113,"PRIMENAME":"Sairs Avenue","ELEVTYP_F":0,"ELEVTYP_T":0},"geometry":{"type":"LineString","coordinates":[[-73.9871001709764,40.291752695927],[-73.9870603013232,40.2919727797491]]}},{"type":"Feature","id":172280,"properties":{"OBJECTID":172280,"PRIMENAME":"Rockwell Avenue","ELEVTYP_F":0,"ELEVTYP_T":0},"geometry":{"type":"LineString","coordinates":[[-73.9890585482087,40.3052453108931],[-73.9889478633301,40.3047543910551]]}},{"type":"Feature","id":172464,"properties":{"OBJECTID":172464,"PRIMENAME":"Golf Street","ELEVTYP_F":0,"ELEVTYP_T":0},"geometry":{"type":"LineString","coordinates":[[-74.0109024536465,40.2987346900005],[-74.0108978648635,40.2986301330156],[-74.0108558568075,40.2976738256864]]}},{"type":"Feature","id":172468,"properties":{"OBJECTID":172468,"PRIMENAME":"Atlantic Avenue","ELEVTYP_F":0,"ELEVTYP_T":0},"geometry":{"type":"LineString","coordinates":[[-73.9928737781136,40.315197076285],[-73.9927858128872,40.315268367479],[-73.99265413608,40.3153917085122],[-73.9924905097316,40.3156293014359],[-73.9922099469989,40.3160447817367],[-73.9921568011573,40.3161234836495],[-73.9921008677179,40.3162031424028],[-73.9918798882585,40.3165178515667],[-73.9916509156417,40.3168536815467],[-73.9916444401202,40.3168631793177],[-73.991585875409,40.3169493127632]]}},{"type":"Feature","id":172748,"properties":{"OBJECTID":172748,"PRIMENAME":"Golf Street","ELEVTYP_F":0,"ELEVTYP_T":0},"geometry":{"type":"LineString","coordinates":[[-74.0108009820894,40.2965729288211],[-74.0107785784327,40.2961846881182],[-74.0107522116614,40.2955554837422]]}},{"type":"Feature","id":172836,"properties":{"OBJECTID":172836,"PRIMENAME":"Joline Avenue","ELEVTYP_F":0,"ELEVTYP_T":0},"geometry":{"type":"LineString","coordinates":[[-73.9987308330974,40.3079767452251],[-73.9979539029824,40.3082119628585],[-73.9974673569977,40.3083593539744]]}},{"type":"Feature","id":173075,"properties":{"OBJECTID":173075,"PRIMENAME":"Kingsley Street","ELEVTYP_F":0,"ELEVTYP_T":0},"geometry":{"type":"LineString","coordinates":[[-73.9920177173369,40.320713562784],[-73.9919264081788,40.3207226871101],[-73.9917893001505,40.3207363872405],[-73.9915711045896,40.3207687832916],[-73.991253242412,40.3208150421464],[-73.9909661877169,40.3208948175411],[-73.9906480379891,40.3209792044619],[-73.9903111301628,40.3210682579091],[-73.9899241197982,40.3211952465788],[-73.9898617870046,40.3212044979357],[-73.9898423487962,40.3212044122144]]}},{"type":"Feature","id":173100,"properties":{"OBJECTID":173100,"PRIMENAME":"Woodgate Avenue","ELEVTYP_F":0,"ELEVTYP_T":0},"geometry":{"type":"LineString","coordinates":[[-73.9965777975699,40.2778182025397],[-73.9965737963564,40.2777052467411],[-73.9965649856543,40.277472102014],[-73.9965456766522,40.2769611441026],[-73.9965417741348,40.2768578825322],[-73.9965337371078,40.2766452257738]]}},{"type":"Feature","id":173371,"properties":{"OBJECTID":173371,"PRIMENAME":"Coleman Avenue","ELEVTYP_F":0,"ELEVTYP_T":0},"geometry":{"type":"LineString","coordinates":[[-74.0010925516666,40.3113577373688],[-74.0010343692924,40.3112771893618],[-74.0000606288304,40.3099289608257],[-73.9995712926146,40.3092532264041]]}},{"type":"Feature","id":173573,"properties":{"OBJECTID":173573,"PRIMENAME":"Iroquois Avenue","ELEVTYP_F":0,"ELEVTYP_T":0},"geometry":{"type":"LineString","coordinates":[[-74.0122564643742,40.3207176217692],[-74.0121065194561,40.3206966481804],[-74.009572481956,40.3203420684557],[-74.0080838331147,40.3201344425059],[-74.0055279320862,40.3197838818962],[-74.0055146755843,40.3197819779891],[-74.0054338142793,40.319770357923]]}},{"type":"Feature","id":173593,"properties":{"OBJECTID":173593,"PRIMENAME":"Unnamed Segment","ELEVTYP_F":0,"ELEVTYP_T":0},"geometry":{"type":"LineString","coordinates":[[-74.012646427488,40.3127111773478],[-74.0127664282461,40.3128981780392],[-74.0128634274545,40.3130351782044]]}},{"type":"Feature","id":173697,"properties":{"OBJECTID":173697,"PRIMENAME":"Park Terrace","ELEVTYP_F":0,"ELEVTYP_T":0},"geometry":{"type":"LineString","coordinates":[[-74.0008067674448,40.2694616740773],[-74.0008661241295,40.2694166619313],[-74.0009537340506,40.2693503304356],[-74.0010286626255,40.2693125222101],[-74.0011283566159,40.2692939282605],[-74.0016828082647,40.2692009749508],[-74.0018042692907,40.26918060708]]}},{"type":"Feature","id":173798,"properties":{"OBJECTID":173798,"PRIMENAME":"Norwood Avenue","ELEVTYP_F":0,"ELEVTYP_T":0},"geometry":{"type":"LineString","coordinates":[[-74.0021890048562,40.2846469450994],[-74.0022746618951,40.2850937671885],[-74.0024241458285,40.2858654597194]]}},{"type":"Feature","id":173815,"properties":{"OBJECTID":173815,"PRIMENAME":"Tocci Avenue","ELEVTYP_F":0,"ELEVTYP_T":0},"geometry":{"type":"LineString","coordinates":[[-73.9864338386617,40.3292593590745],[-73.9864241404414,40.3291239776182],[-73.9864047116455,40.3288619995183]]}},{"type":"Feature","id":173941,"properties":{"OBJECTID":173941,"PRIMENAME":"Liberty Street","ELEVTYP_F":0,"ELEVTYP_T":0},"geometry":{"type":"LineString","coordinates":[[-73.988595930637,40.3116385519981],[-73.9889418067612,40.3120567750545]]}},{"type":"Feature","id":174544,"properties":{"OBJECTID":174544,"PRIMENAME":"Lincoln Avenue","ELEVTYP_F":0,"ELEVTYP_T":0},"geometry":{"type":"LineString","coordinates":[[-73.9932363432044,40.2646425232759],[-73.9937210536979,40.2647292523244],[-73.9948270639624,40.264919965666],[-73.9948287346525,40.2649202809861],[-73.9955477085464,40.2650565543544],[-73.9955624400843,40.2650606886688]]}},{"type":"Feature","id":174930,"properties":{"OBJECTID":174930,"PRIMENAME":"West End Avenue","ELEVTYP_F":0,"ELEVTYP_T":0},"geometry":{"type":"LineString","coordinates":[[-73.9960811103544,40.2892324120282],[-73.9954143202919,40.2888621694529],[-73.9951125822534,40.2886939438828]]}},{"type":"Feature","id":175391,"properties":{"OBJECTID":175391,"PRIMENAME":"Joline Avenue","ELEVTYP_F":0,"ELEVTYP_T":0},"geometry":{"type":"LineString","coordinates":[[-73.9899594701961,40.3109257402567],[-73.989339924849,40.3112482861851],[-73.988707025727,40.311581475843],[-73.988595930637,40.3116385519981]]}},{"type":"Feature","id":175447,"properties":{"OBJECTID":175447,"PRIMENAME":"Lawrence Avenue","ELEVTYP_F":0,"ELEVTYP_T":0},"geometry":{"type":"LineString","coordinates":[[-73.9922593687062,40.2613146763234],[-73.9923821843198,40.2613416793239],[-73.9931213130565,40.2615022209879],[-73.9933325497446,40.2615412495219],[-73.9935249163586,40.2615831051268]]}},{"type":"Feature","id":175661,"properties":{"OBJECTID":175661,"PRIMENAME":"Branchport Avenue","ELEVTYP_F":0,"ELEVTYP_T":0},"geometry":{"type":"LineString","coordinates":[[-74.0019535257316,40.3010753751856],[-74.001959949789,40.3011517749965],[-74.0020020323638,40.301652215542],[-74.0020062996256,40.3017107613331]]}},{"type":"Feature","id":175871,"properties":{"OBJECTID":175871,"PRIMENAME":"Ferris Court","ELEVTYP_F":0,"ELEVTYP_T":0},"geometry":{"type":"LineString","coordinates":[[-74.0082373657233,40.2649794331382],[-74.008326347699,40.2649741559812],[-74.00922266356,40.2649207507129]]}},{"type":"Feature","id":175916,"properties":{"OBJECTID":175916,"PRIMENAME":"Grant Street","ELEVTYP_F":0,"ELEVTYP_T":0},"geometry":{"type":"LineString","coordinates":[[-73.9793830271808,40.3058317502686],[-73.9793400542352,40.3064269284802]]}},{"type":"Feature","id":176517,"properties":{"OBJECTID":176517,"PRIMENAME":"Cedar Avenue","ELEVTYP_F":0,"ELEVTYP_T":0},"geometry":{"type":"LineString","coordinates":[[-74.0056486031855,40.2817363212975],[-74.005792020508,40.2817312651907],[-74.0061232735002,40.2817195848551],[-74.006608734752,40.2817073534514],[-74.0068188292557,40.2817011113948],[-74.0069039104624,40.2817042057099]]}},{"type":"Feature","id":176616,"properties":{"OBJECTID":176616,"PRIMENAME":"South Broadway","ELEVTYP_F":0,"ELEVTYP_T":0},"geometry":{"type":"LineString","coordinates":[[-73.9818796397293,40.3052045162319],[-73.9817527834469,40.3051990619807],[-73.9817217435518,40.3051977250585],[-73.9813236452592,40.3051805847717],[-73.981116603392,40.3051716675406]]}},{"type":"Feature","id":176710,"properties":{"OBJECTID":176710,"PRIMENAME":"Ocean Avenue North","ELEVTYP_F":0,"ELEVTYP_T":0},"geometry":{"type":"LineString","coordinates":[[-73.9766531631059,40.3206639052253],[-73.9766642114674,40.3208310003892],[-73.9766757739106,40.3209406685793],[-73.9766879381405,40.320974995289],[-73.9767366735245,40.3211125186254],[-73.9768898570258,40.3214420590502],[-73.9769942342693,40.3216408711749]]}},{"type":"Feature","id":176860,"properties":{"OBJECTID":176860,"PRIMENAME":"Eastbourne Avenue","ELEVTYP_F":0,"ELEVTYP_T":0},"geometry":{"type":"LineString","coordinates":[[-73.9874546231807,40.2898064010623],[-73.9875497256253,40.2898165674456],[-73.9878082871717,40.2898709692058],[-73.9886371611421,40.2900453608266],[-73.9887535832824,40.2900690582762],[-73.9892454418467,40.2901691727436]]}},{"type":"Feature","id":176941,"properties":{"OBJECTID":176941,"PRIMENAME":"Cedar Avenue","ELEVTYP_F":0,"ELEVTYP_T":0},"geometry":{"type":"LineString","coordinates":[[-73.9886307759922,40.281362226331],[-73.9882126611688,40.2814012694941]]}},{"type":"Feature","id":176984,"properties":{"OBJECTID":176984,"PRIMENAME":"Sternberger Avenue","ELEVTYP_F":0,"ELEVTYP_T":0},"geometry":{"type":"LineString","coordinates":[[-73.986229433839,40.2802484400967],[-73.9865089150669,40.2802296248136]]}},{"type":"Feature","id":177111,"properties":{"OBJECTID":177111,"PRIMENAME":"Castlewall Avenue","ELEVTYP_F":0,"ELEVTYP_T":0},"geometry":{"type":"LineString","coordinates":[[-73.9974091788146,40.2727574595606],[-73.9985706395827,40.2727382030875],[-73.9987448520279,40.272738957885],[-73.9988593922108,40.2727394540019]]}},{"type":"Feature","id":177116,"properties":{"OBJECTID":177116,"PRIMENAME":"Sherman Court","ELEVTYP_F":0,"ELEVTYP_T":0},"geometry":{"type":"LineString","coordinates":[[-73.9871001709764,40.291752695927],[-73.9871803103565,40.2917505806499],[-73.9875463391597,40.2917409748096],[-73.9877941340916,40.2917457008155],[-73.9878537070029,40.2917468372674],[-73.9879241778738,40.2917481930472]]}},{"type":"Feature","id":177424,"properties":{"OBJECTID":177424,"PRIMENAME":"Port Au Peck Avenue","ELEVTYP_F":0,"ELEVTYP_T":0},"geometry":{"type":"LineString","coordinates":[[-74.0032683480088,40.3289485464567],[-74.0031101576792,40.3296192598822]]}},{"type":"Feature","id":177471,"properties":{"OBJECTID":177471,"PRIMENAME":"Marine Terrace","ELEVTYP_F":0,"ELEVTYP_T":0},"geometry":{"type":"LineString","coordinates":[[-73.9785348681052,40.3104586617447],[-73.978531432376,40.310401958097],[-73.9784983191803,40.3098537013595],[-73.9785420698364,40.3098300699244],[-73.9785981904865,40.3098160204588],[-73.978697804982,40.3098164693725],[-73.9792020418547,40.3098235174828]]}},{"type":"Feature","id":177492,"properties":{"OBJECTID":177492,"PRIMENAME":"Smith Street","ELEVTYP_F":0,"ELEVTYP_T":0},"geometry":{"type":"LineString","coordinates":[[-73.9980607712518,40.3191228529535],[-73.9980663634841,40.3190263009185],[-73.998020436583,40.3185690535993],[-73.9980050322841,40.3183585118439]]}},{"type":"Feature","id":177637,"properties":{"OBJECTID":177637,"PRIMENAME":"Airsdale Avenue","ELEVTYP_F":0,"ELEVTYP_T":0},"geometry":{"type":"LineString","coordinates":[[-73.9884138951156,40.3204067999263],[-73.9893284245337,40.3200916839321],[-73.9901587040616,40.319809350589],[-73.9916381697113,40.3193011645171],[-73.9917494832601,40.3192498786018]]}},{"type":"Feature","id":177656,"properties":{"OBJECTID":177656,"PRIMENAME":"Norwood Avenue","ELEVTYP_F":0,"ELEVTYP_T":0},"geometry":{"type":"LineString","coordinates":[[-74.001548332024,40.2929809932416],[-74.0017071881346,40.2937273598928],[-74.0017272050836,40.2938184504531]]}},{"type":"Feature","id":177750,"properties":{"OBJECTID":177750,"PRIMENAME":"Dennis Street","ELEVTYP_F":0,"ELEVTYP_T":0},"geometry":{"type":"LineString","coordinates":[[-74.0050558096436,40.2910787116601],[-74.0050423822889,40.2908701273025],[-74.0049529509192,40.2894828347456]]}},{"type":"Feature","id":177835,"properties":{"OBJECTID":177835,"PRIMENAME":"Community Place","ELEVTYP_F":0,"ELEVTYP_T":0},"geometry":{"type":"LineString","coordinates":[[-73.9925228989467,40.3012362767487],[-73.9926239152614,40.3012248878632],[-73.9935934666875,40.3011154565849],[-73.9941149597586,40.3010565933095],[-73.9942499768574,40.3010413527507]]}},{"type":"Feature","id":178520,"properties":{"OBJECTID":178520,"PRIMENAME":"Valentine Street","ELEVTYP_F":0,"ELEVTYP_T":0},"geometry":{"type":"LineString","coordinates":[[-73.9772561815474,40.3265182431547],[-73.9783021510392,40.326085102722],[-73.9786019820684,40.3259625363822],[-73.979108024451,40.3257503337217],[-73.9792285988567,40.3257055260075]]}},{"type":"Feature","id":178751,"properties":{"OBJECTID":178751,"PRIMENAME":"Jerolman Avenue","ELEVTYP_F":0,"ELEVTYP_T":0},"geometry":{"type":"LineString","coordinates":[[-73.9824816535816,40.3215977994439],[-73.9825674201161,40.3215915119595],[-73.9833026108117,40.3215376155586],[-73.9839505061591,40.3214880742421],[-73.9842821524958,40.3214584419398],[-73.9846109902356,40.3214290600647],[-73.9847245461642,40.3214189138948]]}},{"type":"Feature","id":178767,"properties":{"OBJECTID":178767,"PRIMENAME":"Unnamed Segment","ELEVTYP_F":0,"ELEVTYP_T":0},"geometry":{"type":"LineString","coordinates":[[-73.9846113045861,40.2818645660231],[-73.9829493593837,40.2820305878653],[-73.9829075851801,40.2821668917108],[-73.9829266754028,40.2823346646078],[-73.9831048880151,40.282335460872],[-73.9844012018472,40.282282864733],[-73.984547860312,40.2822769127213]]}},{"type":"Feature","id":178911,"properties":{"OBJECTID":178911,"PRIMENAME":"Sherman Avenue","ELEVTYP_F":0,"ELEVTYP_T":0},"geometry":{"type":"LineString","coordinates":[[-74.0075626620035,40.2967681284957],[-74.0076435155298,40.2967623508252],[-74.010732405171,40.296541920083],[-74.0108009820894,40.2965729288211]]}},{"type":"Feature","id":179233,"properties":{"OBJECTID":179233,"PRIMENAME":"Pleasant Drive","ELEVTYP_F":0,"ELEVTYP_T":0},"geometry":{"type":"LineString","coordinates":[[-74.0129387727954,40.2754999130574],[-74.0129568972817,40.2755714748698],[-74.0131333878799,40.2761250779834],[-74.0131578873994,40.2761823640737],[-74.0131948560143,40.2762301763191],[-74.0132442615327,40.2762828449999],[-74.0132876038841,40.2763116053116],[-74.013455214483,40.2763694932134],[-74.0138313281285,40.2765060571535]]}},{"type":"Feature","id":180981,"properties":{"OBJECTID":180981,"PRIMENAME":"Vozi Court","ELEVTYP_F":0,"ELEVTYP_T":0},"geometry":{"type":"LineString","coordinates":[[-73.9908415943383,40.2703587691953],[-73.9909474881628,40.2703743337909],[-73.9919752993924,40.2705232494219],[-73.9920456921273,40.2705274015724],[-73.9921224229468,40.2705129422973],[-73.9922158149351,40.2705038258594],[-73.992327735641,40.2705138432434],[-73.992445821251,40.270533439982],[-73.9925762712955,40.2705578138924],[-73.9926880850806,40.2705821599925],[-73.9928371004786,40.2706256937253],[-73.9929613143607,40.2706500659883],[-73.9933158562461,40.2706706986041]]}},{"type":"Feature","id":181691,"properties":{"OBJECTID":181691,"PRIMENAME":"Mann Court","ELEVTYP_F":0,"ELEVTYP_T":0},"geometry":{"type":"LineString","coordinates":[[-73.9864047116455,40.3288619995183],[-73.9865093543434,40.3288557938425],[-73.9875141500147,40.3287964268294],[-73.9875665064981,40.3287933335641]]}},{"type":"Feature","id":181715,"properties":{"OBJECTID":181715,"PRIMENAME":"Rockwell Avenue","ELEVTYP_F":0,"ELEVTYP_T":0},"geometry":{"type":"LineString","coordinates":[[-73.9914863596246,40.3101647923664],[-73.9909553694152,40.3095556294184],[-73.9908444335117,40.3094297411005]]}},{"type":"Feature","id":182087,"properties":{"OBJECTID":182087,"PRIMENAME":"7th Avenue","ELEVTYP_F":0,"ELEVTYP_T":0},"geometry":{"type":"LineString","coordinates":[[-73.9984601070803,40.309725915369],[-73.9987271861961,40.3100899895878],[-73.9989950760367,40.3104611206211]]}},{"type":"Feature","id":182177,"properties":{"OBJECTID":182177,"PRIMENAME":"Shore Drive","ELEVTYP_F":0,"ELEVTYP_T":0},"geometry":{"type":"LineString","coordinates":[[-73.9892434200505,40.3228661797744],[-73.9890674211682,40.3229201812313],[-73.9888674178293,40.3229431794279]]}},{"type":"Feature","id":182372,"properties":{"OBJECTID":182372,"PRIMENAME":"Unnamed Segment","ELEVTYP_F":0,"ELEVTYP_T":0},"geometry":{"type":"LineString","coordinates":[[-74.0134304257199,40.290788173],[-74.0129284246536,40.2908261725692],[-74.0128964248527,40.2908071726431],[-74.0128864253215,40.2907481733813],[-74.0129124258211,40.2907261725554],[-74.0130164247709,40.2907201742177],[-74.0133054242456,40.2906911740222],[-74.013418425663,40.2906831731976]]}},{"type":"Feature","id":182505,"properties":{"OBJECTID":182505,"PRIMENAME":"Wilson Drive","ELEVTYP_F":0,"ELEVTYP_T":0},"geometry":{"type":"LineString","coordinates":[[-74.007906115193,40.2730028400146],[-74.0079193190471,40.2730651030906],[-74.008059126639,40.2737257044443],[-74.0080636857529,40.2737472460441],[-74.0080686174944,40.2738135917537]]}},{"type":"Feature","id":182575,"properties":{"OBJECTID":182575,"PRIMENAME":"5th Avenue","ELEVTYP_F":0,"ELEVTYP_T":0},"geometry":{"type":"LineString","coordinates":[[-73.9926279154158,40.3098148775937],[-73.993128230973,40.3103705859499],[-73.9933814074816,40.3106481647619],[-73.9935974338983,40.3109016968075],[-73.9938937904889,40.3112318411218],[-73.9940419353135,40.3114040649501],[-73.9942268405397,40.3116527105258],[-73.9943137614478,40.311744725016]]}},{"type":"Feature","id":182609,"properties":{"OBJECTID":182609,"PRIMENAME":"Norwood Avenue","ELEVTYP_F":0,"ELEVTYP_T":0},"geometry":{"type":"LineString","coordinates":[[-74.0025953179493,40.2977960995216],[-74.0027733256796,40.2985741712674],[-74.0028144072486,40.2987706579214]]}},{"type":"Feature","id":182638,"properties":{"OBJECTID":182638,"PRIMENAME":"Ocean Boulevard","ELEVTYP_F":0,"ELEVTYP_T":0},"geometry":{"type":"LineString","coordinates":[[-73.9811006169884,40.2980711161526],[-73.98111142344,40.2979942439626],[-73.9811762867024,40.2976609087716],[-73.9812607840674,40.2972681460998]]}},{"type":"Feature","id":183442,"properties":{"OBJECTID":183442,"PRIMENAME":"Hearn Avenue","ELEVTYP_F":0,"ELEVTYP_T":0},"geometry":{"type":"LineString","coordinates":[[-73.9824205884761,40.3141564683564],[-73.9824442133512,40.3142796683799]]}},{"type":"Feature","id":183873,"properties":{"OBJECTID":183873,"PRIMENAME":"Grinker Place","ELEVTYP_F":0,"ELEVTYP_T":0},"geometry":{"type":"LineString","coordinates":[[-73.9803529250426,40.3070562576873],[-73.9804486366715,40.3064686644568]]}},{"type":"Feature","id":184007,"properties":{"OBJECTID":184007,"PRIMENAME":"2nd Avenue","ELEVTYP_F":0,"ELEVTYP_T":0},"geometry":{"type":"LineString","coordinates":[[-73.9831399926748,40.2984323721788],[-73.9829335404705,40.299783163537],[-73.9828576483573,40.300303672628]]}},{"type":"Feature","id":184234,"properties":{"OBJECTID":184234,"PRIMENAME":"South Elberon Square","ELEVTYP_F":0,"ELEVTYP_T":0},"geometry":{"type":"LineString","coordinates":[[-73.9917897283723,40.2622967345238],[-73.9917606114841,40.2623233347314],[-73.9916915635156,40.2624040704362],[-73.9916807068689,40.2624299033069]]}},{"type":"Feature","id":184827,"properties":{"OBJECTID":184827,"PRIMENAME":"Hollywood Avenue","ELEVTYP_F":0,"ELEVTYP_T":0},"geometry":{"type":"LineString","coordinates":[[-74.0024241458285,40.2858654597194],[-74.0028388459526,40.2858182401468],[-74.0047322365772,40.2856118761268],[-74.0048684899718,40.2855970588858]]}},{"type":"Feature","id":185204,"properties":{"OBJECTID":185204,"PRIMENAME":"Rivergate Way","ELEVTYP_F":0,"ELEVTYP_T":0},"geometry":{"type":"LineString","coordinates":[[-73.9946094214973,40.3244801815721],[-73.9947744208779,40.3244831809734],[-73.994821421589,40.3244761801073],[-73.9948694221447,40.3244491809687]]}},{"type":"Feature","id":185371,"properties":{"OBJECTID":185371,"PRIMENAME":"Willow Avenue","ELEVTYP_F":0,"ELEVTYP_T":0},"geometry":{"type":"LineString","coordinates":[[-73.9971419897935,40.2999531842003],[-73.997115350736,40.2999338519826],[-73.9968921875445,40.2998089629807],[-73.9954476771133,40.2990258056692],[-73.995239788279,40.2989113565591]]}},{"type":"Feature","id":185600,"properties":{"OBJECTID":185600,"PRIMENAME":"West Street","ELEVTYP_F":0,"ELEVTYP_T":0},"geometry":{"type":"LineString","coordinates":[[-73.9824816535816,40.3215977994439],[-73.9823460919888,40.3204037993317],[-73.9823381611165,40.3203338712826]]}},{"type":"Feature","id":185714,"properties":{"OBJECTID":185714,"PRIMENAME":"Unnamed Segment","ELEVTYP_F":0,"ELEVTYP_T":0},"geometry":{"type":"LineString","coordinates":[[-73.9946734217318,40.324315181292],[-73.9946554230733,40.324150179448]]}},{"type":"Feature","id":186080,"properties":{"OBJECTID":186080,"PRIMENAME":"Hobart Manor","ELEVTYP_F":0,"ELEVTYP_T":0},"geometry":{"type":"LineString","coordinates":[[-73.9800673273344,40.31348503594],[-73.979269607585,40.3135191962266]]}},{"type":"Feature","id":186210,"properties":{"OBJECTID":186210,"PRIMENAME":"Marina Bay Drive","ELEVTYP_F":0,"ELEVTYP_T":0},"geometry":{"type":"LineString","coordinates":[[-73.993088422614,40.32549918004],[-73.993208421493,40.3254881819588],[-73.9933244218525,40.325488180332]]}},{"type":"Feature","id":186214,"properties":{"OBJECTID":186214,"PRIMENAME":"Westwood Avenue","ELEVTYP_F":0,"ELEVTYP_T":0},"geometry":{"type":"LineString","coordinates":[[-73.9984717345098,40.2824239838405],[-73.9986434825028,40.2833148921443],[-73.9988052547688,40.2841591711112],[-73.9989310532009,40.2848221640275],[-73.9989849319554,40.2851083938085],[-73.9990150243974,40.2852467465877],[-73.9990204530281,40.2853611358894],[-73.9990255635072,40.2855089049688],[-73.9989992793812,40.2856946702472],[-73.9989608379339,40.2858469999122],[-73.9989101330926,40.2859706994156],[-73.9988407525554,40.2860943180039],[-73.9987400471,40.2862464066996],[-73.9987143054132,40.2862759710159]]}},{"type":"Feature","id":186771,"properties":{"OBJECTID":186771,"PRIMENAME":"Unnamed Segment","ELEVTYP_F":0,"ELEVTYP_T":0},"geometry":{"type":"LineString","coordinates":[[-73.9869211680992,40.2822643834115],[-73.9870504168856,40.2822381735374],[-73.9871864169865,40.2822161734044],[-73.987323416162,40.2822021717974],[-73.9875294174795,40.2821931726046]]}},{"type":"Feature","id":186893,"properties":{"OBJECTID":186893,"PRIMENAME":"7th Avenue","ELEVTYP_F":0,"ELEVTYP_T":0},"geometry":{"type":"LineString","coordinates":[[-73.9959572973752,40.30629334282],[-73.9960216189788,40.3063893637346],[-73.9960776728668,40.3064654305801]]}},{"type":"Feature","id":186906,"properties":{"OBJECTID":186906,"PRIMENAME":"Wilson Avenue","ELEVTYP_F":0,"ELEVTYP_T":0},"geometry":{"type":"LineString","coordinates":[[-74.0026290829649,40.2630936236431],[-74.0026418447014,40.2630148353153],[-74.0027417496046,40.2623984947926]]}},{"type":"Feature","id":186979,"properties":{"OBJECTID":186979,"PRIMENAME":"Wall Street","ELEVTYP_F":0,"ELEVTYP_T":0},"geometry":{"type":"LineString","coordinates":[[-74.0035203894023,40.2920563464786],[-74.0031184998249,40.2922487907042],[-74.0017007528253,40.2929099177222],[-74.001548332024,40.2929809932416]]}},{"type":"Feature","id":187205,"properties":{"OBJECTID":187205,"PRIMENAME":"Oakwood Avenue","ELEVTYP_F":0,"ELEVTYP_T":0},"geometry":{"type":"LineString","coordinates":[[-74.0076611127118,40.297588323044],[-74.0077737012618,40.2985501754067],[-74.0077863619951,40.2986582532974]]}},{"type":"Feature","id":187226,"properties":{"OBJECTID":187226,"PRIMENAME":"Ocean Boulevard","ELEVTYP_F":0,"ELEVTYP_T":0},"geometry":{"type":"LineString","coordinates":[[-73.9810639704434,40.298802879185],[-73.9810509010992,40.2985849605382],[-73.9810548934148,40.2985262330632]]}},{"type":"Feature","id":187387,"properties":{"OBJECTID":187387,"PRIMENAME":"Eaton Terrace","ELEVTYP_F":0,"ELEVTYP_T":0},"geometry":{"type":"LineString","coordinates":[[-73.99782949423,40.2667217955153],[-73.9978055427918,40.2668107193846],[-73.9976968314415,40.2672153602327],[-73.9976147857183,40.2673723056975],[-73.9975471527521,40.2675817466579]]}},{"type":"Feature","id":187447,"properties":{"OBJECTID":187447,"PRIMENAME":"Columbia Avenue","ELEVTYP_F":0,"ELEVTYP_T":0},"geometry":{"type":"LineString","coordinates":[[-73.9800926298901,40.3232356328593],[-73.9813225074211,40.3231634652552],[-73.9817480152888,40.323136986433]]}},{"type":"Feature","id":187556,"properties":{"OBJECTID":187556,"PRIMENAME":"Baker Place","ELEVTYP_F":0,"ELEVTYP_T":0},"geometry":{"type":"LineString","coordinates":[[-73.9810124302965,40.3143032323001],[-73.9811101961809,40.3142930467281],[-73.9822941107324,40.3141696554276],[-73.9824205884761,40.3141564683564]]}},{"type":"Feature","id":187595,"properties":{"OBJECTID":187595,"PRIMENAME":"Grand Avenue","ELEVTYP_F":0,"ELEVTYP_T":0},"geometry":{"type":"LineString","coordinates":[[-74.0050619871505,40.3030222480796],[-74.0051483034721,40.3031336341305]]}},{"type":"Feature","id":187618,"properties":{"OBJECTID":187618,"PRIMENAME":"Unnamed Segment","ELEVTYP_F":0,"ELEVTYP_T":0},"geometry":{"type":"LineString","coordinates":[[-74.0077867570047,40.2818261511539],[-74.00783161673,40.2816090242637],[-74.0078693444069,40.281305363954],[-74.0078946063815,40.2810878078099],[-74.0078844742305,40.2808519627153],[-74.0078326034991,40.2806567526272],[-74.0077332016038,40.2804840144413],[-74.007527294023,40.2803017523543],[-74.0073147789906,40.2802146895408],[-74.0068593521379,40.2801492645575],[-74.006676891255,40.2801513977152]]}},{"type":"Feature","id":187718,"properties":{"OBJECTID":187718,"PRIMENAME":"Norwood Avenue","ELEVTYP_F":0,"ELEVTYP_T":0},"geometry":{"type":"LineString","coordinates":[[-74.0003719893368,40.2640539815325],[-74.0005452030192,40.2646845117074],[-74.0006680192933,40.2651274735748]]}},{"type":"Feature","id":187811,"properties":{"OBJECTID":187811,"PRIMENAME":"Van Dyke Place","ELEVTYP_F":0,"ELEVTYP_T":0},"geometry":{"type":"LineString","coordinates":[[-73.9873888636173,40.3022524574205],[-73.9874744459216,40.3022530833637],[-73.9877147718601,40.3022548340638],[-73.9891363967916,40.302265183069],[-73.9892177491013,40.3022657890442]]}},{"type":"Feature","id":187968,"properties":{"OBJECTID":187968,"PRIMENAME":"Winhar Place","ELEVTYP_F":0,"ELEVTYP_T":0},"geometry":{"type":"LineString","coordinates":[[-74.000365812001,40.319823166972],[-74.0003179717995,40.3197740962246],[-74.0001004483026,40.319550904604],[-73.9999102388131,40.3193446044409],[-73.9998422749222,40.3192717826976]]}},{"type":"Feature","id":187984,"properties":{"OBJECTID":187984,"PRIMENAME":"Atlantic Avenue","ELEVTYP_F":0,"ELEVTYP_T":0},"geometry":{"type":"LineString","coordinates":[[-73.9906866845687,40.3181129743674],[-73.990609894945,40.3181565314693],[-73.9903952169769,40.318243554714],[-73.9902726439389,40.3182932396982],[-73.9895921109901,40.3185380758311],[-73.9895488230341,40.3185526798835],[-73.9890407331009,40.3187241001275]]}},{"type":"Feature","id":188093,"properties":{"OBJECTID":188093,"PRIMENAME":"Old Farm Road","ELEVTYP_F":0,"ELEVTYP_T":0},"geometry":{"type":"LineString","coordinates":[[-74.0099253397515,40.2743385601907],[-74.0100133033408,40.2743322074659],[-74.0101378062941,40.2743232083091],[-74.0102810858642,40.2742999859757],[-74.0104182330118,40.2742624359083],[-74.0108051086286,40.2741115747687],[-74.0114512182002,40.2738858191784]]}},{"type":"Feature","id":188140,"properties":{"OBJECTID":188140,"PRIMENAME":"Shore Drive","ELEVTYP_F":0,"ELEVTYP_T":0},"geometry":{"type":"LineString","coordinates":[[-73.9915619864899,40.3226256983508],[-73.9915524218013,40.3226241810406],[-73.9913634212848,40.3225941806966],[-73.9907724189389,40.3225181809075],[-73.9907064209,40.3225051803354],[-73.9906454207396,40.3224861808603],[-73.9905974206185,40.322465181506],[-73.9904084202228,40.3223291807356]]}},{"type":"Feature","id":188290,"properties":{"OBJECTID":188290,"PRIMENAME":"Hobart Manor","ELEVTYP_F":0,"ELEVTYP_T":0},"geometry":{"type":"LineString","coordinates":[[-73.979269607585,40.3135191962266],[-73.9790008946202,40.3135307018238],[-73.978486878954,40.3135527097758],[-73.9783358080301,40.3135591780496]]}},{"type":"Feature","id":188363,"properties":{"OBJECTID":188363,"PRIMENAME":"Garfield Avenue","ELEVTYP_F":0,"ELEVTYP_T":0},"geometry":{"type":"LineString","coordinates":[[-73.9851491797575,40.3027497162893],[-73.9873472577846,40.3026099734974],[-73.987436689169,40.3026042749992]]}},{"type":"Feature","id":188387,"properties":{"OBJECTID":188387,"PRIMENAME":"3rd Avenue","ELEVTYP_F":0,"ELEVTYP_T":0},"geometry":{"type":"LineString","coordinates":[[-73.9873888636173,40.3022524574205],[-73.987436689169,40.3026042749992]]}},{"type":"Feature","id":188421,"properties":{"OBJECTID":188421,"PRIMENAME":"Navesink Court","ELEVTYP_F":0,"ELEVTYP_T":0},"geometry":{"type":"LineString","coordinates":[[-73.9921414206983,40.3235741806085],[-73.9921754205655,40.3238631812557]]}},{"type":"Feature","id":188521,"properties":{"OBJECTID":188521,"PRIMENAME":"Broadway","ELEVTYP_F":0,"ELEVTYP_T":0},"geometry":{"type":"LineString","coordinates":[[-74.0032696961141,40.2995794399856],[-74.0029942901783,40.2996310934127]]}},{"type":"Feature","id":188784,"properties":{"OBJECTID":188784,"PRIMENAME":"Norwood Avenue","ELEVTYP_F":0,"ELEVTYP_T":0},"geometry":{"type":"LineString","coordinates":[[-74.0006680192933,40.2651274735748],[-74.0007406621031,40.2653895602274],[-74.000894655053,40.2659296496074]]}},{"type":"Feature","id":188818,"properties":{"OBJECTID":188818,"PRIMENAME":"Ocean Boulevard","ELEVTYP_F":0,"ELEVTYP_T":0},"geometry":{"type":"LineString","coordinates":[[-73.9812607840674,40.2972681460998],[-73.9813053198096,40.2970609729457],[-73.9815059227414,40.2960610233761],[-73.9815571709922,40.2958102856172]]}},{"type":"Feature","id":189398,"properties":{"OBJECTID":189398,"PRIMENAME":"Hobart Manor","ELEVTYP_F":0,"ELEVTYP_T":0},"geometry":{"type":"LineString","coordinates":[[-73.9810022503922,40.3134312822644],[-73.9802186572729,40.313476354559]]}},{"type":"Feature","id":189489,"properties":{"OBJECTID":189489,"PRIMENAME":"Valentine Street","ELEVTYP_F":0,"ELEVTYP_T":0},"geometry":{"type":"LineString","coordinates":[[-73.9825679736692,40.3252185448025],[-73.9834408522267,40.325088240446]]}},{"type":"Feature","id":189628,"properties":{"OBJECTID":189628,"PRIMENAME":"Cedar Avenue","ELEVTYP_F":0,"ELEVTYP_T":0},"geometry":{"type":"LineString","coordinates":[[-74.0006058692449,40.2816059695793],[-74.000001841382,40.281563885063]]}},{"type":"Feature","id":189630,"properties":{"OBJECTID":189630,"PRIMENAME":"Upton Avenue","ELEVTYP_F":0,"ELEVTYP_T":0},"geometry":{"type":"LineString","coordinates":[[-74.011913845757,40.2987648767018],[-74.011918415524,40.2986677978282],[-74.0119624954389,40.2977338976349],[-74.0119657532164,40.2976648146742]]}},{"type":"Feature","id":189637,"properties":{"OBJECTID":189637,"PRIMENAME":"Werah Place","ELEVTYP_F":0,"ELEVTYP_T":0},"geometry":{"type":"LineString","coordinates":[[-74.0044234362176,40.3163853453746],[-74.0034122853515,40.3169233235243],[-74.0021636906796,40.3176140859432],[-74.0017911748893,40.3178191681539]]}},{"type":"Feature","id":189800,"properties":{"OBJECTID":189800,"PRIMENAME":"2nd Avenue","ELEVTYP_F":0,"ELEVTYP_T":0},"geometry":{"type":"LineString","coordinates":[[-73.9866540155974,40.2832675676974],[-73.9874214160098,40.2833491723315],[-73.9874484170892,40.2833431728596],[-73.9875474170691,40.2832871733092],[-73.9876334165743,40.2832631732962]]}},{"type":"Feature","id":189971,"properties":{"OBJECTID":189971,"PRIMENAME":"Rivergate Way","ELEVTYP_F":0,"ELEVTYP_T":0},"geometry":{"type":"LineString","coordinates":[[-73.9926804207332,40.3243641809189],[-73.9935644203648,40.3243071800959],[-73.9936034201075,40.324315181111],[-73.9936354196173,40.3243341808768],[-73.9936574198425,40.3243601817796],[-73.9936784213715,40.3244311803717],[-73.9937104200929,40.3244751813599],[-73.9937574220997,40.3245111808429],[-73.9938174214942,40.3245351810299],[-73.9938834213926,40.3245441809325],[-73.9944244231616,40.3245071799695],[-73.9946094214973,40.3244801815721]]}},{"type":"Feature","id":190173,"properties":{"OBJECTID":190173,"PRIMENAME":"Monmouth Boulevard","ELEVTYP_F":0,"ELEVTYP_T":0},"geometry":{"type":"LineString","coordinates":[[-74.0126068029303,40.3223673719394],[-74.0126924754488,40.322378988347],[-74.0130906315065,40.3224330983026],[-74.0133084087344,40.322448290112],[-74.0133469788558,40.3224500960719]]}},{"type":"Feature","id":190343,"properties":{"OBJECTID":190343,"PRIMENAME":"Lenox Avenue","ELEVTYP_F":0,"ELEVTYP_T":0},"geometry":{"type":"LineString","coordinates":[[-73.9928598141175,40.2828553930804],[-73.9929510362492,40.28285579287],[-73.9932002582607,40.2828282797752],[-73.9933932425378,40.2828148224105],[-73.993554970613,40.2828155304039],[-73.9937229717028,40.2828305681028],[-73.9939032688061,40.2828504085221],[-73.9941144643916,40.2828990166452],[-73.9945181476566,40.2830103705316],[-73.9948721872624,40.2831024807507],[-73.9953317917794,40.2832236562373],[-73.9963753496201,40.2834855397676],[-73.9965519547261,40.2835298750599]]}},{"type":"Feature","id":190896,"properties":{"OBJECTID":190896,"PRIMENAME":"Heidl Avenue","ELEVTYP_F":0,"ELEVTYP_T":0},"geometry":{"type":"LineString","coordinates":[[-74.0076611127118,40.297588323044],[-74.0078117724495,40.2975923955735],[-74.0107740200631,40.2976716405237],[-74.0108558568075,40.2976738256864]]}},{"type":"Feature","id":191047,"properties":{"OBJECTID":191047,"PRIMENAME":"Bowyer Avenue","ELEVTYP_F":0,"ELEVTYP_T":0},"geometry":{"type":"LineString","coordinates":[[-73.9954141367438,40.2810915300196],[-73.9954166592871,40.2810173383037],[-73.9954833805879,40.2795735343324],[-73.9954882309779,40.2794851592327]]}},{"type":"Feature","id":191447,"properties":{"OBJECTID":191447,"PRIMENAME":"Armand Zabrano Way","ELEVTYP_F":0,"ELEVTYP_T":0},"geometry":{"type":"LineString","coordinates":[[-73.9947401331234,40.3037624856305],[-73.9942890970977,40.3039645668971]]}},{"type":"Feature","id":192194,"properties":{"OBJECTID":192194,"PRIMENAME":"Eaton Avenue","ELEVTYP_F":0,"ELEVTYP_T":0},"geometry":{"type":"LineString","coordinates":[[-73.9901903822074,40.2690685846653],[-73.9902111929351,40.2689985084565],[-73.9906707702487,40.2674515937909],[-73.9906950918203,40.2673718147785]]}},{"type":"Feature","id":192345,"properties":{"OBJECTID":192345,"PRIMENAME":"Manahassett Pike Drive","ELEVTYP_F":0,"ELEVTYP_T":0},"geometry":{"type":"LineString","coordinates":[[-73.986163165613,40.3232379950861],[-73.9860791726605,40.3232466537245],[-73.9856803472926,40.3232877892562],[-73.9856241815888,40.3233018419077],[-73.9855927608776,40.3233398052462],[-73.9855179454321,40.3233490257654],[-73.9848073365759,40.3234507019673]]}},{"type":"Feature","id":192505,"properties":{"OBJECTID":192505,"PRIMENAME":"Joline Avenue","ELEVTYP_F":0,"ELEVTYP_T":0},"geometry":{"type":"LineString","coordinates":[[-74.0101450096918,40.3043143921036],[-74.0098011235571,40.3042877621725]]}},{"type":"Feature","id":192689,"properties":{"OBJECTID":192689,"PRIMENAME":"Clifton Avenue","ELEVTYP_F":0,"ELEVTYP_T":0},"geometry":{"type":"LineString","coordinates":[[-73.9803992206518,40.3157078889633],[-73.980392033217,40.3156911117069],[-73.9803751117026,40.315666987318],[-73.9803526875642,40.3156122843961],[-73.9803475025706,40.3155401177555],[-73.9803459442353,40.3153784179977],[-73.9803662185531,40.3153347507527],[-73.9803921632989,40.3152999209799],[-73.9804323520574,40.3152782497958],[-73.9804667328725,40.3152609170881],[-73.9805124341627,40.3152545610496],[-73.9809235796088,40.3152520420071],[-73.9810258989394,40.3152514022674]]}},{"type":"Feature","id":192715,"properties":{"OBJECTID":192715,"PRIMENAME":"Larchwood Avenue","ELEVTYP_F":0,"ELEVTYP_T":0},"geometry":{"type":"LineString","coordinates":[[-74.0099253397515,40.2743385601907],[-74.0098963410894,40.2741553859482],[-74.0098320776748,40.2737332283835],[-74.0097656652364,40.2732969500765],[-74.0097064080248,40.2728868104106],[-74.0096228983539,40.2723860297483],[-74.009521717358,40.2717517553808],[-74.0094451700836,40.2711508863824],[-74.0093678994767,40.2706501318426],[-74.0092069211488,40.2696771723055],[-74.0091536996483,40.2692956627569],[-74.0091426641821,40.2692209456092]]}},{"type":"Feature","id":192906,"properties":{"OBJECTID":192906,"PRIMENAME":"Colonial Drive","ELEVTYP_F":0,"ELEVTYP_T":0},"geometry":{"type":"LineString","coordinates":[[-74.0089900355558,40.3165100963961],[-74.0091404946054,40.3164487482026],[-74.0100642847869,40.3160721238266]]}},{"type":"Feature","id":192976,"properties":{"OBJECTID":192976,"PRIMENAME":"Lawrence Avenue","ELEVTYP_F":0,"ELEVTYP_T":0},"geometry":{"type":"LineString","coordinates":[[-74.0080122589054,40.2628900449385],[-74.0081174668708,40.2628904921867],[-74.0084722486175,40.2628681708324],[-74.0092378176752,40.2628237632899]]}},{"type":"Feature","id":193051,"properties":{"OBJECTID":193051,"PRIMENAME":"Woodgate Avenue","ELEVTYP_F":0,"ELEVTYP_T":0},"geometry":{"type":"LineString","coordinates":[[-73.9966703984967,40.2805561116919],[-73.9966507636993,40.2799122448528],[-73.9966491691135,40.2798662555845]]}},{"type":"Feature","id":193101,"properties":{"OBJECTID":193101,"PRIMENAME":"Pleasant Place","ELEVTYP_F":0,"ELEVTYP_T":0},"geometry":{"type":"LineString","coordinates":[[-73.9991389203561,40.2603774574694],[-73.998838622467,40.2612195469491]]}},{"type":"Feature","id":193154,"properties":{"OBJECTID":193154,"PRIMENAME":"Larchwood Avenue","ELEVTYP_F":0,"ELEVTYP_T":0},"geometry":{"type":"LineString","coordinates":[[-74.0089500632469,40.2677897832364],[-74.0089294160829,40.2676170763723],[-74.0088474695718,40.2669018165681],[-74.008823788867,40.2666976636445]]}},{"type":"Feature","id":193395,"properties":{"OBJECTID":193395,"PRIMENAME":"Pleasant Place","ELEVTYP_F":0,"ELEVTYP_T":0},"geometry":{"type":"LineString","coordinates":[[-73.999462517825,40.2594700499335],[-73.9994282698669,40.2595660674828],[-73.9992870952743,40.2599619496831],[-73.9991389203561,40.2603774574694]]}},{"type":"Feature","id":193565,"properties":{"OBJECTID":193565,"PRIMENAME":"Chelton Avenue","ELEVTYP_F":0,"ELEVTYP_T":0},"geometry":{"type":"LineString","coordinates":[[-73.9847933762923,40.3159783437067],[-73.985393081904,40.3159109573296]]}},{"type":"Feature","id":193677,"properties":{"OBJECTID":193677,"PRIMENAME":"Gerard Avenue","ELEVTYP_F":0,"ELEVTYP_T":0},"geometry":{"type":"LineString","coordinates":[[-74.0023767638338,40.2968178924884],[-74.002447977755,40.2968065865764],[-74.0028280988077,40.2967462607642],[-74.0029341066057,40.2967228884349],[-74.0030151266311,40.296699407774],[-74.0031088329344,40.2966569299171],[-74.003252511451,40.2965860067035],[-74.0036028363366,40.2963444766582],[-74.0043157458892,40.2958852117259],[-74.0050819724329,40.2953845807248]]}},{"type":"Feature","id":193760,"properties":{"OBJECTID":193760,"PRIMENAME":"Norwood Avenue","ELEVTYP_F":0,"ELEVTYP_T":0},"geometry":{"type":"LineString","coordinates":[[-74.0012768218424,40.267290224652],[-74.0013130687293,40.2674197898911]]}},{"type":"Feature","id":194128,"properties":{"OBJECTID":194128,"PRIMENAME":"Grand Avenue","ELEVTYP_F":0,"ELEVTYP_T":0},"geometry":{"type":"LineString","coordinates":[[-74.0051483034721,40.3031336341305],[-74.0054892403424,40.3035736660639]]}},{"type":"Feature","id":194400,"properties":{"OBJECTID":194400,"PRIMENAME":"Howard Avenue","ELEVTYP_F":0,"ELEVTYP_T":0},"geometry":{"type":"LineString","coordinates":[[-74.0077383903134,40.2753646103545],[-74.0063978422462,40.2755390958849]]}},{"type":"Feature","id":194726,"properties":{"OBJECTID":194726,"PRIMENAME":"Sunset Avenue","ELEVTYP_F":0,"ELEVTYP_T":0},"geometry":{"type":"LineString","coordinates":[[-73.9913532628141,40.3235166550997],[-73.9917724200107,40.3234781805149]]}},{"type":"Feature","id":194902,"properties":{"OBJECTID":194902,"PRIMENAME":"Howland Avenue","ELEVTYP_F":0,"ELEVTYP_T":0},"geometry":{"type":"LineString","coordinates":[[-73.9835587981598,40.2875109333335],[-73.9834392804964,40.2875158632041]]}},{"type":"Feature","id":194942,"properties":{"OBJECTID":194942,"PRIMENAME":"Division Street","ELEVTYP_F":0,"ELEVTYP_T":0},"geometry":{"type":"LineString","coordinates":[[-73.995239788279,40.2989113565591],[-73.9956243660125,40.2985001272086]]}},{"type":"Feature","id":195105,"properties":{"OBJECTID":195105,"PRIMENAME":"Chelton Way","ELEVTYP_F":0,"ELEVTYP_T":0},"geometry":{"type":"LineString","coordinates":[[-73.9881113470818,40.315471429708],[-73.9882278201105,40.3155912241687]]}},{"type":"Feature","id":195276,"properties":{"OBJECTID":195276,"PRIMENAME":"Park Avenue","ELEVTYP_F":0,"ELEVTYP_T":0},"geometry":{"type":"LineString","coordinates":[[-74.0048300653178,40.2700804391326],[-74.0040334686808,40.2702499889826],[-74.0035026222945,40.2703629720628],[-74.0029604952643,40.2704750657316],[-74.0029436230262,40.270478358132],[-74.0023872596794,40.2705869411216],[-74.0021967819714,40.2706100659521]]}},{"type":"Feature","id":196127,"properties":{"OBJECTID":196127,"PRIMENAME":"Monmouth Road","ELEVTYP_F":0,"ELEVTYP_T":0},"geometry":{"type":"LineString","coordinates":[[-74.011823327305,40.2606993776234],[-74.0121309012407,40.2615203176696],[-74.0123200924133,40.2620310692092],[-74.0125478761313,40.2626372146519]]}},{"type":"Feature","id":196182,"properties":{"OBJECTID":196182,"PRIMENAME":"Lincoln Avenue","ELEVTYP_F":0,"ELEVTYP_T":0},"geometry":{"type":"LineString","coordinates":[[-73.9893608726124,40.263960646939],[-73.9895332971245,40.2639911935038],[-73.9909685642071,40.2642453279716],[-73.9911131859067,40.2642705611595]]}},{"type":"Feature","id":196253,"properties":{"OBJECTID":196253,"PRIMENAME":"Ocean Boulevard","ELEVTYP_F":0,"ELEVTYP_T":0},"geometry":{"type":"LineString","coordinates":[[-73.9829602267174,40.290393041066],[-73.9830025899628,40.2902230184696]]}},{"type":"Feature","id":196269,"properties":{"OBJECTID":196269,"PRIMENAME":"Unnamed Segment","ELEVTYP_F":0,"ELEVTYP_T":0},"geometry":{"type":"LineString","coordinates":[[-73.9875294174795,40.2821931726046],[-73.9875094165095,40.2819331724103],[-73.9875164161549,40.2819021720672],[-73.9875374163124,40.2818921713794],[-73.987868415486,40.2818611725932],[-73.9878687413844,40.2818611533205],[-73.9879334163363,40.2818571722323]]}},{"type":"Feature","id":196393,"properties":{"OBJECTID":196393,"PRIMENAME":"Lippincott Avenue","ELEVTYP_F":0,"ELEVTYP_T":0},"geometry":{"type":"LineString","coordinates":[[-73.9947169703311,40.3083628573511],[-73.9945454241281,40.3081701907444],[-73.9935513607117,40.307064878355],[-73.993508432682,40.3070177473113]]}},{"type":"Feature","id":196452,"properties":{"OBJECTID":196452,"PRIMENAME":"East Chestnut Place","ELEVTYP_F":0,"ELEVTYP_T":0},"geometry":{"type":"LineString","coordinates":[[-74.0119350481963,40.2967051237228],[-74.0120010066138,40.2967321641114],[-74.0120504754649,40.296752443928],[-74.0128204036235,40.2970178008236],[-74.0129120300243,40.2970495925672]]}},{"type":"Feature","id":196627,"properties":{"OBJECTID":196627,"PRIMENAME":"Jennings Lane","ELEVTYP_F":0,"ELEVTYP_T":0},"geometry":{"type":"LineString","coordinates":[[-73.9988939673319,40.2920593918841],[-73.998782886682,40.291458840427]]}},{"type":"Feature","id":196667,"properties":{"OBJECTID":196667,"PRIMENAME":"Branchport Avenue","ELEVTYP_F":0,"ELEVTYP_T":0},"geometry":{"type":"LineString","coordinates":[[-74.0056918181148,40.3109605901351],[-74.0056005374928,40.3108092582215],[-74.0055803677854,40.3107758198269],[-74.0055269415918,40.3106872452258],[-74.0055205597375,40.3106766667618],[-74.0054503357036,40.3105698522892]]}},{"type":"Feature","id":196938,"properties":{"OBJECTID":196938,"PRIMENAME":"Wertheim Place","ELEVTYP_F":0,"ELEVTYP_T":0},"geometry":{"type":"LineString","coordinates":[[-73.9881877462705,40.2801540527007],[-73.988203115336,40.2801764750745],[-73.9882218925977,40.2802055756068],[-73.988230023949,40.2802394872127],[-73.988237705366,40.2803427413775]]}},{"type":"Feature","id":197063,"properties":{"OBJECTID":197063,"PRIMENAME":"Morris Avenue","ELEVTYP_F":0,"ELEVTYP_T":0},"geometry":{"type":"LineString","coordinates":[[-73.9914618726909,40.2981050708204],[-73.9914273634059,40.2980883650417],[-73.9911791576342,40.2979919607164],[-73.9900743413542,40.2975676827658],[-73.9894785570138,40.297326771016],[-73.9893810833808,40.2972873315729]]}},{"type":"Feature","id":197499,"properties":{"OBJECTID":197499,"PRIMENAME":"Hampton Avenue","ELEVTYP_F":0,"ELEVTYP_T":0},"geometry":{"type":"LineString","coordinates":[[-74.0020062996256,40.3017107613331],[-74.0018890909387,40.3017155274086],[-74.0005191900494,40.301771581141],[-74.0004150999322,40.3017766491383]]}},{"type":"Feature","id":197572,"properties":{"OBJECTID":197572,"PRIMENAME":"Morris Avenue","ELEVTYP_F":0,"ELEVTYP_T":0},"geometry":{"type":"LineString","coordinates":[[-73.9818086999919,40.2986602268913],[-73.9815630329074,40.2987022813123],[-73.981396248909,40.2987359002136],[-73.9810639704434,40.298802879185]]}},{"type":"Feature","id":197915,"properties":{"OBJECTID":197915,"PRIMENAME":"Broadway","ELEVTYP_F":0,"ELEVTYP_T":0},"geometry":{"type":"LineString","coordinates":[[-73.9978945040474,40.3007418844179],[-73.9971834529169,40.3011311146145],[-73.9970813546654,40.3011870024617]]}},{"type":"Feature","id":197983,"properties":{"OBJECTID":197983,"PRIMENAME":"Cedar Avenue","ELEVTYP_F":0,"ELEVTYP_T":0},"geometry":{"type":"LineString","coordinates":[[-73.9954113795745,40.2811730782068],[-73.9966930358495,40.2812978302672]]}},{"type":"Feature","id":198081,"properties":{"OBJECTID":198081,"PRIMENAME":"Memorial Parkway","ELEVTYP_F":0,"ELEVTYP_T":0},"geometry":{"type":"LineString","coordinates":[[-73.9849483567444,40.3019463983237],[-73.985118545429,40.3026334303432],[-73.9851491797575,40.3027497162893]]}},{"type":"Feature","id":198754,"properties":{"OBJECTID":198754,"PRIMENAME":"Riverdale Avenue","ELEVTYP_F":0,"ELEVTYP_T":0},"geometry":{"type":"LineString","coordinates":[[-73.9805440838884,40.3283681041399],[-73.9803059145915,40.327886103764],[-73.9801188896317,40.3275033514162]]}},{"type":"Feature","id":198894,"properties":{"OBJECTID":198894,"PRIMENAME":"Hearn Avenue","ELEVTYP_F":0,"ELEVTYP_T":0},"geometry":{"type":"LineString","coordinates":[[-73.9824442133512,40.3142796683799],[-73.9825424816702,40.3147925824738],[-73.9825475734481,40.3148191511536]]}},{"type":"Feature","id":199157,"properties":{"OBJECTID":199157,"PRIMENAME":"Sampson Place","ELEVTYP_F":0,"ELEVTYP_T":0},"geometry":{"type":"LineString","coordinates":[[-73.9840979199197,40.3122707310153],[-73.9839584577193,40.3122659092489],[-73.9820414146413,40.3122002144065],[-73.982014624556,40.3122005889176],[-73.9819909875707,40.3122058906161],[-73.9819719866896,40.3122238960983],[-73.981950446762,40.3122599267315],[-73.9819288305844,40.312310397226],[-73.9819049599826,40.3123464165121],[-73.9818717201881,40.3123787984155],[-73.9818290609153,40.3124002672091],[-73.981784103341,40.3124127209399],[-73.9817486695619,40.3124179706452],[-73.9816920611614,40.3124159049201],[-73.9815670878523,40.3124063131679],[-73.9813123718442,40.3123871078749],[-73.9812511203694,40.3123824956791]]}},{"type":"Feature","id":199366,"properties":{"OBJECTID":199366,"PRIMENAME":"3rd Avenue","ELEVTYP_F":0,"ELEVTYP_T":0},"geometry":{"type":"LineString","coordinates":[[-73.9875167968922,40.2976400290829],[-73.9875220164296,40.2976088390081],[-73.9875481935703,40.2974373796528],[-73.9875628921406,40.296317426266],[-73.9875619943724,40.2961326424011]]}},{"type":"Feature","id":199420,"properties":{"OBJECTID":199420,"PRIMENAME":"Hollywood Avenue","ELEVTYP_F":0,"ELEVTYP_T":0},"geometry":{"type":"LineString","coordinates":[[-73.9921644304973,40.2841708166643],[-73.9913986652499,40.2840690920918],[-73.990149119466,40.2838872120461],[-73.9898456232364,40.2838430218104]]}},{"type":"Feature","id":199473,"properties":{"OBJECTID":199473,"PRIMENAME":"Halberton Place","ELEVTYP_F":0,"ELEVTYP_T":0},"geometry":{"type":"LineString","coordinates":[[-73.992158140272,40.3077105372536],[-73.9929840781374,40.3072867867577]]}},{"type":"Feature","id":199502,"properties":{"OBJECTID":199502,"PRIMENAME":"Michael Avenue","ELEVTYP_F":0,"ELEVTYP_T":0},"geometry":{"type":"LineString","coordinates":[[-74.0058604167988,40.2601575545789],[-74.0058408657255,40.2602737864397],[-74.0057225759668,40.2609784758663]]}},{"type":"Feature","id":199519,"properties":{"OBJECTID":199519,"PRIMENAME":"South Lincoln Avenue","ELEVTYP_F":0,"ELEVTYP_T":0},"geometry":{"type":"LineString","coordinates":[[-73.9984708786766,40.2640994273039],[-73.9985100624156,40.2640876273068],[-73.9986098563624,40.2640547054795],[-73.9987220841707,40.2640218095074],[-73.9988092318969,40.2640174377888],[-73.9988853049629,40.2640193857359]]}},{"type":"Feature","id":199526,"properties":{"OBJECTID":199526,"PRIMENAME":"West Campbell Avenue","ELEVTYP_F":0,"ELEVTYP_T":0},"geometry":{"type":"LineString","coordinates":[[-74.0050802148731,40.2935516770381],[-74.0052150175765,40.2934873296064],[-74.0057081055493,40.2932517686746],[-74.006132439862,40.2930490501123]]}},{"type":"Feature","id":199543,"properties":{"OBJECTID":199543,"PRIMENAME":"Elinore Place","ELEVTYP_F":0,"ELEVTYP_T":0},"geometry":{"type":"LineString","coordinates":[[-73.9998422749222,40.3192717826976],[-73.9997845962905,40.3193021141367],[-73.9989375940435,40.3197471520009],[-73.9987993724255,40.3198197674406]]}},{"type":"Feature","id":199609,"properties":{"OBJECTID":199609,"PRIMENAME":"Eldora Terrace","ELEVTYP_F":0,"ELEVTYP_T":0},"geometry":{"type":"LineString","coordinates":[[-73.9978956022947,40.310932537084],[-73.9977992377367,40.3109724465763],[-73.9971247624876,40.3112554839688]]}},{"type":"Feature","id":199634,"properties":{"OBJECTID":199634,"PRIMENAME":"Seaview Avenue","ELEVTYP_F":0,"ELEVTYP_T":0},"geometry":{"type":"LineString","coordinates":[[-73.9768563864741,40.3281380190096],[-73.9768909810646,40.3278849857463],[-73.9770495350322,40.3266842406737],[-73.9770608104432,40.3265989160462]]}},{"type":"Feature","id":199729,"properties":{"OBJECTID":199729,"PRIMENAME":"River Lane","ELEVTYP_F":0,"ELEVTYP_T":0},"geometry":{"type":"LineString","coordinates":[[-74.002021289818,40.3110168317436],[-74.0020845624992,40.3111172759437],[-74.0023532637966,40.311542154712]]}},{"type":"Feature","id":199765,"properties":{"OBJECTID":199765,"PRIMENAME":"Lake Avenue","ELEVTYP_F":0,"ELEVTYP_T":0},"geometry":{"type":"LineString","coordinates":[[-73.995530138632,40.2780439333263],[-73.9955135116968,40.2780321144148],[-73.9954723644942,40.2780177144725],[-73.9954145747024,40.2780095843964],[-73.9952255289141,40.2780057624539]]}},{"type":"Feature","id":199975,"properties":{"OBJECTID":199975,"PRIMENAME":"Old Farm Road","ELEVTYP_F":0,"ELEVTYP_T":0},"geometry":{"type":"LineString","coordinates":[[-74.0126578614699,40.2703607139342],[-74.0123010167211,40.2702907727622],[-74.011555443049,40.2701446559512],[-74.0114558862767,40.2701442356697],[-74.0113688363992,40.2701390919027],[-74.0112691425041,40.2701577225963],[-74.0111755816483,40.2701907095541],[-74.0110880147465,40.2702522988825],[-74.0110315902571,40.2703140206449],[-74.0109874301655,40.2703996221363],[-74.0109682793399,40.2704710267853],[-74.0109797865138,40.2705949948648],[-74.0111638807664,40.2718158604126],[-74.011294743179,40.2726504669183],[-74.0113305786297,40.272860325732],[-74.0113600050856,40.2730939862803],[-74.011401595142,40.2733658295029],[-74.0114186208941,40.2735946605427],[-74.0114348941452,40.2737400069351],[-74.0114512182002,40.2738858191784]]}},{"type":"Feature","id":199993,"properties":{"OBJECTID":199993,"PRIMENAME":"Wilson Avenue","ELEVTYP_F":0,"ELEVTYP_T":0},"geometry":{"type":"LineString","coordinates":[[-74.0027417496046,40.2623984947926],[-74.0028786957811,40.2615531961166]]}},{"type":"Feature","id":200030,"properties":{"OBJECTID":200030,"PRIMENAME":"Juska Lane","ELEVTYP_F":0,"ELEVTYP_T":0},"geometry":{"type":"LineString","coordinates":[[-74.0034709630014,40.3008809482341],[-74.0034642982339,40.3008167919079],[-74.0033944992509,40.3001444648056],[-74.0033911521213,40.3001119195822]]}},{"type":"Feature","id":200361,"properties":{"OBJECTID":200361,"PRIMENAME":"Oakwood Avenue","ELEVTYP_F":0,"ELEVTYP_T":0},"geometry":{"type":"LineString","coordinates":[[-74.0035203894023,40.2920563464786],[-74.0035818916703,40.2921124764478],[-74.0040703216019,40.2925577853131],[-74.004323571691,40.2927926536793]]}},{"type":"Feature","id":200372,"properties":{"OBJECTID":200372,"PRIMENAME":"Patten Avenue","ELEVTYP_F":0,"ELEVTYP_T":0},"geometry":{"type":"LineString","coordinates":[[-73.9917269780809,40.3219221407771],[-73.9916782088913,40.3221301315873]]}},{"type":"Feature","id":200431,"properties":{"OBJECTID":200431,"PRIMENAME":"Drew Court","ELEVTYP_F":0,"ELEVTYP_T":0},"geometry":{"type":"LineString","coordinates":[[-73.9797355791934,40.3267160353155],[-73.9798230265645,40.3267019893104],[-73.980371698788,40.3266138639786],[-73.980577436448,40.32658146111],[-73.9806646304288,40.3265818526004],[-73.9807766051977,40.3265966576285],[-73.9808884340678,40.3266305134084],[-73.9809752985002,40.3266737832799],[-73.9812042140912,40.3268606869396]]}},{"type":"Feature","id":200596,"properties":{"OBJECTID":200596,"PRIMENAME":"Comanche Drive","ELEVTYP_F":0,"ELEVTYP_T":0},"geometry":{"type":"LineString","coordinates":[[-74.0000992930036,40.3250268592135],[-74.0000373362368,40.3246982382922],[-73.9999561968248,40.3243102929911]]}},{"type":"Feature","id":200675,"properties":{"OBJECTID":200675,"PRIMENAME":"Brighton Avenue","ELEVTYP_F":0,"ELEVTYP_T":0},"geometry":{"type":"LineString","coordinates":[[-73.99454781267,40.2863138739207],[-73.9934012850717,40.2857036496695],[-73.9927132496634,40.2853336550272],[-73.9925210425397,40.2852374980487],[-73.9924032173142,40.2851845474996],[-73.9922913794294,40.2851602280576],[-73.9919059332402,40.285106102383],[-73.9900719132472,40.2848549730849],[-73.989757647484,40.2848169938398]]}},{"type":"Feature","id":200780,"properties":{"OBJECTID":200780,"PRIMENAME":"Grant Street","ELEVTYP_F":0,"ELEVTYP_T":0},"geometry":{"type":"LineString","coordinates":[[-73.9793400542352,40.3064269284802],[-73.979297108683,40.3070184338614]]}},{"type":"Feature","id":200958,"properties":{"OBJECTID":200958,"PRIMENAME":"2nd Avenue","ELEVTYP_F":0,"ELEVTYP_T":0},"geometry":{"type":"LineString","coordinates":[[-73.9868891985482,40.2823844257284],[-73.9867280162435,40.2829896641086]]}},{"type":"Feature","id":201536,"properties":{"OBJECTID":201536,"PRIMENAME":"Bridle Drive","ELEVTYP_F":0,"ELEVTYP_T":0},"geometry":{"type":"LineString","coordinates":[[-74.0157721466712,40.2760814103225],[-74.0156942245356,40.2756497005504],[-74.0156636953226,40.2755733101306],[-74.0155957503576,40.2755015401844],[-74.0155027966449,40.2754487171856],[-74.0154095356076,40.2754340241443],[-74.0152975351493,40.2754335550419],[-74.0151666566016,40.2754616117523],[-74.0150233759934,40.2754848671451],[-74.014911341914,40.2754890917771],[-74.0147247540044,40.2754788110297],[-74.0134934291382,40.275378327074],[-74.0133877326562,40.2753683563282],[-74.0132881353226,40.2753726866297],[-74.0130265149762,40.2754096892912],[-74.0129703270043,40.2754380857482],[-74.0129387727954,40.2754999130574]]}},{"type":"Feature","id":201820,"properties":{"OBJECTID":201820,"PRIMENAME":"Shrewsbury Avenue","ELEVTYP_F":0,"ELEVTYP_T":0},"geometry":{"type":"LineString","coordinates":[[-74.0108397576645,40.3190819239198],[-74.0106558150931,40.3190215199211],[-74.0102677875003,40.3188940933263],[-74.0100599956507,40.3188386932271],[-74.0099341910136,40.3188129870459],[-74.0098520475491,40.3188000658909],[-74.0096605412533,40.3187740810165],[-74.0095127627629,40.3187567086643],[-74.0092828232068,40.3187389606135],[-74.0087679811117,40.3187158020044],[-74.008554405455,40.3187064944803],[-74.0084614228089,40.3186997858427]]}},{"type":"Feature","id":202281,"properties":{"OBJECTID":202281,"PRIMENAME":"Albert Place","ELEVTYP_F":0,"ELEVTYP_T":0},"geometry":{"type":"LineString","coordinates":[[-74.0012768218424,40.267290224652],[-74.0011743088656,40.267273310569],[-74.0006207251389,40.2671820328773]]}},{"type":"Feature","id":202443,"properties":{"OBJECTID":202443,"PRIMENAME":"Comanche Drive","ELEVTYP_F":0,"ELEVTYP_T":0},"geometry":{"type":"LineString","coordinates":[[-74.0006556676952,40.327894040408],[-74.0005175697528,40.3271790342046]]}},{"type":"Feature","id":202567,"properties":{"OBJECTID":202567,"PRIMENAME":"Morrell Street","ELEVTYP_F":0,"ELEVTYP_T":0},"geometry":{"type":"LineString","coordinates":[[-73.9985281525238,40.2982798180251],[-73.9986732037466,40.2988634748949],[-73.9987872992462,40.299325049271],[-73.9988666250552,40.2996459567928],[-73.9989755320104,40.3000705904951],[-73.9989984292116,40.3001599087947]]}},{"type":"Feature","id":202618,"properties":{"OBJECTID":202618,"PRIMENAME":"Lockwood Avenue","ELEVTYP_F":0,"ELEVTYP_T":0},"geometry":{"type":"LineString","coordinates":[[-73.9941254774444,40.2752801204448],[-73.996374340546,40.2752356024095],[-73.9964752125896,40.2752335979089]]}},{"type":"Feature","id":202835,"properties":{"OBJECTID":202835,"PRIMENAME":"River Street","ELEVTYP_F":0,"ELEVTYP_T":0},"geometry":{"type":"LineString","coordinates":[[-74.0026661975915,40.3140769675564],[-74.0029813086553,40.3144347589122],[-74.0030288134932,40.3144887258247],[-74.0031443063273,40.3146199367407],[-74.0032693333266,40.3147505138864],[-74.0032703292708,40.3147515611218]]}},{"type":"Feature","id":202889,"properties":{"OBJECTID":202889,"PRIMENAME":"Coral Place","ELEVTYP_F":0,"ELEVTYP_T":0},"geometry":{"type":"LineString","coordinates":[[-73.9854122800125,40.292599511859],[-73.9854703516795,40.2925116244797],[-73.9855214159326,40.2923901752947],[-73.9859754172807,40.2912841750529],[-73.9860704157029,40.2910241742982],[-73.9860794154294,40.2909701747492],[-73.9860624148891,40.2909321742965],[-73.9860114171779,40.2907881737973]]}},{"type":"Feature","id":203273,"properties":{"OBJECTID":203273,"PRIMENAME":"Pavilion Avenue","ELEVTYP_F":0,"ELEVTYP_T":0},"geometry":{"type":"LineString","coordinates":[[-73.9833905723826,40.2968789337336],[-73.9829146263018,40.2969592195517],[-73.9813812609688,40.2972431012259],[-73.9812607840674,40.2972681460998]]}},{"type":"Feature","id":203436,"properties":{"OBJECTID":203436,"PRIMENAME":"Atlantic Avenue","ELEVTYP_F":0,"ELEVTYP_T":0},"geometry":{"type":"LineString","coordinates":[[-73.9870997943992,40.3193885510565],[-73.9869714597972,40.3194327562197],[-73.9855357116909,40.3199172492484],[-73.985533520177,40.3199177889014]]}},{"type":"Feature","id":203445,"properties":{"OBJECTID":203445,"PRIMENAME":"Unnamed Segment","ELEVTYP_F":0,"ELEVTYP_T":0},"geometry":{"type":"LineString","coordinates":[[-73.9981064191179,40.2892661733064],[-73.9985654192707,40.2895151737564],[-73.9986404202903,40.2895541739835]]}},{"type":"Feature","id":203489,"properties":{"OBJECTID":203489,"PRIMENAME":"Shrewsbury Avenue","ELEVTYP_F":0,"ELEVTYP_T":0},"geometry":{"type":"LineString","coordinates":[[-73.9946218254812,40.2780284718697],[-73.9946053515822,40.2780487134234],[-73.9945988803627,40.2780897805158],[-73.9945790625497,40.2785322507999],[-73.9945323669774,40.2794312161263],[-73.9945216478858,40.2795373544968]]}},{"type":"Feature","id":203501,"properties":{"OBJECTID":203501,"PRIMENAME":"Victor Avenue","ELEVTYP_F":0,"ELEVTYP_T":0},"geometry":{"type":"LineString","coordinates":[[-74.0092813361594,40.2998541856616],[-74.0081217343205,40.2986535578327]]}},{"type":"Feature","id":203509,"properties":{"OBJECTID":203509,"PRIMENAME":"Bath Avenue","ELEVTYP_F":0,"ELEVTYP_T":0},"geometry":{"type":"LineString","coordinates":[[-73.9854122800125,40.292599511859],[-73.9849213987587,40.2927437016835],[-73.9849099032238,40.2927467253545]]}},{"type":"Feature","id":203538,"properties":{"OBJECTID":203538,"PRIMENAME":"Unnamed Segment","ELEVTYP_F":0,"ELEVTYP_T":0},"geometry":{"type":"LineString","coordinates":[[-74.004296544185,40.2826714901955],[-74.0044274646237,40.283319357434],[-74.0045154235845,40.283813669757],[-74.0045807185313,40.2841401892079]]}},{"type":"Feature","id":203591,"properties":{"OBJECTID":203591,"PRIMENAME":"Sternberger Avenue","ELEVTYP_F":0,"ELEVTYP_T":0},"geometry":{"type":"LineString","coordinates":[[-73.9848747012524,40.2803413246624],[-73.9849983915817,40.2803328164163],[-73.986050980913,40.2802605288323]]}},{"type":"Feature","id":203835,"properties":{"OBJECTID":203835,"PRIMENAME":"Shrewsbury Avenue","ELEVTYP_F":0,"ELEVTYP_T":0},"geometry":{"type":"LineString","coordinates":[[-73.9945216478858,40.2795373544968],[-73.9945122029229,40.2796312548491],[-73.9944737904532,40.2797740858305],[-73.9944540519365,40.2799216917285],[-73.9944281466051,40.2800550789649],[-73.9943780655887,40.280931792789],[-73.9943747671097,40.2809897025531]]}},{"type":"Feature","id":203928,"properties":{"OBJECTID":203928,"PRIMENAME":"Wilson Avenue","ELEVTYP_F":0,"ELEVTYP_T":0},"geometry":{"type":"LineString","coordinates":[[-74.0030526701852,40.2604756722872],[-74.0031328407987,40.2599785258275],[-74.0031370524868,40.2599524093453],[-74.0031679810191,40.2598929163813]]}},{"type":"Feature","id":203967,"properties":{"OBJECTID":203967,"PRIMENAME":"Beechwood Avenue","ELEVTYP_F":0,"ELEVTYP_T":0},"geometry":{"type":"LineString","coordinates":[[-74.0046326679274,40.284377502323],[-74.0057736374403,40.2842556072665],[-74.0066097120538,40.2841662777589],[-74.0074217216834,40.2840735172227]]}},{"type":"Feature","id":204070,"properties":{"OBJECTID":204070,"PRIMENAME":"Van Court Avenue","ELEVTYP_F":0,"ELEVTYP_T":0},"geometry":{"type":"LineString","coordinates":[[-73.9988593922108,40.2727394540019],[-73.9988278332683,40.2723489470377]]}},{"type":"Feature","id":204227,"properties":{"OBJECTID":204227,"PRIMENAME":"2nd Avenue","ELEVTYP_F":0,"ELEVTYP_T":0},"geometry":{"type":"LineString","coordinates":[[-73.9861277539547,40.2850770430514],[-73.9859920701695,40.2855273970379],[-73.9859673831374,40.2856157654602]]}},{"type":"Feature","id":204243,"properties":{"OBJECTID":204243,"PRIMENAME":"Branchport Avenue","ELEVTYP_F":0,"ELEVTYP_T":0},"geometry":{"type":"LineString","coordinates":[[-74.0024076981085,40.3038560851844],[-74.0025124971239,40.304194663265],[-74.0025829706968,40.3044213482379],[-74.0026341562443,40.3045859940458],[-74.0026585153542,40.3046576109305],[-74.0027017665637,40.3047054542165],[-74.0028875940546,40.3048301715321],[-74.0030482975654,40.3049484940456]]}},{"type":"Feature","id":204296,"properties":{"OBJECTID":204296,"PRIMENAME":"7th Avenue","ELEVTYP_F":0,"ELEVTYP_T":0},"geometry":{"type":"LineString","coordinates":[[-73.9974673569977,40.3083593539744],[-73.9978889675844,40.3089472857661],[-73.9984601070803,40.309725915369]]}},{"type":"Feature","id":204302,"properties":{"OBJECTID":204302,"PRIMENAME":"Ellis Avenue","ELEVTYP_F":0,"ELEVTYP_T":0},"geometry":{"type":"LineString","coordinates":[[-73.9856049755225,40.3098041631556],[-73.9856267952546,40.3098284328736],[-73.9857136828039,40.3099333907018],[-73.9862128605365,40.3105363902124],[-73.9862647412257,40.3105990468586]]}},{"type":"Feature","id":204466,"properties":{"OBJECTID":204466,"PRIMENAME":"Manahasset Pike Drive","ELEVTYP_F":0,"ELEVTYP_T":0},"geometry":{"type":"LineString","coordinates":[[-73.9860985510486,40.3229044742683],[-73.9852094188947,40.3229611808735],[-73.9849334183243,40.322986181147]]}},{"type":"Feature","id":204527,"properties":{"OBJECTID":204527,"PRIMENAME":"Greens Avenue","ELEVTYP_F":0,"ELEVTYP_T":0},"geometry":{"type":"LineString","coordinates":[[-73.9894579510065,40.2801410826997],[-73.9894587045988,40.279951943714]]}},{"type":"Feature","id":204552,"properties":{"OBJECTID":204552,"PRIMENAME":"Atlantic Avenue","ELEVTYP_F":0,"ELEVTYP_T":0},"geometry":{"type":"LineString","coordinates":[[-73.9999413051122,40.3117790427773],[-73.9988728703616,40.3121779637717],[-73.9988159783764,40.3121995699271]]}},{"type":"Feature","id":204628,"properties":{"OBJECTID":204628,"PRIMENAME":"Grant Street","ELEVTYP_F":0,"ELEVTYP_T":0},"geometry":{"type":"LineString","coordinates":[[-73.9792360886309,40.3088604644689],[-73.9792020418547,40.3098235174828]]}},{"type":"Feature","id":204843,"properties":{"OBJECTID":204843,"PRIMENAME":"Westwood Avenue","ELEVTYP_F":0,"ELEVTYP_T":0},"geometry":{"type":"LineString","coordinates":[[-73.9891463990424,40.2976336747891],[-73.9890823268326,40.2977341412433]]}},{"type":"Feature","id":204931,"properties":{"OBJECTID":204931,"PRIMENAME":"Larchwood Avenue","ELEVTYP_F":0,"ELEVTYP_T":0},"geometry":{"type":"LineString","coordinates":[[-74.0122031632026,40.286676584439],[-74.0121870330234,40.2865967674941],[-74.0118444354482,40.2849033901795],[-74.0118281708455,40.2848271698316]]}},{"type":"Feature","id":205017,"properties":{"OBJECTID":205017,"PRIMENAME":"Jerome Avenue","ELEVTYP_F":0,"ELEVTYP_T":0},"geometry":{"type":"LineString","coordinates":[[-73.9998891052123,40.2612806433606],[-74.0006073326929,40.2613427124484]]}},{"type":"Feature","id":205368,"properties":{"OBJECTID":205368,"PRIMENAME":"Clover Hill Place","ELEVTYP_F":0,"ELEVTYP_T":0},"geometry":{"type":"LineString","coordinates":[[-74.013018769457,40.2692745751489],[-74.0129858034811,40.2693738137316],[-74.0128008473812,40.2699304462682],[-74.0126869077493,40.2702733459008],[-74.0126578614699,40.2703607139342]]}},{"type":"Feature","id":205446,"properties":{"OBJECTID":205446,"PRIMENAME":"Ocean Terrace","ELEVTYP_F":0,"ELEVTYP_T":0},"geometry":{"type":"LineString","coordinates":[[-73.9771258057665,40.3105131086643],[-73.9771983348574,40.3105103345927],[-73.9785348681052,40.3104586617447]]}},{"type":"Feature","id":205576,"properties":{"OBJECTID":205576,"PRIMENAME":"Brighton Avenue","ELEVTYP_F":0,"ELEVTYP_T":0},"geometry":{"type":"LineString","coordinates":[[-73.9863242161901,40.2844250758284],[-73.9857435742963,40.2844545609906],[-73.9854449635973,40.2844752221265]]}},{"type":"Feature","id":206031,"properties":{"OBJECTID":206031,"PRIMENAME":"Unnamed Segment","ELEVTYP_F":0,"ELEVTYP_T":0},"geometry":{"type":"LineString","coordinates":[[-73.9853946847264,40.3095357745819],[-73.9849537551039,40.3096928331002],[-73.9849314350968,40.309736003036],[-73.9850896180631,40.3100104065768],[-73.9851557929408,40.3100197580855],[-73.9855166712797,40.3098529228786],[-73.9856049755225,40.3098041631556]]}},{"type":"Feature","id":206342,"properties":{"OBJECTID":206342,"PRIMENAME":"Wells Avenue","ELEVTYP_F":0,"ELEVTYP_T":0},"geometry":{"type":"LineString","coordinates":[[-74.0114177806665,40.2626993500894],[-74.0116086958025,40.2627408677967],[-74.0117392074211,40.2627604702811],[-74.011844884046,40.2627704415367],[-74.0119756352651,40.2627567184069],[-74.0122061380212,40.2627147817534],[-74.0125478761313,40.2626372146519]]}},{"type":"Feature","id":206425,"properties":{"OBJECTID":206425,"PRIMENAME":"Liberty Alley","ELEVTYP_F":0,"ELEVTYP_T":0},"geometry":{"type":"LineString","coordinates":[[-73.9858162473816,40.3052454683354],[-73.9851789906749,40.3053312499307],[-73.9849107845594,40.3054015412237]]}},{"type":"Feature","id":206561,"properties":{"OBJECTID":206561,"PRIMENAME":"Anderson Street","ELEVTYP_F":0,"ELEVTYP_T":0},"geometry":{"type":"LineString","coordinates":[[-73.9796789444184,40.3265990820663],[-73.9795993871697,40.3266318592149],[-73.9781688326293,40.3272211768523],[-73.9773442488783,40.3275606037917],[-73.9773004484849,40.3275889835985],[-73.9772815040986,40.3276222788917],[-73.9772488277081,40.3278222842117],[-73.977195807873,40.3282367060467],[-73.9771913891199,40.3282655105668]]}},{"type":"Feature","id":206600,"properties":{"OBJECTID":206600,"PRIMENAME":"Rockwell Avenue","ELEVTYP_F":0,"ELEVTYP_T":0},"geometry":{"type":"LineString","coordinates":[[-73.9946402362933,40.3137794139838],[-73.9945788329281,40.3137084019545],[-73.9940236116424,40.3130663150048]]}},{"type":"Feature","id":206695,"properties":{"OBJECTID":206695,"PRIMENAME":"Cypress Street","ELEVTYP_F":0,"ELEVTYP_T":0},"geometry":{"type":"LineString","coordinates":[[-74.0064800549411,40.300971869754],[-74.0065340052294,40.3011713748851],[-74.0066518740307,40.3016072401371]]}},{"type":"Feature","id":206766,"properties":{"OBJECTID":206766,"PRIMENAME":"Lincoln Square","ELEVTYP_F":0,"ELEVTYP_T":0},"geometry":{"type":"LineString","coordinates":[[-73.9970873950481,40.2658209387985],[-73.9967312355761,40.2665439105729],[-73.996642600446,40.2667484834736],[-73.9965544607863,40.2668910712433],[-73.9964726249459,40.2670194108684],[-73.9964095298744,40.2671335303695],[-73.9963526363673,40.2672572022338],[-73.9962953162924,40.2674332781662],[-73.9961937139078,40.2677140299253],[-73.9961298397713,40.267932984789],[-73.9960981686992,40.2680138857909],[-73.9960478264085,40.2680898743161],[-73.9959727195551,40.2681467581798],[-73.9958791541834,40.268179731852],[-73.995798200365,40.2681889054534],[-73.9956738827321,40.2681740611859],[-73.9953009666764,40.2681200284559],[-73.9951994405505,40.2681053110029]]}},{"type":"Feature","id":206771,"properties":{"OBJECTID":206771,"PRIMENAME":"Branchport Avenue","ELEVTYP_F":0,"ELEVTYP_T":0},"geometry":{"type":"LineString","coordinates":[[-74.0020062996256,40.3017107613331],[-74.0020396034912,40.3021657294687]]}},{"type":"Feature","id":206827,"properties":{"OBJECTID":206827,"PRIMENAME":"Woodgate Avenue","ELEVTYP_F":0,"ELEVTYP_T":0},"geometry":{"type":"LineString","coordinates":[[-73.9966257977507,40.2791849274375],[-73.9966149562325,40.2788683286105],[-73.9966020686957,40.2785036805115]]}},{"type":"Feature","id":207082,"properties":{"OBJECTID":207082,"PRIMENAME":"Patten Lane","ELEVTYP_F":0,"ELEVTYP_T":0},"geometry":{"type":"LineString","coordinates":[[-73.9920514253147,40.3205755990659],[-73.9922261911097,40.3206000850461],[-73.9934888630497,40.3207771960766],[-73.9936007954866,40.3207967646776],[-73.9936723698892,40.3208176399117]]}},{"type":"Feature","id":207147,"properties":{"OBJECTID":207147,"PRIMENAME":"7th Avenue","ELEVTYP_F":0,"ELEVTYP_T":0},"geometry":{"type":"LineString","coordinates":[[-73.9968987485661,40.3075808681336],[-73.9974021584789,40.308268424192],[-73.9974673569977,40.3083593539744]]}},{"type":"Feature","id":207439,"properties":{"OBJECTID":207439,"PRIMENAME":"Jessica Place","ELEVTYP_F":0,"ELEVTYP_T":0},"geometry":{"type":"LineString","coordinates":[[-73.9799216227403,40.3245202480213],[-73.9787865215034,40.324638426017],[-73.9786935500234,40.3246481097077]]}},{"type":"Feature","id":207692,"properties":{"OBJECTID":207692,"PRIMENAME":"Westwood Avenue","ELEVTYP_F":0,"ELEVTYP_T":0},"geometry":{"type":"LineString","coordinates":[[-73.9900047102074,40.2965287533795],[-73.9899305498245,40.2966263207718],[-73.9898640976963,40.2967050623248]]}},{"type":"Feature","id":207970,"properties":{"OBJECTID":207970,"PRIMENAME":"Greenbriar Road","ELEVTYP_F":0,"ELEVTYP_T":0},"geometry":{"type":"LineString","coordinates":[[-74.0089500632469,40.2677897832364],[-74.0090526331851,40.2677843992695],[-74.0095567679677,40.2677579590151],[-74.0098556682822,40.2677306204084],[-74.0100857734665,40.2677363710578],[-74.0104402696361,40.2677569230814],[-74.0108632508045,40.267777763527],[-74.0114975609427,40.2678138252009],[-74.0119267059825,40.2678346877808],[-74.012187885897,40.2678548417224],[-74.0124364933354,40.2678892707486],[-74.0125364818389,40.2679088536034]]}},{"type":"Feature","id":208177,"properties":{"OBJECTID":208177,"PRIMENAME":"Park Avenue","ELEVTYP_F":0,"ELEVTYP_T":0},"geometry":{"type":"LineString","coordinates":[[-74.0091426641821,40.2692209456092],[-74.0066807328259,40.2696950352433],[-74.0058784264316,40.269861811148],[-74.0049733189834,40.2700499485816],[-74.0048300653178,40.2700804391326]]}},{"type":"Feature","id":208187,"properties":{"OBJECTID":208187,"PRIMENAME":"Conover Place","ELEVTYP_F":0,"ELEVTYP_T":0},"geometry":{"type":"LineString","coordinates":[[-73.9995069589596,40.3077428104171],[-73.9994674937043,40.307633956562],[-73.9992356239732,40.306994308422],[-73.9991866646674,40.3068797041014]]}},{"type":"Feature","id":208189,"properties":{"OBJECTID":208189,"PRIMENAME":"Ocean Boulevard","ELEVTYP_F":0,"ELEVTYP_T":0},"geometry":{"type":"LineString","coordinates":[[-73.9825766735172,40.2918838537884],[-73.982590140964,40.2918241409117],[-73.9827439912216,40.2912386162747],[-73.982838202816,40.2908709832626]]}},{"type":"Feature","id":208372,"properties":{"OBJECTID":208372,"PRIMENAME":"Unnamed Segment","ELEVTYP_F":0,"ELEVTYP_T":0},"geometry":{"type":"LineString","coordinates":[[-73.9958764212826,40.3148731792263],[-73.9960134217881,40.314917179631],[-73.99676342232,40.3151861784246],[-73.9968114217635,40.3152001789481]]}},{"type":"Feature","id":208444,"properties":{"OBJECTID":208444,"PRIMENAME":"Oakhill Avenue","ELEVTYP_F":0,"ELEVTYP_T":0},"geometry":{"type":"LineString","coordinates":[[-74.0061699812718,40.2973034115813],[-74.0061485167396,40.2972132496361],[-74.0059975362375,40.2965787082713],[-74.0059187724137,40.296282904664],[-74.0058760449415,40.2961635794972],[-74.0058022005957,40.2960488444552],[-74.0056909283644,40.2959387796944],[-74.0056885423441,40.2959366007148],[-74.0055178392502,40.2957807391622],[-74.0053384768553,40.2956226994677],[-74.0051406811416,40.2954359757381],[-74.0050819724329,40.2953845807248]]}},{"type":"Feature","id":208619,"properties":{"OBJECTID":208619,"PRIMENAME":"Larchwood Avenue","ELEVTYP_F":0,"ELEVTYP_T":0},"geometry":{"type":"LineString","coordinates":[[-74.0078184113107,40.261171860249],[-74.0078423170468,40.2613689596214],[-74.0079065122402,40.2619602256836],[-74.0079142636678,40.2620278462537]]}},{"type":"Feature","id":208876,"properties":{"OBJECTID":208876,"PRIMENAME":"Bath Avenue","ELEVTYP_F":0,"ELEVTYP_T":0},"geometry":{"type":"LineString","coordinates":[[-73.9937082681992,40.2948064626904],[-73.993380780026,40.2946458666155]]}},{"type":"Feature","id":209050,"properties":{"OBJECTID":209050,"PRIMENAME":"Brookwillow Avenue","ELEVTYP_F":0,"ELEVTYP_T":0},"geometry":{"type":"LineString","coordinates":[[-74.0052626956647,40.2875048043993],[-74.0054037363004,40.2882599026005]]}},{"type":"Feature","id":209068,"properties":{"OBJECTID":209068,"PRIMENAME":"Norgrove Avenue","ELEVTYP_F":0,"ELEVTYP_T":0},"geometry":{"type":"LineString","coordinates":[[-73.9989237895787,40.2735368356903],[-73.9987949211514,40.2735398739158],[-73.9965731884926,40.2735921893572],[-73.9964280912048,40.2735943581539]]}},{"type":"Feature","id":209138,"properties":{"OBJECTID":209138,"PRIMENAME":"2nd Avenue","ELEVTYP_F":0,"ELEVTYP_T":0},"geometry":{"type":"LineString","coordinates":[[-73.9869211680992,40.2822643834115],[-73.9868891985482,40.2823844257284]]}},{"type":"Feature","id":209271,"properties":{"OBJECTID":209271,"PRIMENAME":"Cleveland Avenue","ELEVTYP_F":0,"ELEVTYP_T":0},"geometry":{"type":"LineString","coordinates":[[-73.9944031133973,40.2968621111188],[-73.9946290181506,40.2969698170701]]}},{"type":"Feature","id":209334,"properties":{"OBJECTID":209334,"PRIMENAME":"Poole Avenue","ELEVTYP_F":0,"ELEVTYP_T":0},"geometry":{"type":"LineString","coordinates":[[-73.9906249677101,40.2957776233229],[-73.9907161332634,40.2958213985479],[-73.9915782145111,40.2962350498537],[-73.9928681659817,40.2968650554802],[-73.9931969309854,40.2970142427146],[-73.9945180310087,40.2976443654518],[-73.9946007363483,40.2976838189194]]}},{"type":"Feature","id":209426,"properties":{"OBJECTID":209426,"PRIMENAME":"Atlantic Avenue","ELEVTYP_F":0,"ELEVTYP_T":0},"geometry":{"type":"LineString","coordinates":[[-73.9911796241852,40.3175502637374],[-73.9909733228876,40.3178483357013],[-73.9909612796483,40.3178623401269],[-73.9908916647474,40.3179432899465],[-73.9908226307872,40.3180192472489],[-73.9907349474631,40.3180855970881],[-73.9906866845687,40.3181129743674]]}},{"type":"Feature","id":209826,"properties":{"OBJECTID":209826,"PRIMENAME":"Lowden Court","ELEVTYP_F":0,"ELEVTYP_T":0},"geometry":{"type":"LineString","coordinates":[[-73.9854084967782,40.293673404974],[-73.9853054165867,40.2938001743538],[-73.9852704154188,40.2938191756455],[-73.9852254170579,40.293828174769],[-73.9848424169205,40.2938281741172],[-73.9848254172092,40.2938411759818],[-73.9846684160562,40.2942151740388]]}},{"type":"Feature","id":209884,"properties":{"OBJECTID":209884,"PRIMENAME":"Riverdale Avenue","ELEVTYP_F":0,"ELEVTYP_T":0},"geometry":{"type":"LineString","coordinates":[[-73.9786420619464,40.324546342509],[-73.9785458357364,40.3243561510235],[-73.9784586499998,40.3241922263391]]}},{"type":"Feature","id":209893,"properties":{"OBJECTID":209893,"PRIMENAME":"Dixon Avenue","ELEVTYP_F":0,"ELEVTYP_T":0},"geometry":{"type":"LineString","coordinates":[[-74.0077743008884,40.2746630575789],[-74.0087237468835,40.2745412232284]]}},{"type":"Feature","id":210146,"properties":{"OBJECTID":210146,"PRIMENAME":"Bampton Place","ELEVTYP_F":0,"ELEVTYP_T":0},"geometry":{"type":"LineString","coordinates":[[-74.012979892977,40.2949331261439],[-74.0126364364493,40.2955167126545]]}},{"type":"Feature","id":210580,"properties":{"OBJECTID":210580,"PRIMENAME":"William Street","ELEVTYP_F":0,"ELEVTYP_T":0},"geometry":{"type":"LineString","coordinates":[[-74.0032364870418,40.3021077369201],[-74.0033020167296,40.3025747037983],[-74.003325644524,40.3027511575425],[-74.0033498644074,40.3028417982909],[-74.0036256017942,40.3034434957791],[-74.0036663707653,40.3035217171391]]}},{"type":"Feature","id":210648,"properties":{"OBJECTID":210648,"PRIMENAME":"Avery Avenue","ELEVTYP_F":0,"ELEVTYP_T":0},"geometry":{"type":"LineString","coordinates":[[-73.9867462751411,40.2881207460921],[-73.9870315182942,40.2881086732056]]}},{"type":"Feature","id":210780,"properties":{"OBJECTID":210780,"PRIMENAME":"Woodgate Avenue","ELEVTYP_F":0,"ELEVTYP_T":0},"geometry":{"type":"LineString","coordinates":[[-73.9966905499846,40.2812172472669],[-73.9966703984967,40.2805561116919]]}},{"type":"Feature","id":210964,"properties":{"OBJECTID":210964,"PRIMENAME":"Sairs Avenue","ELEVTYP_F":0,"ELEVTYP_T":0},"geometry":{"type":"LineString","coordinates":[[-73.9874546231807,40.2898064010623],[-73.987339708323,40.2904304277448],[-73.9872934330124,40.2906859395528]]}},{"type":"Feature","id":210971,"properties":{"OBJECTID":210971,"PRIMENAME":"Woodgate Avenue","ELEVTYP_F":0,"ELEVTYP_T":0},"geometry":{"type":"LineString","coordinates":[[-73.9964975930824,40.2757919909682],[-73.9964791150409,40.2753695030817],[-73.9964752125896,40.2752335979089]]}},{"type":"Feature","id":210975,"properties":{"OBJECTID":210975,"PRIMENAME":"Maxine Drive","ELEVTYP_F":0,"ELEVTYP_T":0},"geometry":{"type":"LineString","coordinates":[[-73.9915079174185,40.2811085249773],[-73.9915257597384,40.281224341849],[-73.9916051667431,40.2817387417637],[-73.9916207274596,40.2818395507887]]}},{"type":"Feature","id":211022,"properties":{"OBJECTID":211022,"PRIMENAME":"Woodview Avenue","ELEVTYP_F":0,"ELEVTYP_T":0},"geometry":{"type":"LineString","coordinates":[[-73.9896141778669,40.3210090643971],[-73.9895523520816,40.3209505472008],[-73.9894781497331,40.3208834839842],[-73.9894160698297,40.3208593534705],[-73.9893923670391,40.3208566648741]]}},{"type":"Feature","id":211206,"properties":{"OBJECTID":211206,"PRIMENAME":"Washington Street","ELEVTYP_F":0,"ELEVTYP_T":0},"geometry":{"type":"LineString","coordinates":[[-74.0004150999322,40.3017766491383],[-74.0003723715815,40.3011449299254],[-74.0003012236593,40.3000930148647],[-74.0002942693073,40.2999905061975]]}},{"type":"Feature","id":211236,"properties":{"OBJECTID":211236,"PRIMENAME":"South Broadway","ELEVTYP_F":0,"ELEVTYP_T":0},"geometry":{"type":"LineString","coordinates":[[-73.9805345454832,40.3051753150779],[-73.9797158835004,40.3051605915704]]}},{"type":"Feature","id":211465,"properties":{"OBJECTID":211465,"PRIMENAME":"Lawrence Avenue","ELEVTYP_F":0,"ELEVTYP_T":0},"geometry":{"type":"LineString","coordinates":[[-73.9935249163586,40.2615831051268],[-73.993556149706,40.2615899130362],[-73.9938108878703,40.2616339081898],[-73.9943702080073,40.2617126153164],[-73.9946918297228,40.2617688426506]]}},{"type":"Feature","id":211731,"properties":{"OBJECTID":211731,"PRIMENAME":"Ludlow Street","ELEVTYP_F":0,"ELEVTYP_T":0},"geometry":{"type":"LineString","coordinates":[[-73.9962986792236,40.3087077989732],[-73.9963524806371,40.3087833073523],[-73.9973136521472,40.3101315125997],[-73.9973651235832,40.3102023152493]]}},{"type":"Feature","id":211781,"properties":{"OBJECTID":211781,"PRIMENAME":"Larchwood Avenue","ELEVTYP_F":0,"ELEVTYP_T":0},"geometry":{"type":"LineString","coordinates":[[-74.0080122589054,40.2628900449385],[-74.0080891409602,40.2636151114159]]}},{"type":"Feature","id":211900,"properties":{"OBJECTID":211900,"PRIMENAME":"Grinker Place","ELEVTYP_F":0,"ELEVTYP_T":0},"geometry":{"type":"LineString","coordinates":[[-73.9802764412351,40.3076402615793],[-73.9803529250426,40.3070562576873]]}},{"type":"Feature","id":211953,"properties":{"OBJECTID":211953,"PRIMENAME":"Patten Avenue","ELEVTYP_F":0,"ELEVTYP_T":0},"geometry":{"type":"LineString","coordinates":[[-73.9916782088913,40.3221301315873],[-73.9915619864899,40.3226256983508]]}},{"type":"Feature","id":212060,"properties":{"OBJECTID":212060,"PRIMENAME":"Valentine Street","ELEVTYP_F":0,"ELEVTYP_T":0},"geometry":{"type":"LineString","coordinates":[[-73.981247824788,40.325408976449],[-73.9823561656212,40.3252501621115],[-73.9825679736692,40.3252185448025]]}},{"type":"Feature","id":212208,"properties":{"OBJECTID":212208,"PRIMENAME":"Hobart Manor","ELEVTYP_F":0,"ELEVTYP_T":0},"geometry":{"type":"LineString","coordinates":[[-73.9802186572729,40.313476354559],[-73.9800673273344,40.31348503594]]}},{"type":"Feature","id":212812,"properties":{"OBJECTID":212812,"PRIMENAME":"South Bath Avenue","ELEVTYP_F":0,"ELEVTYP_T":0},"geometry":{"type":"LineString","coordinates":[[-73.9824181002479,40.2920350820121],[-73.9819386847253,40.29189814652],[-73.9809760365252,40.2916269427201],[-73.980947094266,40.2916191257632],[-73.9809193949667,40.2916174919923],[-73.9808896533559,40.2916203784634],[-73.9808598772911,40.2916323785357],[-73.9808419801572,40.2916428944786],[-73.98082787437,40.2916731662634]]}},{"type":"Feature","id":212948,"properties":{"OBJECTID":212948,"PRIMENAME":"Pavilion Avenue","ELEVTYP_F":0,"ELEVTYP_T":0},"geometry":{"type":"LineString","coordinates":[[-73.9802470164788,40.2973905079892],[-73.980197458295,40.2973902853448],[-73.9800543392443,40.297384865163],[-73.9795319901827,40.2973205575893],[-73.9794254290652,40.297307422129]]}},{"type":"Feature","id":212990,"properties":{"OBJECTID":212990,"PRIMENAME":"Buttonwood Lane","ELEVTYP_F":0,"ELEVTYP_T":0},"geometry":{"type":"LineString","coordinates":[[-74.0054892403424,40.3035736660639],[-74.0055670961924,40.3035375978566],[-74.0056333667315,40.3035068885388],[-74.0065352486622,40.3030889637304]]}},{"type":"Feature","id":213092,"properties":{"OBJECTID":213092,"PRIMENAME":"Myrtle Avenue","ELEVTYP_F":0,"ELEVTYP_T":0},"geometry":{"type":"LineString","coordinates":[[-74.0098011235571,40.3042877621725],[-74.0099624047057,40.3045558838692]]}},{"type":"Feature","id":213321,"properties":{"OBJECTID":213321,"PRIMENAME":"Ocean Boulevard","ELEVTYP_F":0,"ELEVTYP_T":0},"geometry":{"type":"LineString","coordinates":[[-73.9806951101729,40.3085373747568],[-73.9807011599228,40.3084918593464],[-73.980721305876,40.3083253194233],[-73.9808008459489,40.3076678120677],[-73.9809395713139,40.3066246794994],[-73.9809484790128,40.3065512493353],[-73.9809650512472,40.3064146364955],[-73.9810286424776,40.3058904056788],[-73.9810990506433,40.3053099746726],[-73.981116603392,40.3051716675406]]}},{"type":"Feature","id":213333,"properties":{"OBJECTID":213333,"PRIMENAME":"Port Au Peck Avenue","ELEVTYP_F":0,"ELEVTYP_T":0},"geometry":{"type":"LineString","coordinates":[[-74.0047011341722,40.3228767111754],[-74.0045586472374,40.3234689818437],[-74.0045395066888,40.3235507342002]]}},{"type":"Feature","id":213724,"properties":{"OBJECTID":213724,"PRIMENAME":"Hoey Avenue","ELEVTYP_F":0,"ELEVTYP_T":0},"geometry":{"type":"LineString","coordinates":[[-73.9940993984752,40.2744462272196],[-73.9941021453836,40.2745345806108],[-73.9941254774444,40.2752801204448]]}},{"type":"Feature","id":213994,"properties":{"OBJECTID":213994,"PRIMENAME":"Ocean Avenue","ELEVTYP_F":0,"ELEVTYP_T":0},"geometry":{"type":"LineString","coordinates":[[-73.9756851732494,40.3271155118075],[-73.9756614824367,40.3272150823825],[-73.9756201668357,40.3274137844724]]}},{"type":"Feature","id":214074,"properties":{"OBJECTID":214074,"PRIMENAME":"High Street","ELEVTYP_F":0,"ELEVTYP_T":0},"geometry":{"type":"LineString","coordinates":[[-73.9977827512276,40.2933612278943],[-73.9983324736726,40.2931738088598],[-73.9986757525734,40.2930466016657],[-73.998749022755,40.2930273234884],[-73.9988004672998,40.2930137878895],[-73.9990728257845,40.2929713322825]]}},{"type":"Feature","id":214583,"properties":{"OBJECTID":214583,"PRIMENAME":"Long Branch Avenue","ELEVTYP_F":0,"ELEVTYP_T":0},"geometry":{"type":"LineString","coordinates":[[-73.9858980051192,40.321852715554],[-73.9859182683722,40.3219615433573]]}},{"type":"Feature","id":214997,"properties":{"OBJECTID":214997,"PRIMENAME":"Florence Avenue","ELEVTYP_F":0,"ELEVTYP_T":0},"geometry":{"type":"LineString","coordinates":[[-73.9882278201105,40.3155912241687],[-73.988393901516,40.3157620789815],[-73.9884295982999,40.3157982261132]]}},{"type":"Feature","id":215841,"properties":{"OBJECTID":215841,"PRIMENAME":"Ocean Avenue","ELEVTYP_F":0,"ELEVTYP_T":0},"geometry":{"type":"LineString","coordinates":[[-73.98082787437,40.2916731662634],[-73.9811070921616,40.2902738658493]]}},{"type":"Feature","id":216108,"properties":{"OBJECTID":216108,"PRIMENAME":"Lenox Avenue","ELEVTYP_F":0,"ELEVTYP_T":0},"geometry":{"type":"LineString","coordinates":[[-73.990511486127,40.2811557252623],[-73.9903163806856,40.2815049634818],[-73.9902151602952,40.2817285270931],[-73.9901135829804,40.281994969467],[-73.9900432591077,40.2822472470023],[-73.9899850152735,40.2825424860803],[-73.9899324699005,40.2829092347241],[-73.9898851940502,40.283404702762],[-73.9898510805831,40.2837825638551],[-73.9898456232364,40.2838430218104]]}},{"type":"Feature","id":216209,"properties":{"OBJECTID":216209,"PRIMENAME":"Breakwater Lane","ELEVTYP_F":0,"ELEVTYP_T":0},"geometry":{"type":"LineString","coordinates":[[-73.9885692713593,40.2658831474141],[-73.9887225330497,40.2659083118919],[-73.9902166279591,40.2661536314907],[-73.9903629943133,40.2661776619092]]}},{"type":"Feature","id":216284,"properties":{"OBJECTID":216284,"PRIMENAME":"Sairs Avenue","ELEVTYP_F":0,"ELEVTYP_T":0},"geometry":{"type":"LineString","coordinates":[[-73.9877719257691,40.2880773050686],[-73.9876055276237,40.2890208950016],[-73.9874695374239,40.2897256473983],[-73.9874546231807,40.2898064010623]]}},{"type":"Feature","id":216544,"properties":{"OBJECTID":216544,"PRIMENAME":"Cleveland Avenue","ELEVTYP_F":0,"ELEVTYP_T":0},"geometry":{"type":"LineString","coordinates":[[-73.9891723559786,40.2941868746684],[-73.9893398641453,40.2942616248161],[-73.9900408415545,40.2945744863087],[-73.9910952772324,40.2950605021037],[-73.99117902377,40.2950990835634]]}},{"type":"Feature","id":216864,"properties":{"OBJECTID":216864,"PRIMENAME":"Ivy Place","ELEVTYP_F":0,"ELEVTYP_T":0},"geometry":{"type":"LineString","coordinates":[[-73.9884551997163,40.32070738769],[-73.9884041009561,40.3204641039696],[-73.9884138951156,40.3204067999263]]}},{"type":"Feature","id":216867,"properties":{"OBJECTID":216867,"PRIMENAME":"Woodgate Avenue","ELEVTYP_F":0,"ELEVTYP_T":0},"geometry":{"type":"LineString","coordinates":[[-73.9964049296907,40.2727741219806],[-73.9963853090545,40.2720805386678],[-73.996380402698,40.2719400437763]]}},{"type":"Feature","id":217080,"properties":{"OBJECTID":217080,"PRIMENAME":"Overton Place","ELEVTYP_F":0,"ELEVTYP_T":0},"geometry":{"type":"LineString","coordinates":[[-74.004323571691,40.2927926536793],[-74.0042447519523,40.2928299247897],[-74.0025771556681,40.2936186876695],[-74.0024771802696,40.2936706635332],[-74.0023960230484,40.2937036965322],[-74.0023024606202,40.2937318710978],[-74.002177849796,40.2937504145533],[-74.0018787972089,40.2937872586141],[-74.0017272050836,40.2938184504531]]}},{"type":"Feature","id":217273,"properties":{"OBJECTID":217273,"PRIMENAME":"Primrose Lane","ELEVTYP_F":0,"ELEVTYP_T":0},"geometry":{"type":"LineString","coordinates":[[-74.0107522116614,40.2955554837422],[-74.0106460964356,40.2955645333152],[-74.0101665323394,40.2956053843282],[-74.0099360897508,40.2956234880223],[-74.0097680223387,40.2956275522087],[-74.0095128348679,40.2956264706579],[-74.0085037122328,40.2955817225325],[-74.0083244023806,40.2955737698124]]}},{"type":"Feature","id":217379,"properties":{"OBJECTID":217379,"PRIMENAME":"Elberon Avenue","ELEVTYP_F":0,"ELEVTYP_T":0},"geometry":{"type":"LineString","coordinates":[[-73.9910634960524,40.2691984063911],[-73.9910490610951,40.2692738364106],[-73.9908415943383,40.2703587691953]]}},{"type":"Feature","id":217755,"properties":{"OBJECTID":217755,"PRIMENAME":"Broadway","ELEVTYP_F":0,"ELEVTYP_T":0},"geometry":{"type":"LineString","coordinates":[[-74.0029942901783,40.2996310934127],[-74.0029613317303,40.2996372663367],[-74.0018709689113,40.299794105367]]}},{"type":"Feature","id":217944,"properties":{"OBJECTID":217944,"PRIMENAME":"3rd Avenue","ELEVTYP_F":0,"ELEVTYP_T":0},"geometry":{"type":"LineString","coordinates":[[-73.987558629835,40.2954178598795],[-73.9875580846052,40.2953022534944],[-73.9875564908083,40.2942984043456]]}},{"type":"Feature","id":218033,"properties":{"OBJECTID":218033,"PRIMENAME":"Colonial Drive","ELEVTYP_F":0,"ELEVTYP_T":0},"geometry":{"type":"LineString","coordinates":[[-74.0100642847869,40.3160721238266],[-74.0104536096603,40.3159133697686]]}},{"type":"Feature","id":218035,"properties":{"OBJECTID":218035,"PRIMENAME":"Woodgate Avenue","ELEVTYP_F":0,"ELEVTYP_T":0},"geometry":{"type":"LineString","coordinates":[[-73.9965273051598,40.2764734840244],[-73.9965270395769,40.2764658506655],[-73.9965093501706,40.2760625557533]]}},{"type":"Feature","id":218081,"properties":{"OBJECTID":218081,"PRIMENAME":"Westwood Avenue","ELEVTYP_F":0,"ELEVTYP_T":0},"geometry":{"type":"LineString","coordinates":[[-73.9910560699564,40.295249721852],[-73.9906340833624,40.2957668474522],[-73.9906249677101,40.2957776233229]]}},{"type":"Feature","id":218143,"properties":{"OBJECTID":218143,"PRIMENAME":"2nd Avenue","ELEVTYP_F":0,"ELEVTYP_T":0},"geometry":{"type":"LineString","coordinates":[[-73.9837917018532,40.2943851081058],[-73.9837704168881,40.294510935955],[-73.9836199833863,40.2954577470228]]}},{"type":"Feature","id":218195,"properties":{"OBJECTID":218195,"PRIMENAME":"Scholars Way Lake Road","ELEVTYP_F":0,"ELEVTYP_T":0},"geometry":{"type":"LineString","coordinates":[[-74.0082584240623,40.2768001712508],[-74.0083352624099,40.2767936167156],[-74.0084006219412,40.2767860199324],[-74.0084786293117,40.2767740798097],[-74.0085696292381,40.2767608555318],[-74.0085841871071,40.2767587395596],[-74.0086403904685,40.2767484404988],[-74.0088105670773,40.276718800821],[-74.0088937628411,40.27670306634],[-74.009322231591,40.2766317206434],[-74.0095714425381,40.2765917394263],[-74.0098420399568,40.2765482762444],[-74.0100232392156,40.276515936256],[-74.0100243377573,40.2765157400602]]}},{"type":"Feature","id":218770,"properties":{"OBJECTID":218770,"PRIMENAME":"North Linden Avenue","ELEVTYP_F":0,"ELEVTYP_T":0},"geometry":{"type":"LineString","coordinates":[[-74.0129249149923,40.2988150919461],[-74.0129064791391,40.2988959708876],[-74.0128293678131,40.2992340207604],[-74.0127720986174,40.2994101599687],[-74.0125254690324,40.2999476488129],[-74.012404002971,40.3001764886032],[-74.0123614006087,40.3002567540116],[-74.0123173583234,40.3003232774],[-74.0122546000499,40.3003849718],[-74.0121233336386,40.3004702068985],[-74.0118170934567,40.3006404904239],[-74.011751282164,40.3006777944593]]}},{"type":"Feature","id":218950,"properties":{"OBJECTID":218950,"PRIMENAME":"Atlantic Avenue","ELEVTYP_F":0,"ELEVTYP_T":0},"geometry":{"type":"LineString","coordinates":[[-73.9957397669539,40.3133578551222],[-73.9956504384434,40.31339155733]]}},{"type":"Feature","id":219241,"properties":{"OBJECTID":219241,"PRIMENAME":"Monmouth Boulevard","ELEVTYP_F":0,"ELEVTYP_T":0},"geometry":{"type":"LineString","coordinates":[[-74.0097841095545,40.3219702114442],[-74.0098994832526,40.3219859087514],[-74.0111684014597,40.3221723777591],[-74.0126068029303,40.3223673719394]]}},{"type":"Feature","id":219480,"properties":{"OBJECTID":219480,"PRIMENAME":"Westwood Avenue","ELEVTYP_F":0,"ELEVTYP_T":0},"geometry":{"type":"LineString","coordinates":[[-73.9920748647986,40.2940100142216],[-73.9916517807081,40.2945226355615],[-73.9912309115493,40.2950354856989],[-73.99117902377,40.2950990835634]]}},{"type":"Feature","id":219520,"properties":{"OBJECTID":219520,"PRIMENAME":"Patten Avenue","ELEVTYP_F":0,"ELEVTYP_T":0},"geometry":{"type":"LineString","coordinates":[[-73.9920063971587,40.3281004306474],[-73.9919132390311,40.32823882296]]}},{"type":"Feature","id":219581,"properties":{"OBJECTID":219581,"PRIMENAME":"Bath Avenue","ELEVTYP_F":0,"ELEVTYP_T":0},"geometry":{"type":"LineString","coordinates":[[-73.9866615342924,40.2924013521596],[-73.9863554902796,40.2924021770948],[-73.9861525431411,40.2924195349942]]}},{"type":"Feature","id":219846,"properties":{"OBJECTID":219846,"PRIMENAME":"Hampton Avenue","ELEVTYP_F":0,"ELEVTYP_T":0},"geometry":{"type":"LineString","coordinates":[[-73.996912048103,40.3028062137825],[-73.9960437556031,40.303410717878]]}},{"type":"Feature","id":219919,"properties":{"OBJECTID":219919,"PRIMENAME":"Beechwood Avenue","ELEVTYP_F":0,"ELEVTYP_T":0},"geometry":{"type":"LineString","coordinates":[[-74.0097541831031,40.2838143645935],[-74.0103529230721,40.2837484893389],[-74.0115696724679,40.2836136252336]]}},{"type":"Feature","id":219993,"properties":{"OBJECTID":219993,"PRIMENAME":"Greens Avenue","ELEVTYP_F":0,"ELEVTYP_T":0},"geometry":{"type":"LineString","coordinates":[[-73.9894587045988,40.279951943714],[-73.9894599944397,40.2796269451434]]}},{"type":"Feature","id":220878,"properties":{"OBJECTID":220878,"PRIMENAME":"Division Street","ELEVTYP_F":0,"ELEVTYP_T":0},"geometry":{"type":"LineString","coordinates":[[-73.9967035402738,40.297303686903],[-73.9972514482069,40.2966887805492],[-73.9973120403163,40.2966207712409]]}},{"type":"Feature","id":221186,"properties":{"OBJECTID":221186,"PRIMENAME":"West Street","ELEVTYP_F":0,"ELEVTYP_T":0},"geometry":{"type":"LineString","coordinates":[[-73.9824942896298,40.321709118253],[-73.9824816535816,40.3215977994439]]}},{"type":"Feature","id":221652,"properties":{"OBJECTID":221652,"PRIMENAME":"Westwood Avenue","ELEVTYP_F":0,"ELEVTYP_T":0},"geometry":{"type":"LineString","coordinates":[[-73.9934950774296,40.2922227651784],[-73.9928328691331,40.2930598717022],[-73.9926264027821,40.2933167079357]]}},{"type":"Feature","id":222197,"properties":{"OBJECTID":222197,"PRIMENAME":"Winhar Place","ELEVTYP_F":0,"ELEVTYP_T":0},"geometry":{"type":"LineString","coordinates":[[-73.981247824788,40.325408976449],[-73.9812345020799,40.3253500319907],[-73.9810297187636,40.3244435281018],[-73.9810234730678,40.3244159653046]]}},{"type":"Feature","id":222248,"properties":{"OBJECTID":222248,"PRIMENAME":"Greens Avenue","ELEVTYP_F":0,"ELEVTYP_T":0},"geometry":{"type":"LineString","coordinates":[[-73.9894599944397,40.2796269451434],[-73.9894607683849,40.2794327517235],[-73.9894616629716,40.2793885503471]]}},{"type":"Feature","id":222370,"properties":{"OBJECTID":222370,"PRIMENAME":"3rd Avenue","ELEVTYP_F":0,"ELEVTYP_T":0},"geometry":{"type":"LineString","coordinates":[[-73.9875115285768,40.2996327259744],[-73.9875025983518,40.2993530872163],[-73.9874702459229,40.298690469758],[-73.9874682782592,40.2985713463731]]}},{"type":"Feature","id":222469,"properties":{"OBJECTID":222469,"PRIMENAME":"Broadway","ELEVTYP_F":0,"ELEVTYP_T":0},"geometry":{"type":"LineString","coordinates":[[-74.0071289771429,40.2987730869213],[-74.0064308756111,40.298920465816]]}},{"type":"Feature","id":222596,"properties":{"OBJECTID":222596,"PRIMENAME":"Riverdale Avenue","ELEVTYP_F":0,"ELEVTYP_T":0},"geometry":{"type":"LineString","coordinates":[[-73.9792285988567,40.3257055260075],[-73.9791960233139,40.3256411141423],[-73.9788303317339,40.3249184257734],[-73.9786935500234,40.3246481097077]]}},{"type":"Feature","id":222796,"properties":{"OBJECTID":222796,"PRIMENAME":"Tower Road","ELEVTYP_F":0,"ELEVTYP_T":0},"geometry":{"type":"LineString","coordinates":[[-73.9827724367509,40.2917818351619],[-73.9831424024712,40.2915890353808],[-73.9831518537694,40.2915849219625],[-73.9831620462105,40.29158202324],[-73.98317271223,40.2915804145737],[-73.9831835762637,40.2915801406664],[-73.9831943595071,40.2915812083785],[-73.9832047752113,40.2915835867074],[-73.9832304015348,40.2915950278509]]}},{"type":"Feature","id":223189,"properties":{"OBJECTID":223189,"PRIMENAME":"Westwood Avenue","ELEVTYP_F":0,"ELEVTYP_T":0},"geometry":{"type":"LineString","coordinates":[[-73.9888025409459,40.2981845473889],[-73.9885147828577,40.2986504277969],[-73.9883954722531,40.2988552195792],[-73.9881049019388,40.2993539694734],[-73.9880811933634,40.2994121172974]]}},{"type":"Feature","id":223207,"properties":{"OBJECTID":223207,"PRIMENAME":"Villa Drive","ELEVTYP_F":0,"ELEVTYP_T":0},"geometry":{"type":"LineString","coordinates":[[-73.9842048798272,40.2989390366556],[-73.9841784978854,40.2989311346541],[-73.9841507214846,40.2989268623834],[-73.9841224013008,40.298926346125],[-73.984094392367,40.298929603201],[-73.9840675458885,40.2989365356332],[-73.9840426833518,40.2989469318288],[-73.9840205552873,40.2989604754028],[-73.984001831785,40.298976755043],[-73.9839870871067,40.29899527705],[-73.9839767666618,40.2990154768983],[-73.9839711868222,40.2990367435531],[-73.9839705113208,40.2990584292721],[-73.9839747663576,40.2990798739903],[-73.9839838204241,40.2991004286473],[-73.9839973959763,40.2991194669478],[-73.9840150868932,40.2991364097577],[-73.9840363489086,40.2991507457763],[-73.9840605383999,40.2991620353127],[-73.9840869227697,40.2991699373517],[-73.9841146968995,40.2991742114289],[-73.9841430195598,40.2991747249985],[-73.9841710285858,40.2991714688121],[-73.9841978727947,40.2991645363461],[-73.9842227353745,40.2991541419192],[-73.9842448658288,40.2991405965163],[-73.9842635893188,40.2991243168372],[-73.9842783339573,40.2991057938945],[-73.9842886519742,40.2990855940086],[-73.9842942340642,40.2990643282491],[-73.9842949082859,40.2990426425224],[-73.9842906543331,40.2990211969199],[-73.9842816001769,40.2990006431867],[-73.984268024568,40.2989816049188],[-73.9842503336343,40.2989646612464],[-73.9842290716107,40.2989503279686],[-73.9842048798272,40.2989390366556]]}},{"type":"Feature","id":223328,"properties":{"OBJECTID":223328,"PRIMENAME":"Sherman Court","ELEVTYP_F":0,"ELEVTYP_T":0},"geometry":{"type":"LineString","coordinates":[[-73.9872425038209,40.2909670571497],[-73.9877994175407,40.2910271750763],[-73.9877996208944,40.2910271912877],[-73.9881254182626,40.291053175162],[-73.988209417826,40.2910451751317],[-73.9882394182707,40.2910111746648],[-73.9882514192486,40.2908961739887]]}},{"type":"Feature","id":223366,"properties":{"OBJECTID":223366,"PRIMENAME":"South Lincoln Avenue","ELEVTYP_F":0,"ELEVTYP_T":0},"geometry":{"type":"LineString","coordinates":[[-74.0134807096388,40.2666994568303],[-74.013328400856,40.2667158172841],[-74.0132350850318,40.2667154247889],[-74.0126869189869,40.2666615078337]]}},{"type":"Feature","id":223705,"properties":{"OBJECTID":223705,"PRIMENAME":"Norwood Avenue","ELEVTYP_F":0,"ELEVTYP_T":0},"geometry":{"type":"LineString","coordinates":[[-74.0021967819714,40.2706100659521],[-74.0022496531506,40.270868640252],[-74.0023348040539,40.2713479939676],[-74.0023967843656,40.2718058058828],[-74.0024541362292,40.272193500204],[-74.0024686983411,40.2722919412295]]}},{"type":"Feature","id":223756,"properties":{"OBJECTID":223756,"PRIMENAME":"Port Au Peck Avenue","ELEVTYP_F":0,"ELEVTYP_T":0},"geometry":{"type":"LineString","coordinates":[[-74.0048629790925,40.3222021123531],[-74.0048163592684,40.3223976186803],[-74.0047011341722,40.3228767111754]]}},{"type":"Feature","id":223923,"properties":{"OBJECTID":223923,"PRIMENAME":"Van Pelt Place","ELEVTYP_F":0,"ELEVTYP_T":0},"geometry":{"type":"LineString","coordinates":[[-73.9824432271495,40.2944135087713],[-73.9824418326304,40.2944740348647],[-73.9824231391004,40.2952936986766]]}},{"type":"Feature","id":224050,"properties":{"OBJECTID":224050,"PRIMENAME":"Long Branch Avenue","ELEVTYP_F":0,"ELEVTYP_T":0},"geometry":{"type":"LineString","coordinates":[[-73.9853524426356,40.3189489160716],[-73.9853751359638,40.3190703441791]]}},{"type":"Feature","id":224232,"properties":{"OBJECTID":224232,"PRIMENAME":"Monmouth Road","ELEVTYP_F":0,"ELEVTYP_T":0},"geometry":{"type":"LineString","coordinates":[[-74.0113955091026,40.2586124597372],[-74.0114286675253,40.2588197831505],[-74.0115184080302,40.2593158128515],[-74.0116137339327,40.259902431398],[-74.0116352928022,40.2600147199144],[-74.0116796696625,40.26024586358],[-74.0117768479526,40.2605751519953],[-74.011823327305,40.2606993776234]]}},{"type":"Feature","id":224662,"properties":{"OBJECTID":224662,"PRIMENAME":"Pacific Street","ELEVTYP_F":0,"ELEVTYP_T":0},"geometry":{"type":"LineString","coordinates":[[-74.0010778760495,40.3086298730368],[-74.0010038177188,40.3086605199965],[-73.9995712926146,40.3092532264041]]}},{"type":"Feature","id":224756,"properties":{"OBJECTID":224756,"PRIMENAME":"Montgomery Avenue","ELEVTYP_F":0,"ELEVTYP_T":0},"geometry":{"type":"LineString","coordinates":[[-73.9861277539547,40.2850770430514],[-73.9859642772805,40.2850888081472],[-73.9849057280002,40.2851651112785],[-73.9844959494009,40.2851927000442]]}},{"type":"Feature","id":224928,"properties":{"OBJECTID":224928,"PRIMENAME":"2nd Avenue","ELEVTYP_F":0,"ELEVTYP_T":0},"geometry":{"type":"LineString","coordinates":[[-73.9852566720273,40.2881838018737],[-73.9851412992411,40.2885791525437]]}},{"type":"Feature","id":224929,"properties":{"OBJECTID":224929,"PRIMENAME":"Manhassett Avenue","ELEVTYP_F":0,"ELEVTYP_T":0},"geometry":{"type":"LineString","coordinates":[[-73.9862709102686,40.3247092959509],[-73.9850395334437,40.3248529402627]]}},{"type":"Feature","id":225062,"properties":{"OBJECTID":225062,"PRIMENAME":"Park Avenue","ELEVTYP_F":0,"ELEVTYP_T":0},"geometry":{"type":"LineString","coordinates":[[-73.9901903822074,40.2690685846653],[-73.9900589317752,40.2690490627295],[-73.9879679060404,40.2687154555044],[-73.9878466695511,40.2686961122519],[-73.9877183458358,40.268675641391]]}},{"type":"Feature","id":225488,"properties":{"OBJECTID":225488,"PRIMENAME":"Hulick Street","ELEVTYP_F":0,"ELEVTYP_T":0},"geometry":{"type":"LineString","coordinates":[[-73.9870481254031,40.2869195433098],[-73.987829628955,40.287007063869],[-73.98782990511,40.2870070939125],[-73.9879610673815,40.2870217832661]]}},{"type":"Feature","id":225584,"properties":{"OBJECTID":225584,"PRIMENAME":"Dudley Street","ELEVTYP_F":0,"ELEVTYP_T":0},"geometry":{"type":"LineString","coordinates":[[-73.996912048103,40.3028062137825],[-73.9970064018855,40.3028763529145],[-73.9975911378901,40.303282878013]]}},{"type":"Feature","id":225901,"properties":{"OBJECTID":225901,"PRIMENAME":"Port Au Peck Avenue","ELEVTYP_F":0,"ELEVTYP_T":0},"geometry":{"type":"LineString","coordinates":[[-74.0034252766043,40.3282830429995],[-74.0034209087589,40.3283014444117],[-74.003348216632,40.3286097754237],[-74.0032683480088,40.3289485464567]]}},{"type":"Feature","id":226279,"properties":{"OBJECTID":226279,"PRIMENAME":"Van Court Avenue","ELEVTYP_F":0,"ELEVTYP_T":0},"geometry":{"type":"LineString","coordinates":[[-73.9991887648443,40.2764214822151],[-73.9991319690953,40.2759291006164],[-73.9991163298168,40.2757413413899]]}},{"type":"Feature","id":226737,"properties":{"OBJECTID":226737,"PRIMENAME":"Shrewsbury Drive","ELEVTYP_F":0,"ELEVTYP_T":0},"geometry":{"type":"LineString","coordinates":[[-73.9927321905491,40.318714979966],[-73.9932096117186,40.3189839886564],[-73.9932716569642,40.3190175864716],[-73.9933400120552,40.3190322161837],[-73.9934210271578,40.3190230177371],[-73.9935335978986,40.3189567748314],[-73.9939399500797,40.3187440982835],[-73.9939838083223,40.3187013820478],[-73.9939966076522,40.3186538087144],[-73.9939970347326,40.3185966009996],[-73.9939538885275,40.3185392297044],[-73.9938611418911,40.3184578127704],[-73.9938115064944,40.318428990802],[-73.9937493913755,40.3184096674435],[-73.9936622445913,40.3184045089682],[-73.993544039318,40.3183944662074],[-73.9934133907778,40.3183795917641],[-73.9932827422965,40.3183647171735],[-73.9931522718522,40.3183260416146],[-73.993046690087,40.3182921980128],[-73.9929287355004,40.3182392476328],[-73.9928171278908,40.318181575807],[-73.9927427825173,40.3181335925936],[-73.9926744275273,40.318114214277],[-73.992593414593,40.3181234122135],[-73.9925184986887,40.3181516604681],[-73.9923371436835,40.3182557315808],[-73.9923056231266,40.3183079996447],[-73.9923025520071,40.31831492481]]}},{"type":"Feature","id":226751,"properties":{"OBJECTID":226751,"PRIMENAME":"Broadway","ELEVTYP_F":0,"ELEVTYP_T":0},"geometry":{"type":"LineString","coordinates":[[-73.9959268130118,40.3020186075575],[-73.9948784326054,40.3030046624686],[-73.9947522449687,40.3031233440452],[-73.9943857940969,40.3032961553606],[-73.9939517783076,40.30350082615]]}},{"type":"Feature","id":226882,"properties":{"OBJECTID":226882,"PRIMENAME":"Branchport Avenue","ELEVTYP_F":0,"ELEVTYP_T":0},"geometry":{"type":"LineString","coordinates":[[-74.0067822761423,40.3128788716047],[-74.0067335855959,40.3127921109831]]}},{"type":"Feature","id":226941,"properties":{"OBJECTID":226941,"PRIMENAME":"Trinity Place","ELEVTYP_F":0,"ELEVTYP_T":0},"geometry":{"type":"LineString","coordinates":[[-73.9944529750599,40.2978488466741],[-73.9945224571328,40.2978874732538],[-73.9956243660125,40.2985001272086]]}},{"type":"Feature","id":227106,"properties":{"OBJECTID":227106,"PRIMENAME":"Roosevelt Avenue","ELEVTYP_F":0,"ELEVTYP_T":0},"geometry":{"type":"LineString","coordinates":[[-74.0130824805478,40.2605444985735],[-74.0119532301754,40.2606833992684],[-74.011823327305,40.2606993776234]]}},{"type":"Feature","id":227302,"properties":{"OBJECTID":227302,"PRIMENAME":"Passey Gardens","ELEVTYP_F":0,"ELEVTYP_T":0},"geometry":{"type":"LineString","coordinates":[[-73.9856894926449,40.2866098916921],[-73.9855761800818,40.2866145757541],[-73.9838019416377,40.2866877124494],[-73.9836952995228,40.2866920956872]]}},{"type":"Feature","id":227400,"properties":{"OBJECTID":227400,"PRIMENAME":"Lawrence Avenue","ELEVTYP_F":0,"ELEVTYP_T":0},"geometry":{"type":"LineString","coordinates":[[-74.0072824107042,40.2830978223146],[-74.0073830309705,40.2830876814957],[-74.0094755525094,40.2828773659608],[-74.0095801887531,40.2828668286528]]}},{"type":"Feature","id":227442,"properties":{"OBJECTID":227442,"PRIMENAME":"Branchport Avenue","ELEVTYP_F":0,"ELEVTYP_T":0},"geometry":{"type":"LineString","coordinates":[[-74.0046325443528,40.3067425283403],[-74.0047400291863,40.306897021534],[-74.0047528770673,40.3069152229649]]}},{"type":"Feature","id":227484,"properties":{"OBJECTID":227484,"PRIMENAME":"Ocean Avenue","ELEVTYP_F":0,"ELEVTYP_T":0},"geometry":{"type":"LineString","coordinates":[[-73.9790405575998,40.2991641144645],[-73.9789721184336,40.2994918950059],[-73.9789167971967,40.2997568551872],[-73.9788731264135,40.2999660045456],[-73.9787248709324,40.3006329442525]]}},{"type":"Feature","id":227491,"properties":{"OBJECTID":227491,"PRIMENAME":"Marina Bay Drive","ELEVTYP_F":0,"ELEVTYP_T":0},"geometry":{"type":"LineString","coordinates":[[-73.9926434215139,40.3255561814359],[-73.9928124211203,40.3255391814573],[-73.993088422614,40.32549918004]]}},{"type":"Feature","id":227519,"properties":{"OBJECTID":227519,"PRIMENAME":"Elm Wood Avenue","ELEVTYP_F":0,"ELEVTYP_T":0},"geometry":{"type":"LineString","coordinates":[[-73.9850292437506,40.3139969621951],[-73.9844295237143,40.3140625489653]]}},{"type":"Feature","id":227700,"properties":{"OBJECTID":227700,"PRIMENAME":"Shrewsbury Avenue","ELEVTYP_F":0,"ELEVTYP_T":0},"geometry":{"type":"LineString","coordinates":[[-74.0051397567589,40.3171918223098],[-74.0050927163831,40.3171066298551],[-74.0044677009002,40.3164330265396],[-74.0044234362176,40.3163853453746]]}},{"type":"Feature","id":228017,"properties":{"OBJECTID":228017,"PRIMENAME":"Chelton Avenue","ELEVTYP_F":0,"ELEVTYP_T":0},"geometry":{"type":"LineString","coordinates":[[-73.9811615248004,40.3163704914589],[-73.9812562063339,40.3163669054466],[-73.9814269363003,40.3163474827208]]}},{"type":"Feature","id":228204,"properties":{"OBJECTID":228204,"PRIMENAME":"Abbotsford Avenue","ELEVTYP_F":0,"ELEVTYP_T":0},"geometry":{"type":"LineString","coordinates":[[-73.9805345454832,40.3051753150779],[-73.9805400667473,40.305076979181],[-73.9805976833387,40.3040525618573],[-73.9806420143857,40.3031471992378],[-73.9806448173855,40.3030902488848]]}},{"type":"Feature","id":228273,"properties":{"OBJECTID":228273,"PRIMENAME":"Cedar Avenue","ELEVTYP_F":0,"ELEVTYP_T":0},"geometry":{"type":"LineString","coordinates":[[-73.990511486127,40.2811557252623],[-73.9905806590798,40.281190042365],[-73.9913777187322,40.2811196748242],[-73.9915079174185,40.2811085249773]]}},{"type":"Feature","id":228612,"properties":{"OBJECTID":228612,"PRIMENAME":"Sagamore Avenue","ELEVTYP_F":0,"ELEVTYP_T":0},"geometry":{"type":"LineString","coordinates":[[-74.0004844314725,40.3197578494848],[-74.0006191325847,40.3197879698138],[-74.000734033962,40.3198136390625],[-74.0011444544768,40.3198741296201],[-74.0017792497376,40.319973276772],[-74.0021869009344,40.3200254611799]]}},{"type":"Feature","id":228994,"properties":{"OBJECTID":228994,"PRIMENAME":"Joline Avenue","ELEVTYP_F":0,"ELEVTYP_T":0},"geometry":{"type":"LineString","coordinates":[[-74.0024421054428,40.3067169869782],[-74.0022382775066,40.3067947122945],[-74.001805746547,40.3069596422182],[-74.001342211701,40.3071399542979],[-74.001166072994,40.3072091183331],[-74.001108064379,40.3072318970854],[-74.0008739783818,40.3073202172202],[-74.0007101301409,40.3073802883153],[-74.0005510227735,40.307429647421],[-74.0003590979628,40.3074895697839],[-74.0002601573531,40.307519916071]]}},{"type":"Feature","id":229184,"properties":{"OBJECTID":229184,"PRIMENAME":"Tower Road","ELEVTYP_F":0,"ELEVTYP_T":0},"geometry":{"type":"LineString","coordinates":[[-73.9825766735172,40.2918838537884],[-73.9826064645086,40.2918683290643],[-73.9827724367509,40.2917818351619]]}},{"type":"Feature","id":229199,"properties":{"OBJECTID":229199,"PRIMENAME":"South Bath Avenue","ELEVTYP_F":0,"ELEVTYP_T":0},"geometry":{"type":"LineString","coordinates":[[-73.9840355824876,40.2924970507384],[-73.9831178806257,40.2922349393755]]}},{"type":"Feature","id":229567,"properties":{"OBJECTID":229567,"PRIMENAME":"West End Court","ELEVTYP_F":0,"ELEVTYP_T":0},"geometry":{"type":"LineString","coordinates":[[-73.987687024545,40.2837774272014],[-73.9866781948345,40.2836764610895],[-73.9865464137473,40.2836639354272]]}},{"type":"Feature","id":229939,"properties":{"OBJECTID":229939,"PRIMENAME":"South Lincoln Avenue","ELEVTYP_F":0,"ELEVTYP_T":0},"geometry":{"type":"LineString","coordinates":[[-73.9958036389966,40.2651349205169],[-73.995870834405,40.2651103964072],[-73.9960705924182,40.2650375742396]]}},{"type":"Feature","id":229995,"properties":{"OBJECTID":229995,"PRIMENAME":"Park Avenue","ELEVTYP_F":0,"ELEVTYP_T":0},"geometry":{"type":"LineString","coordinates":[[-73.994327500178,40.2697148442263],[-73.9942270560926,40.2696990048211]]}},{"type":"Feature","id":230502,"properties":{"OBJECTID":230502,"PRIMENAME":"Michael Avenue","ELEVTYP_F":0,"ELEVTYP_T":0},"geometry":{"type":"LineString","coordinates":[[-74.0057225759668,40.2609784758663],[-74.0055820350913,40.2618154991064]]}},{"type":"Feature","id":230987,"properties":{"OBJECTID":230987,"PRIMENAME":"Cedar Avenue","ELEVTYP_F":0,"ELEVTYP_T":0},"geometry":{"type":"LineString","coordinates":[[-73.9894533554677,40.2812854118195],[-73.9886307759922,40.281362226331]]}},{"type":"Feature","id":231213,"properties":{"OBJECTID":231213,"PRIMENAME":"Spruce Street","ELEVTYP_F":0,"ELEVTYP_T":0},"geometry":{"type":"LineString","coordinates":[[-73.9952674704944,40.3090231483195],[-73.995218347835,40.3089261386761],[-73.9947169703311,40.3083628573511]]}},{"type":"Feature","id":231426,"properties":{"OBJECTID":231426,"PRIMENAME":"Renwick Place","ELEVTYP_F":0,"ELEVTYP_T":0},"geometry":{"type":"LineString","coordinates":[[-73.9925108666901,40.3266665479074],[-73.9926415170034,40.3266689880629],[-73.9939677422524,40.3266938766748],[-73.9948465246417,40.3266977175675]]}},{"type":"Feature","id":231592,"properties":{"OBJECTID":231592,"PRIMENAME":"Wertheim Place","ELEVTYP_F":0,"ELEVTYP_T":0},"geometry":{"type":"LineString","coordinates":[[-73.9851010668859,40.27907245409],[-73.9851874150631,40.2790981720834],[-73.985274416513,40.2791101713547],[-73.9854384173751,40.2791151726219],[-73.985665415405,40.2791111723938],[-73.9862444165473,40.2790781730587],[-73.9869074166065,40.2790571717643],[-73.9873984153918,40.2790311717108],[-73.9878554153081,40.2790181723418]]}},{"type":"Feature","id":231820,"properties":{"OBJECTID":231820,"PRIMENAME":"Langtry Terrace","ELEVTYP_F":0,"ELEVTYP_T":0},"geometry":{"type":"LineString","coordinates":[[-73.9804486366715,40.3064686644568],[-73.9793400542352,40.3064269284802]]}},{"type":"Feature","id":232138,"properties":{"OBJECTID":232138,"PRIMENAME":"Bampton Place","ELEVTYP_F":0,"ELEVTYP_T":0},"geometry":{"type":"LineString","coordinates":[[-74.0119894246563,40.2923911741228],[-74.0116014250483,40.2930811737382]]}},{"type":"Feature","id":232145,"properties":{"OBJECTID":232145,"PRIMENAME":"Comanche Drive","ELEVTYP_F":0,"ELEVTYP_T":0},"geometry":{"type":"LineString","coordinates":[[-74.0005175697528,40.3271790342046],[-74.0004479515825,40.3268186730298],[-74.0003777674971,40.3264670123633]]}},{"type":"Feature","id":232273,"properties":{"OBJECTID":232273,"PRIMENAME":"Cedar Avenue","ELEVTYP_F":0,"ELEVTYP_T":0},"geometry":{"type":"LineString","coordinates":[[-74.0038281464502,40.2817879493888],[-74.0038591475778,40.2817885218448],[-74.0041018694985,40.281785993939],[-74.0043539642444,40.2817763670381],[-74.0046434328563,40.2817632771387],[-74.0047992499257,40.2817595308676]]}},{"type":"Feature","id":232324,"properties":{"OBJECTID":232324,"PRIMENAME":"North Bath Avenue","ELEVTYP_F":0,"ELEVTYP_T":0},"geometry":{"type":"LineString","coordinates":[[-73.9809551594517,40.2937844482059],[-73.9808984136163,40.2936801757056],[-73.9808974157396,40.2936591759851],[-73.9810584148285,40.2930101750607],[-73.9810814142311,40.292996174808],[-73.9811054151034,40.2929951755415],[-73.9814214156005,40.2930411749084],[-73.9814854148809,40.2930631757138],[-73.9815054155708,40.2930801761067],[-73.9813974156989,40.2935131752917],[-73.9814084162011,40.2935581755509],[-73.9814576678356,40.2936535346277]]}},{"type":"Feature","id":232579,"properties":{"OBJECTID":232579,"PRIMENAME":"Grand Avenue","ELEVTYP_F":0,"ELEVTYP_T":0},"geometry":{"type":"LineString","coordinates":[[-74.0056675961583,40.3038037905473],[-74.0057018045548,40.3038479698384],[-74.0058273380991,40.304010171376]]}},{"type":"Feature","id":232822,"properties":{"OBJECTID":232822,"PRIMENAME":"Joline Avenue","ELEVTYP_F":0,"ELEVTYP_T":0},"geometry":{"type":"LineString","coordinates":[[-73.9926279154158,40.3098148775937],[-73.992403829281,40.3098820301349],[-73.9918750409776,40.3100405506532],[-73.9916269829931,40.3101145143314],[-73.9914863596246,40.3101647923664]]}},{"type":"Feature","id":232860,"properties":{"OBJECTID":232860,"PRIMENAME":"Ocean Boulevard","ELEVTYP_F":0,"ELEVTYP_T":0},"geometry":{"type":"LineString","coordinates":[[-73.9832634732026,40.2890623924824],[-73.9833470209037,40.2886498008196]]}},{"type":"Feature","id":232989,"properties":{"OBJECTID":232989,"PRIMENAME":"Marvin Drive","ELEVTYP_F":0,"ELEVTYP_T":0},"geometry":{"type":"LineString","coordinates":[[-74.0008762290281,40.2830459330603],[-74.0006203551137,40.2816833375936],[-74.0006058692449,40.2816059695793]]}},{"type":"Feature","id":233030,"properties":{"OBJECTID":233030,"PRIMENAME":"Greens Avenue","ELEVTYP_F":0,"ELEVTYP_T":0},"geometry":{"type":"LineString","coordinates":[[-73.9894568750163,40.280411538188],[-73.9894579510065,40.2801410826997]]}},{"type":"Feature","id":233203,"properties":{"OBJECTID":233203,"PRIMENAME":"Pacific Street","ELEVTYP_F":0,"ELEVTYP_T":0},"geometry":{"type":"LineString","coordinates":[[-73.9943137614478,40.311744725016],[-73.995269593989,40.311242628822],[-73.9953388601865,40.3112062553945]]}},{"type":"Feature","id":233539,"properties":{"OBJECTID":233539,"PRIMENAME":"Wells Avenue","ELEVTYP_F":0,"ELEVTYP_T":0},"geometry":{"type":"LineString","coordinates":[[-74.0125478761313,40.2626372146519],[-74.0132156291764,40.2624854968434],[-74.0137552038021,40.2623682103273]]}},{"type":"Feature","id":233659,"properties":{"OBJECTID":233659,"PRIMENAME":"Oceanport Avenue","ELEVTYP_F":0,"ELEVTYP_T":0},"geometry":{"type":"LineString","coordinates":[[-74.011751282164,40.3006777944593],[-74.0122530544228,40.3011956266707],[-74.0131436369134,40.302114685571]]}},{"type":"Feature","id":233874,"properties":{"OBJECTID":233874,"PRIMENAME":"Comanche Drive","ELEVTYP_F":0,"ELEVTYP_T":0},"geometry":{"type":"LineString","coordinates":[[-73.9999561968248,40.3243102929911],[-73.9998764109777,40.323928804845],[-73.9998105403778,40.3235912170239]]}},{"type":"Feature","id":234106,"properties":{"OBJECTID":234106,"PRIMENAME":"Woodgate Avenue","ELEVTYP_F":0,"ELEVTYP_T":0},"geometry":{"type":"LineString","coordinates":[[-73.9964752125896,40.2752335979089],[-73.9964713588707,40.2751007948227]]}},{"type":"Feature","id":235465,"properties":{"OBJECTID":235465,"PRIMENAME":"Port Au Peck Avenue","ELEVTYP_F":0,"ELEVTYP_T":0},"geometry":{"type":"LineString","coordinates":[[-74.0055929079261,40.3190921225973],[-74.0055173678206,40.3194129624242],[-74.0054837989102,40.3195555402872],[-74.0054338142793,40.319770357923]]}},{"type":"Feature","id":235774,"properties":{"OBJECTID":235774,"PRIMENAME":"Prospect Street","ELEVTYP_F":0,"ELEVTYP_T":0},"geometry":{"type":"LineString","coordinates":[[-73.9960919022969,40.2960184892612],[-73.9960171395076,40.2961019752649],[-73.9950572482766,40.2971739673897]]}},{"type":"Feature","id":235824,"properties":{"OBJECTID":235824,"PRIMENAME":"Jessica Place","ELEVTYP_F":0,"ELEVTYP_T":0},"geometry":{"type":"LineString","coordinates":[[-73.9812228953341,40.3244205930184],[-73.9810234730678,40.3244159653046]]}},{"type":"Feature","id":236056,"properties":{"OBJECTID":236056,"PRIMENAME":"Garrett Drive","ELEVTYP_F":0,"ELEVTYP_T":0},"geometry":{"type":"LineString","coordinates":[[-73.998782886682,40.291458840427],[-73.9994969876846,40.291381856825],[-73.9996261172639,40.2913679354512]]}},{"type":"Feature","id":236293,"properties":{"OBJECTID":236293,"PRIMENAME":"Unnamed Segment","ELEVTYP_F":0,"ELEVTYP_T":0},"geometry":{"type":"LineString","coordinates":[[-73.9869245891668,40.2885064570642],[-73.9867085501238,40.2888778961768],[-73.9863869412827,40.2888764689747],[-73.9863752558717,40.2885154707608],[-73.9869245891668,40.2885064570642]]}},{"type":"Feature","id":237015,"properties":{"OBJECTID":237015,"PRIMENAME":"Atlantic Avenue","ELEVTYP_F":0,"ELEVTYP_T":0},"geometry":{"type":"LineString","coordinates":[[-74.002021289818,40.3110168317436],[-74.0012201618003,40.3113111247727],[-74.0010925516666,40.3113577373688]]}},{"type":"Feature","id":237181,"properties":{"OBJECTID":237181,"PRIMENAME":"Kossick Way","ELEVTYP_F":0,"ELEVTYP_T":0},"geometry":{"type":"LineString","coordinates":[[-73.9874669246044,40.2845424501276],[-73.9874874295315,40.2844712204094],[-73.9876599678256,40.2838714677872],[-73.987687024545,40.2837774272014]]}},{"type":"Feature","id":237286,"properties":{"OBJECTID":237286,"PRIMENAME":"Garfield Avenue","ELEVTYP_F":0,"ELEVTYP_T":0},"geometry":{"type":"LineString","coordinates":[[-74.0057225759668,40.2609784758663],[-74.0059429049513,40.2609998789257],[-74.0069049697672,40.2610933291009],[-74.0077255916023,40.2611683086065],[-74.0078184113107,40.261171860249]]}},{"type":"Feature","id":237515,"properties":{"OBJECTID":237515,"PRIMENAME":"Unnamed Segment","ELEVTYP_F":0,"ELEVTYP_T":0},"geometry":{"type":"LineString","coordinates":[[-73.977692455896,40.3179668848617],[-73.9776934411543,40.3179808782736],[-73.9776938644343,40.3179868731388],[-73.9777338196956,40.3185545720265],[-73.9767918226187,40.3185959506676],[-73.9766934556194,40.3185817599484],[-73.9765270100196,40.3185577456932]]}},{"type":"Feature","id":238517,"properties":{"OBJECTID":238517,"PRIMENAME":"Wooley Avenue","ELEVTYP_F":0,"ELEVTYP_T":0},"geometry":{"type":"LineString","coordinates":[[-73.9938476459706,40.2895147900552],[-73.9950183877571,40.290218746904],[-73.9951094319551,40.2902734719866]]}},{"type":"Feature","id":238543,"properties":{"OBJECTID":238543,"PRIMENAME":"Myrtle Avenue","ELEVTYP_F":0,"ELEVTYP_T":0},"geometry":{"type":"LineString","coordinates":[[-74.0079872465577,40.3012541687239],[-74.0080481669016,40.3014064443821],[-74.008171130222,40.3016166456734],[-74.0082260483316,40.3017074438466]]}},{"type":"Feature","id":238709,"properties":{"OBJECTID":238709,"PRIMENAME":"Unnamed Segment","ELEVTYP_F":0,"ELEVTYP_T":0},"geometry":{"type":"LineString","coordinates":[[-73.9783358080301,40.3135591780496],[-73.9784504160218,40.3129301792012],[-73.9784714144173,40.3128381791732],[-73.9784764163581,40.3127631780463],[-73.9784694152317,40.3127011787052],[-73.9784414142035,40.3126371789033],[-73.9783514169668,40.3125081793773],[-73.9779914149055,40.3120271781545],[-73.9779124156508,40.311943178707],[-73.9777544146851,40.3117981787708],[-73.9776604161879,40.3117201782514],[-73.9775584148536,40.3116481795081]]}},{"type":"Feature","id":238828,"properties":{"OBJECTID":238828,"PRIMENAME":"Bath Avenue","ELEVTYP_F":0,"ELEVTYP_T":0},"geometry":{"type":"LineString","coordinates":[[-73.9839743960113,40.2929952814883],[-73.9834744895951,40.2931280603932],[-73.9828116553227,40.2933007619567]]}},{"type":"Feature","id":238995,"properties":{"OBJECTID":238995,"PRIMENAME":"Park Avenue","ELEVTYP_F":0,"ELEVTYP_T":0},"geometry":{"type":"LineString","coordinates":[[-73.9942270560926,40.2696990048211],[-73.9941792316099,40.2696914661887],[-73.9927809664972,40.2694708609642],[-73.9916836603052,40.2692957324758]]}},{"type":"Feature","id":239029,"properties":{"OBJECTID":239029,"PRIMENAME":"Port Au Peck Avenue","ELEVTYP_F":0,"ELEVTYP_T":0},"geometry":{"type":"LineString","coordinates":[[-74.0037439889998,40.3269292442771],[-74.0036029033991,40.3275334881223],[-74.0035865825847,40.3276022126992]]}},{"type":"Feature","id":239163,"properties":{"OBJECTID":239163,"PRIMENAME":"Unnamed Segment","ELEVTYP_F":0,"ELEVTYP_T":0},"geometry":{"type":"LineString","coordinates":[[-73.9947602310864,40.2929105349177],[-73.9945624182548,40.2931421750598],[-73.9944614211935,40.293283174133],[-73.9944344190016,40.293325174544],[-73.9943694192894,40.2934271755915],[-73.994037419296,40.2938551753001],[-73.9939134197802,40.2940151744445],[-73.9936994200802,40.2942421750123],[-73.9935794196056,40.2943871755085],[-73.993380780026,40.2946458666155]]}},{"type":"Feature","id":239220,"properties":{"OBJECTID":239220,"PRIMENAME":"Windsor Avenue","ELEVTYP_F":0,"ELEVTYP_T":0},"geometry":{"type":"LineString","coordinates":[[-74.0092813361594,40.2998541856616],[-74.0094580378743,40.2997583592547],[-74.0102706133734,40.2992947312539],[-74.0103674588577,40.2992394678763]]}},{"type":"Feature","id":239289,"properties":{"OBJECTID":239289,"PRIMENAME":"Unnamed Segment","ELEVTYP_F":0,"ELEVTYP_T":0},"geometry":{"type":"LineString","coordinates":[[-73.9937082681992,40.2948064626904],[-73.9933074205503,40.2952931754207],[-73.9931594187619,40.2954821751623]]}},{"type":"Feature","id":239331,"properties":{"OBJECTID":239331,"PRIMENAME":"Pearl Street","ELEVTYP_F":0,"ELEVTYP_T":0},"geometry":{"type":"LineString","coordinates":[[-74.0011910535981,40.2998788027721],[-74.0011808532275,40.2998275329856],[-74.001126848546,40.2995556617587],[-74.0011143010828,40.2995257229288]]}},{"type":"Feature","id":239474,"properties":{"OBJECTID":239474,"PRIMENAME":"Madison Avenue","ELEVTYP_F":0,"ELEVTYP_T":0},"geometry":{"type":"LineString","coordinates":[[-73.9793830271808,40.3058317502686],[-73.9805154889714,40.3058882935596]]}},{"type":"Feature","id":239543,"properties":{"OBJECTID":239543,"PRIMENAME":"Seaview Avenue","ELEVTYP_F":0,"ELEVTYP_T":0},"geometry":{"type":"LineString","coordinates":[[-73.9771710437485,40.3111544383995],[-73.9772368328219,40.3111682041031],[-73.9774235123283,40.3111785728409],[-73.9774908274999,40.3111766036385],[-73.9778469719394,40.31116618248],[-73.9789493564263,40.3111091940154],[-73.9795908049914,40.3110834764639]]}},{"type":"Feature","id":239919,"properties":{"OBJECTID":239919,"PRIMENAME":"Woodgate Avenue","ELEVTYP_F":0,"ELEVTYP_T":0},"geometry":{"type":"LineString","coordinates":[[-73.9965519547261,40.2835298750599],[-73.9965870100256,40.2834769075488],[-73.9966624866509,40.2833676471817],[-73.9967008257872,40.2832343685411],[-73.996715632188,40.2829103600889],[-73.9967356500155,40.282734067258],[-73.9966958293932,40.2813898899197],[-73.9966930358495,40.2812978302672]]}},{"type":"Feature","id":240355,"properties":{"OBJECTID":240355,"PRIMENAME":"Avery Avenue","ELEVTYP_F":0,"ELEVTYP_T":0},"geometry":{"type":"LineString","coordinates":[[-73.9814644138352,40.2883431752965],[-73.9831986111109,40.2882768596043],[-73.9833125748447,40.2882716863235]]}},{"type":"Feature","id":240433,"properties":{"OBJECTID":240433,"PRIMENAME":"Van Court Avenue","ELEVTYP_F":0,"ELEVTYP_T":0},"geometry":{"type":"LineString","coordinates":[[-73.9991163298168,40.2757413413899],[-73.9990594656803,40.2750591828217]]}},{"type":"Feature","id":240552,"properties":{"OBJECTID":240552,"PRIMENAME":"Riverdale Avenue","ELEVTYP_F":0,"ELEVTYP_T":0},"geometry":{"type":"LineString","coordinates":[[-73.9812370401277,40.3297645101075],[-73.981201260864,40.329691657071],[-73.980931385569,40.3291519209336],[-73.980857775879,40.3290028559138]]}},{"type":"Feature","id":240640,"properties":{"OBJECTID":240640,"PRIMENAME":"Berger Avenue","ELEVTYP_F":0,"ELEVTYP_T":0},"geometry":{"type":"LineString","coordinates":[[-74.0026290829649,40.2630936236431],[-74.0021501423029,40.2630461031454],[-74.0002601785566,40.2628663803179],[-74.0000447119036,40.2628458754989]]}},{"type":"Feature","id":240654,"properties":{"OBJECTID":240654,"PRIMENAME":"Bay View Place","ELEVTYP_F":0,"ELEVTYP_T":0},"geometry":{"type":"LineString","coordinates":[[-74.0097841095545,40.3219702114442],[-74.0097598353264,40.3220733551012],[-74.0095760719413,40.3228545468563]]}},{"type":"Feature","id":240720,"properties":{"OBJECTID":240720,"PRIMENAME":"Howland Avenue","ELEVTYP_F":0,"ELEVTYP_T":0},"geometry":{"type":"LineString","coordinates":[[-73.9827924575829,40.287542566596],[-73.9816790720976,40.2875885084421],[-73.9816044038985,40.2875881739236]]}},{"type":"Feature","id":240860,"properties":{"OBJECTID":240860,"PRIMENAME":"Halberton Place","ELEVTYP_F":0,"ELEVTYP_T":0},"geometry":{"type":"LineString","coordinates":[[-73.9902122481048,40.3087127089243],[-73.9903021721668,40.3086662998453],[-73.9912122433502,40.3081965930861]]}},{"type":"Feature","id":241037,"properties":{"OBJECTID":241037,"PRIMENAME":"Unnamed Segment","ELEVTYP_F":0,"ELEVTYP_T":0},"geometry":{"type":"LineString","coordinates":[[-74.0033404217972,40.2794141712889],[-74.0033984218469,40.2795161714964],[-74.0035624222138,40.2797371723941],[-74.0036764202141,40.2798481707247],[-74.0037494210524,40.2799071708957],[-74.003874422162,40.2799851718725],[-74.0039904206561,40.2800431718754],[-74.0040384226063,40.2800621717262],[-74.0040904232957,40.2800701718116],[-74.0041804208287,40.2800641718074],[-74.0042034222956,40.2800711712316],[-74.0043474211538,40.2802101710951],[-74.004424422455,40.2802691717627],[-74.004502421994,40.2803101724437],[-74.0045744211898,40.2803391721943],[-74.0046244225684,40.2803731709611],[-74.0046594207698,40.2804171721652],[-74.0046754220453,40.2804571714614],[-74.0046904222953,40.2806441714224],[-74.0047654205564,40.2813181713498],[-74.0047992499257,40.2817595308676]]}},{"type":"Feature","id":241301,"properties":{"OBJECTID":241301,"PRIMENAME":"Central Avenue","ELEVTYP_F":0,"ELEVTYP_T":0},"geometry":{"type":"LineString","coordinates":[[-73.9850340169024,40.3093093632987],[-73.9848244189426,40.3089691773669],[-73.9847244171411,40.3088001778499]]}},{"type":"Feature","id":241336,"properties":{"OBJECTID":241336,"PRIMENAME":"Ellis Avenue","ELEVTYP_F":0,"ELEVTYP_T":0},"geometry":{"type":"LineString","coordinates":[[-73.9853946847264,40.3095357745819],[-73.98540474338,40.3095558075795],[-73.9854848068627,40.3096705010403],[-73.9856049755225,40.3098041631556]]}},{"type":"Feature","id":241397,"properties":{"OBJECTID":241397,"PRIMENAME":"Unnamed Segment","ELEVTYP_F":0,"ELEVTYP_T":0},"geometry":{"type":"LineString","coordinates":[[-74.012646427488,40.3127111773478],[-74.0130164268799,40.3126341775291],[-74.0132004265109,40.3126561776863]]}},{"type":"Feature","id":241499,"properties":{"OBJECTID":241499,"PRIMENAME":"Woodgate Avenue","ELEVTYP_F":0,"ELEVTYP_T":0},"geometry":{"type":"LineString","coordinates":[[-73.9963531725266,40.2711128446481],[-73.9963376960111,40.2701072015206],[-73.9963366345129,40.2700377432339]]}},{"type":"Feature","id":242027,"properties":{"OBJECTID":242027,"PRIMENAME":"2nd Avenue","ELEVTYP_F":0,"ELEVTYP_T":0},"geometry":{"type":"LineString","coordinates":[[-73.9866540155974,40.2832675676974],[-73.9865731754328,40.2835711556163],[-73.9865464137473,40.2836639354272]]}},{"type":"Feature","id":242203,"properties":{"OBJECTID":242203,"PRIMENAME":"Branchport Avenue","ELEVTYP_F":0,"ELEVTYP_T":0},"geometry":{"type":"LineString","coordinates":[[-74.0072415495758,40.3136960203927],[-74.0070881398427,40.3134238119472],[-74.0070823693657,40.3134135478053]]}},{"type":"Feature","id":242296,"properties":{"OBJECTID":242296,"PRIMENAME":"South Broadway","ELEVTYP_F":0,"ELEVTYP_T":0},"geometry":{"type":"LineString","coordinates":[[-73.9833109318596,40.3052954700879],[-73.9830721772295,40.3052789473769],[-73.9822435299553,40.3052216005914]]}},{"type":"Feature","id":242600,"properties":{"OBJECTID":242600,"PRIMENAME":"James Street","ELEVTYP_F":0,"ELEVTYP_T":0},"geometry":{"type":"LineString","coordinates":[[-73.9811891970731,40.3127285685865],[-73.9812181117058,40.3125669765934]]}},{"type":"Feature","id":242868,"properties":{"OBJECTID":242868,"PRIMENAME":"Ithaca Avenue","ELEVTYP_F":0,"ELEVTYP_T":0},"geometry":{"type":"LineString","coordinates":[[-74.0035865825847,40.3276022126992],[-74.0038411262286,40.3276290544408]]}},{"type":"Feature","id":243078,"properties":{"OBJECTID":243078,"PRIMENAME":"Valentine Street","ELEVTYP_F":0,"ELEVTYP_T":0},"geometry":{"type":"LineString","coordinates":[[-73.975249529244,40.327057836425],[-73.9755854150931,40.3271117929362],[-73.9756725364596,40.3271169370045],[-73.9756851732494,40.3271155118075]]}},{"type":"Feature","id":243356,"properties":{"OBJECTID":243356,"PRIMENAME":"Patten Avenue","ELEVTYP_F":0,"ELEVTYP_T":0},"geometry":{"type":"LineString","coordinates":[[-73.9919132390311,40.32823882296],[-73.9917219328992,40.3285230095062],[-73.9916949327711,40.3285591556607],[-73.991692853653,40.3285619376485],[-73.9915835214231,40.3287083059435],[-73.9915690578305,40.3287292329922],[-73.9915079851904,40.3288175897015],[-73.9912381176703,40.3290975941639],[-73.9911794314518,40.329160172793]]}},{"type":"Feature","id":243828,"properties":{"OBJECTID":243828,"PRIMENAME":"Hollywood Avenue","ELEVTYP_F":0,"ELEVTYP_T":0},"geometry":{"type":"LineString","coordinates":[[-73.9970290689387,40.2864786391093],[-73.9971685577807,40.2864582438063],[-73.997579704602,40.286398070769],[-73.9985202875229,40.2862972838043],[-73.9987143054132,40.2862759710159]]}},{"type":"Feature","id":244278,"properties":{"OBJECTID":244278,"PRIMENAME":"Riverview Avenue","ELEVTYP_F":0,"ELEVTYP_T":0},"geometry":{"type":"LineString","coordinates":[[-73.9884138951156,40.3204067999263],[-73.9884366699542,40.3202736209261],[-73.9884626024096,40.3201355148917],[-73.9884822943565,40.3200021583246],[-73.9884955302928,40.3198926009157],[-73.9884776009738,40.3198019293221],[-73.9884536118275,40.3196779049157],[-73.9884508274204,40.3196714141963]]}},{"type":"Feature","id":244344,"properties":{"OBJECTID":244344,"PRIMENAME":"Ocean Boulevard","ELEVTYP_F":0,"ELEVTYP_T":0},"geometry":{"type":"LineString","coordinates":[[-73.9834237784494,40.2882666375076],[-73.9834264244182,40.2882533898177],[-73.98353032419,40.2876866923703],[-73.9835587981598,40.2875109333335]]}},{"type":"Feature","id":244390,"properties":{"OBJECTID":244390,"PRIMENAME":"Union Avenue","ELEVTYP_F":0,"ELEVTYP_T":0},"geometry":{"type":"LineString","coordinates":[[-73.9859491763462,40.3057460161723],[-73.9861503409829,40.3057120733398],[-73.9870789839956,40.3055684469368],[-73.9876904937833,40.3054686248237],[-73.9879401869903,40.3054278641355]]}},{"type":"Feature","id":244433,"properties":{"OBJECTID":244433,"PRIMENAME":"Joline Avenue","ELEVTYP_F":0,"ELEVTYP_T":0},"geometry":{"type":"LineString","coordinates":[[-73.9937126073547,40.3094910828922],[-73.993438072962,40.3095719903361],[-73.9926279154158,40.3098148775937]]}},{"type":"Feature","id":244464,"properties":{"OBJECTID":244464,"PRIMENAME":"South Bath Avenue","ELEVTYP_F":0,"ELEVTYP_T":0},"geometry":{"type":"LineString","coordinates":[[-73.982535040167,40.2920684656053],[-73.9824181002479,40.2920350820121]]}},{"type":"Feature","id":244476,"properties":{"OBJECTID":244476,"PRIMENAME":"Palmer Avenue","ELEVTYP_F":0,"ELEVTYP_T":0},"geometry":{"type":"LineString","coordinates":[[-74.0118676467433,40.2783072196517],[-74.0120033304134,40.2782946423114]]}},{"type":"Feature","id":244600,"properties":{"OBJECTID":244600,"PRIMENAME":"Elmwood Avenue","ELEVTYP_F":0,"ELEVTYP_T":0},"geometry":{"type":"LineString","coordinates":[[-74.0095801887531,40.2828668286528],[-74.0095095245159,40.2824819236442],[-74.0094741377321,40.2822101073702],[-74.0094614712711,40.2821127625076]]}},{"type":"Feature","id":244775,"properties":{"OBJECTID":244775,"PRIMENAME":"Victor Avenue","ELEVTYP_F":0,"ELEVTYP_T":0},"geometry":{"type":"LineString","coordinates":[[-74.0120559993521,40.3027277204494],[-74.0114084938943,40.3020590001273],[-74.011365326219,40.3020139614651]]}},{"type":"Feature","id":244811,"properties":{"OBJECTID":244811,"PRIMENAME":"Shrewsbury Avenue","ELEVTYP_F":0,"ELEVTYP_T":0},"geometry":{"type":"LineString","coordinates":[[-74.0118713384719,40.3199564832736],[-74.011866223478,40.3199496257202],[-74.0117057081261,40.3197582940769],[-74.0115511585168,40.3196051184214],[-74.0113592753594,40.319447062733],[-74.0111300945146,40.3192888220917],[-74.0108698499287,40.3191066210266],[-74.0108397576645,40.3190819239198]]}},{"type":"Feature","id":244936,"properties":{"OBJECTID":244936,"PRIMENAME":"Avenel Boulevard","ELEVTYP_F":0,"ELEVTYP_T":0},"geometry":{"type":"LineString","coordinates":[[-73.9801031012439,40.3178035436777],[-73.9798565946146,40.3178237576743],[-73.9796456975871,40.3178448527501]]}},{"type":"Feature","id":245041,"properties":{"OBJECTID":245041,"PRIMENAME":"7th Avenue","ELEVTYP_F":0,"ELEVTYP_T":0},"geometry":{"type":"LineString","coordinates":[[-73.9963418605296,40.3068241443695],[-73.9968105348641,40.3074603810508],[-73.9968383301518,40.3074983583328]]}},{"type":"Feature","id":245361,"properties":{"OBJECTID":245361,"PRIMENAME":"Ludlow Street","ELEVTYP_F":0,"ELEVTYP_T":0},"geometry":{"type":"LineString","coordinates":[[-73.9978956022947,40.310932537084],[-73.998761948891,40.3121252145799],[-73.9988159783764,40.3121995699271]]}},{"type":"Feature","id":245600,"properties":{"OBJECTID":245600,"PRIMENAME":"Wall Street","ELEVTYP_F":0,"ELEVTYP_T":0},"geometry":{"type":"LineString","coordinates":[[-74.0038960146297,40.2918765001342],[-74.0035203894023,40.2920563464786]]}},{"type":"Feature","id":245724,"properties":{"OBJECTID":245724,"PRIMENAME":"Church Street","ELEVTYP_F":0,"ELEVTYP_T":0},"geometry":{"type":"LineString","coordinates":[[-73.9799479477478,40.3218564266373],[-73.9798108576342,40.3205401737471],[-73.9798046447187,40.3204805477313]]}},{"type":"Feature","id":245769,"properties":{"OBJECTID":245769,"PRIMENAME":"Candy Lane","ELEVTYP_F":0,"ELEVTYP_T":0},"geometry":{"type":"LineString","coordinates":[[-73.9922593687062,40.2613146763234],[-73.9922261720099,40.2614077583397],[-73.9920291854287,40.2619597282211],[-73.9919723234148,40.2620738448373],[-73.9919156385391,40.2621736866869],[-73.9918991898348,40.2621900308562],[-73.9918153093559,40.2622733647714]]}},{"type":"Feature","id":245898,"properties":{"OBJECTID":245898,"PRIMENAME":"Jennings Lane","ELEVTYP_F":0,"ELEVTYP_T":0},"geometry":{"type":"LineString","coordinates":[[-73.9990728257845,40.2929713322825],[-73.9990650447727,40.2929317326557],[-73.9990513520838,40.2928620452448],[-73.9990083865244,40.2926445239431],[-73.9989654484234,40.2924271432395]]}},{"type":"Feature","id":245949,"properties":{"OBJECTID":245949,"PRIMENAME":"Atlantic Avenue","ELEVTYP_F":0,"ELEVTYP_T":0},"geometry":{"type":"LineString","coordinates":[[-73.9988159783764,40.3121995699271],[-73.9985121372086,40.3123150340421]]}},{"type":"Feature","id":246010,"properties":{"OBJECTID":246010,"PRIMENAME":"Unnamed Segment","ELEVTYP_F":0,"ELEVTYP_T":0},"geometry":{"type":"LineString","coordinates":[[-73.9806102247932,40.3177619588747],[-73.9805861931595,40.3168597490898],[-73.9797848333622,40.3168313757567]]}},{"type":"Feature","id":246011,"properties":{"OBJECTID":246011,"PRIMENAME":"Unnamed Segment","ELEVTYP_F":0,"ELEVTYP_T":0},"geometry":{"type":"LineString","coordinates":[[-73.9789394982433,40.3151734991448],[-73.9795994159569,40.3152411789636]]}},{"type":"Feature","id":246222,"properties":{"OBJECTID":246222,"PRIMENAME":"Ocean Avenue","ELEVTYP_F":0,"ELEVTYP_T":0},"geometry":{"type":"LineString","coordinates":[[-73.9794254290652,40.297307422129],[-73.9793253842907,40.2978137926634],[-73.979054070316,40.2990994162472],[-73.9790405575998,40.2991641144645]]}},{"type":"Feature","id":246283,"properties":{"OBJECTID":246283,"PRIMENAME":"Branchport Avenue","ELEVTYP_F":0,"ELEVTYP_T":0},"geometry":{"type":"LineString","coordinates":[[-74.0062504203315,40.311931734698],[-74.0061600400387,40.3117708087987],[-74.006092097263,40.3116509467596],[-74.0059498678823,40.3114000264287],[-74.0058507537315,40.3112251712578],[-74.0058404726101,40.3112070340631],[-74.0057782237987,40.3111038357724]]}},{"type":"Feature","id":246353,"properties":{"OBJECTID":246353,"PRIMENAME":"Tabor Street","ELEVTYP_F":0,"ELEVTYP_T":0},"geometry":{"type":"LineString","coordinates":[[-74.0023305056469,40.296608892121],[-74.0022126895624,40.2966339981979],[-74.0015827788429,40.2967682998315]]}},{"type":"Feature","id":246365,"properties":{"OBJECTID":246365,"PRIMENAME":"Unnamed Segment","ELEVTYP_F":0,"ELEVTYP_T":0},"geometry":{"type":"LineString","coordinates":[[-73.9863444167477,40.2821971733011],[-73.9864064171096,40.2819351717884]]}},{"type":"Feature","id":246698,"properties":{"OBJECTID":246698,"PRIMENAME":"Jeffrey Street","ELEVTYP_F":0,"ELEVTYP_T":0},"geometry":{"type":"LineString","coordinates":[[-73.991072996603,40.2990767025357],[-73.9910031079916,40.2990492447626],[-73.9903659325631,40.2987989039556]]}},{"type":"Feature","id":247168,"properties":{"OBJECTID":247168,"PRIMENAME":"Unnamed Segment","ELEVTYP_F":0,"ELEVTYP_T":0},"geometry":{"type":"LineString","coordinates":[[-73.9960594205487,40.3143221774516],[-73.9970384201399,40.3143331793446]]}},{"type":"Feature","id":247254,"properties":{"OBJECTID":247254,"PRIMENAME":"Hoey Avenue","ELEVTYP_F":0,"ELEVTYP_T":0},"geometry":{"type":"LineString","coordinates":[[-73.9933659052788,40.2800520251385],[-73.9933210497508,40.2808127761068],[-73.993318342371,40.2808920457907]]}},{"type":"Feature","id":247331,"properties":{"OBJECTID":247331,"PRIMENAME":"West End Avenue","ELEVTYP_F":0,"ELEVTYP_T":0},"geometry":{"type":"LineString","coordinates":[[-73.9970388388007,40.2897641106821],[-73.9970320229732,40.2897604739132],[-73.9965859649861,40.2895128098497]]}},{"type":"Feature","id":247403,"properties":{"OBJECTID":247403,"PRIMENAME":"South Lincoln Avenue","ELEVTYP_F":0,"ELEVTYP_T":0},"geometry":{"type":"LineString","coordinates":[[-74.000756135221,40.2641882765552],[-74.000481292443,40.2640922002042],[-74.0003719893368,40.2640539815325]]}},{"type":"Feature","id":247477,"properties":{"OBJECTID":247477,"PRIMENAME":"Plaza Court","ELEVTYP_F":0,"ELEVTYP_T":0},"geometry":{"type":"LineString","coordinates":[[-73.9858449271638,40.2749937522996],[-73.9857483753157,40.2749791576394],[-73.9844804474362,40.2747876372412]]}},{"type":"Feature","id":247564,"properties":{"OBJECTID":247564,"PRIMENAME":"Cypress Avenue","ELEVTYP_F":0,"ELEVTYP_T":0},"geometry":{"type":"LineString","coordinates":[[-74.0060261242224,40.2639786864354],[-74.0059129892967,40.2651119791075],[-74.0058911506107,40.2653307380083],[-74.0058863976265,40.2653781826623]]}},{"type":"Feature","id":247932,"properties":{"OBJECTID":247932,"PRIMENAME":"Branchport Avenue","ELEVTYP_F":0,"ELEVTYP_T":0},"geometry":{"type":"LineString","coordinates":[[-74.0067335855959,40.3127921109831],[-74.006541105213,40.312449210223],[-74.0062504203315,40.311931734698]]}},{"type":"Feature","id":247963,"properties":{"OBJECTID":247963,"PRIMENAME":"Unnamed Segment","ELEVTYP_F":0,"ELEVTYP_T":0},"geometry":{"type":"LineString","coordinates":[[-73.9938476459706,40.2895147900552],[-73.9938464209629,40.2895159807715],[-73.9936141187252,40.2897418052111],[-73.9934667439427,40.2898859149412],[-73.9933923424841,40.28995866687]]}},{"type":"Feature","id":248160,"properties":{"OBJECTID":248160,"PRIMENAME":"Borden Place","ELEVTYP_F":0,"ELEVTYP_T":0},"geometry":{"type":"LineString","coordinates":[[-73.9875538902614,40.2933691160744],[-73.9875474178477,40.2933701754025],[-73.9874314159439,40.2933891752174],[-73.9869274156762,40.2933881743135],[-73.9867994178146,40.2934041742437],[-73.9867434160513,40.2934071754023],[-73.9866684154668,40.2934001750925],[-73.9866234180531,40.2933851740209]]}},{"type":"Feature","id":248343,"properties":{"OBJECTID":248343,"PRIMENAME":"Berry Place","ELEVTYP_F":0,"ELEVTYP_T":0},"geometry":{"type":"LineString","coordinates":[[-73.9825475734481,40.3148191511536],[-73.9824260402661,40.3148327180419],[-73.9811111822375,40.3149793511319],[-73.9810219530309,40.3149893282192]]}},{"type":"Feature","id":248402,"properties":{"OBJECTID":248402,"PRIMENAME":"Unnamed Segment","ELEVTYP_F":0,"ELEVTYP_T":0},"geometry":{"type":"LineString","coordinates":[[-73.9797158835004,40.3051605915704],[-73.9797101955428,40.3052772766478],[-73.9796742888234,40.3056297941755],[-73.9786825741736,40.3056094411783],[-73.9786898976572,40.3057365657879],[-73.978754367244,40.3058068687885]]}},{"type":"Feature","id":248470,"properties":{"OBJECTID":248470,"PRIMENAME":"Riverdale Avenue","ELEVTYP_F":0,"ELEVTYP_T":0},"geometry":{"type":"LineString","coordinates":[[-73.9801188896317,40.3275033514162],[-73.9798951393022,40.3270454623702],[-73.9797355791934,40.3267160353155]]}},{"type":"Feature","id":248473,"properties":{"OBJECTID":248473,"PRIMENAME":"Lincoln Court","ELEVTYP_F":0,"ELEVTYP_T":0},"geometry":{"type":"LineString","coordinates":[[-73.9951994405505,40.2681053110029],[-73.9954123509128,40.2673674720431],[-73.9954427285484,40.2672512100695],[-73.9954571307158,40.2671960901667],[-73.9954952504131,40.2670961387075],[-73.995551898331,40.2670058753747],[-73.9956147469715,40.2669203612147],[-73.9956837939798,40.2668395953067],[-73.9957215600012,40.2667826047369],[-73.9957600672367,40.2666207216987],[-73.995970038802,40.2659925406139],[-73.9960811514399,40.26560336715]]}},{"type":"Feature","id":248511,"properties":{"OBJECTID":248511,"PRIMENAME":"Cottage Avenue","ELEVTYP_F":0,"ELEVTYP_T":0},"geometry":{"type":"LineString","coordinates":[[-73.9954882309779,40.2794851592327],[-73.9945216478858,40.2795373544968]]}},{"type":"Feature","id":248674,"properties":{"OBJECTID":248674,"PRIMENAME":"Armand Zabrano Way","ELEVTYP_F":0,"ELEVTYP_T":0},"geometry":{"type":"LineString","coordinates":[[-73.9942890970977,40.3039645668971],[-73.9936970649005,40.3042297725301]]}},{"type":"Feature","id":248941,"properties":{"OBJECTID":248941,"PRIMENAME":"Van Court Avenue","ELEVTYP_F":0,"ELEVTYP_T":0},"geometry":{"type":"LineString","coordinates":[[-73.9989237895787,40.2735368356903],[-73.9989129503609,40.2734028774623]]}},{"type":"Feature","id":248976,"properties":{"OBJECTID":248976,"PRIMENAME":"Lockwood Place","ELEVTYP_F":0,"ELEVTYP_T":0},"geometry":{"type":"LineString","coordinates":[[-74.001809290795,40.2649218626024],[-74.001812965197,40.264903390509],[-74.0015891397179,40.2648881241561],[-74.0014336867531,40.2648731519696],[-74.001290809047,40.2648439582596],[-74.0011542724852,40.2648004621585],[-74.0010797675573,40.264771535893],[-74.0010366143693,40.26472369214],[-74.0010186450571,40.2646283001767],[-74.0009399386029,40.264332492802],[-74.0009164694298,40.2642443238339]]}},{"type":"Feature","id":249106,"properties":{"OBJECTID":249106,"PRIMENAME":"Fairfield Avenue","ELEVTYP_F":0,"ELEVTYP_T":0},"geometry":{"type":"LineString","coordinates":[[-73.9966020686957,40.2785036805115],[-73.9967048089987,40.2785017388885],[-73.9979370803517,40.2784784872812],[-73.9980304825781,40.2784693662246],[-73.9981052466892,40.2784553880453],[-73.9981863521404,40.2784271618428],[-73.9982675997229,40.2783798574981],[-73.9983612833645,40.2783326340307],[-73.9984487316476,40.2782900777044],[-73.99854223941,40.2782666271747],[-73.9986605853141,40.2782481153347],[-73.9989221189395,40.2782253923876],[-73.9993766913561,40.2781844795386],[-73.9994720613385,40.2781758602932]]}},{"type":"Feature","id":249358,"properties":{"OBJECTID":249358,"PRIMENAME":"Grand Avenue","ELEVTYP_F":0,"ELEVTYP_T":0},"geometry":{"type":"LineString","coordinates":[[-74.0058273380991,40.304010171376],[-74.0059977714997,40.3042305163864],[-74.0061636952583,40.3044392909624],[-74.0064234350934,40.3047661112078],[-74.0064993453971,40.3048644661557]]}},{"type":"Feature","id":249372,"properties":{"OBJECTID":249372,"PRIMENAME":"Bay View Place","ELEVTYP_F":0,"ELEVTYP_T":0},"geometry":{"type":"LineString","coordinates":[[-74.0095760719413,40.3228545468563],[-74.0094193553763,40.3235207456996],[-74.0094170242072,40.3235305088125]]}},{"type":"Feature","id":249535,"properties":{"OBJECTID":249535,"PRIMENAME":"South Lincoln Avenue","ELEVTYP_F":0,"ELEVTYP_T":0},"geometry":{"type":"LineString","coordinates":[[-74.0009164694298,40.2642443238339],[-74.000756135221,40.2641882765552]]}},{"type":"Feature","id":249563,"properties":{"OBJECTID":249563,"PRIMENAME":"Unnamed Segment","ELEVTYP_F":0,"ELEVTYP_T":0},"geometry":{"type":"LineString","coordinates":[[-73.987883227453,40.2933508399503],[-73.9878856602177,40.2932928276009],[-73.9878853343611,40.2932641645054],[-73.9878818781243,40.2929013513709],[-73.9878818361978,40.2928925706658],[-73.987888143137,40.2928778998352],[-73.9878974308862,40.2928689496707],[-73.987900897545,40.2928670249961],[-73.987944710844,40.2928459795812],[-73.9879537567753,40.2928427304108],[-73.9879645804751,40.2928408121746],[-73.9879842779903,40.2928402157454],[-73.9880287502354,40.2928428182023],[-73.9880437747409,40.2928459613341],[-73.9880585999908,40.2928501033132],[-73.9880664402467,40.2928532542824],[-73.9880771413645,40.2928649309333],[-73.9880832896748,40.2928803170662],[-73.9880787920697,40.2931530723929],[-73.9880773866645,40.293237378613],[-73.9880768311145,40.2932640833795],[-73.9880781967309,40.2933485594738],[-73.987883227453,40.2933508399503]]}},{"type":"Feature","id":249708,"properties":{"OBJECTID":249708,"PRIMENAME":"Orchard Road","ELEVTYP_F":0,"ELEVTYP_T":0},"geometry":{"type":"LineString","coordinates":[[-74.011657236157,40.2941191683386],[-74.0116648996745,40.2941104435785],[-74.0117090746464,40.2940248422652],[-74.011716169453,40.2939057294503],[-74.0117300506265,40.2937056075872],[-74.011761683319,40.2936342278595],[-74.0118242608725,40.2935868623664],[-74.0119800562748,40.2935636917818],[-74.0125716353785,40.2935232772498],[-74.0127436598988,40.2935115385208]]}},{"type":"Feature","id":249734,"properties":{"OBJECTID":249734,"PRIMENAME":"Truax Road","ELEVTYP_F":0,"ELEVTYP_T":0},"geometry":{"type":"LineString","coordinates":[[-73.9976252344871,40.2656306970687],[-73.9971521125548,40.2666100881056]]}},{"type":"Feature","id":249745,"properties":{"OBJECTID":249745,"PRIMENAME":"Bath Avenue","ELEVTYP_F":0,"ELEVTYP_T":0},"geometry":{"type":"LineString","coordinates":[[-73.9845430375379,40.2928441990577],[-73.9839743960113,40.2929952814883]]}},{"type":"Feature","id":249921,"properties":{"OBJECTID":249921,"PRIMENAME":"Unnamed Segment","ELEVTYP_F":0,"ELEVTYP_T":0},"geometry":{"type":"LineString","coordinates":[[-73.9935893384293,40.2767153368916],[-73.9931651634872,40.2766942631942]]}},{"type":"Feature","id":250005,"properties":{"OBJECTID":250005,"PRIMENAME":"Hearn Avenue","ELEVTYP_F":0,"ELEVTYP_T":0},"geometry":{"type":"LineString","coordinates":[[-73.9822691907325,40.3133662982367],[-73.9822870543751,40.313459495118],[-73.9824205884761,40.3141564683564]]}},{"type":"Feature","id":250043,"properties":{"OBJECTID":250043,"PRIMENAME":"Middle Lane","ELEVTYP_F":0,"ELEVTYP_T":0},"geometry":{"type":"LineString","coordinates":[[-74.0009759406331,40.3122922511979],[-74.0011690528814,40.3125989548408],[-74.0011754767553,40.3126373333616],[-74.0011618189471,40.3126756243915],[-74.0011314853821,40.3127138444117],[-74.0008697600271,40.3128763015922],[-74.0008362778715,40.3128940558593],[-74.0007994825784,40.3129041375449],[-74.0007527212146,40.3129039357555],[-74.0007060517597,40.3128960472476],[-74.0006627021465,40.3128805417948],[-74.0006195939699,40.3128420058006],[-74.0004644802208,40.3125959146501],[-74.0004547213793,40.3125575216896],[-74.0004582650347,40.3125243199072],[-74.0004785728118,40.3124937168503],[-74.0005155360612,40.3124657651797],[-74.0005624689138,40.3124378565376],[-74.0009140270929,40.3123141105241],[-74.0009759406331,40.3122922511979]]}},{"type":"Feature","id":250127,"properties":{"OBJECTID":250127,"PRIMENAME":"Rockwell Avenue","ELEVTYP_F":0,"ELEVTYP_T":0},"geometry":{"type":"LineString","coordinates":[[-73.9933086911089,40.3122449232825],[-73.9928072463823,40.3116703232586],[-73.9923975222322,40.3111985478712]]}},{"type":"Feature","id":250146,"properties":{"OBJECTID":250146,"PRIMENAME":"Patten Avenue","ELEVTYP_F":0,"ELEVTYP_T":0},"geometry":{"type":"LineString","coordinates":[[-73.9922014050155,40.3258993075175],[-73.9923186685389,40.3261968180955],[-73.9923368154046,40.3262428598817],[-73.99250196086,40.3266439159467],[-73.9925108666901,40.3266665479074]]}},{"type":"Feature","id":250190,"properties":{"OBJECTID":250190,"PRIMENAME":"Ocean Avenue","ELEVTYP_F":0,"ELEVTYP_T":0},"geometry":{"type":"LineString","coordinates":[[-73.9813364152996,40.2890391739461],[-73.9814644138352,40.2883431752965]]}},{"type":"Feature","id":250245,"properties":{"OBJECTID":250245,"PRIMENAME":"Unnamed Segment","ELEVTYP_F":0,"ELEVTYP_T":0},"geometry":{"type":"LineString","coordinates":[[-73.9832634732026,40.2890623924824],[-73.9834324147992,40.2890901747421],[-73.9834954160606,40.2890951745545],[-73.9838824156025,40.289086174657],[-73.9842324146543,40.2890911740978],[-73.9842554166267,40.2891141731846],[-73.9842114160646,40.289324174635],[-73.984209747841,40.2894088651657]]}},{"type":"Feature","id":250341,"properties":{"OBJECTID":250341,"PRIMENAME":"Highland Avenue","ELEVTYP_F":0,"ELEVTYP_T":0},"geometry":{"type":"LineString","coordinates":[[-74.0027404033105,40.274052617896],[-74.0026240370342,40.2740615999349],[-74.0017461996547,40.2741293088466],[-74.0014964213798,40.2741494814506]]}},{"type":"Feature","id":250362,"properties":{"OBJECTID":250362,"PRIMENAME":"Monmouth Avenue","ELEVTYP_F":0,"ELEVTYP_T":0},"geometry":{"type":"LineString","coordinates":[[-73.9853478417274,40.3068714030736],[-73.9861266176295,40.3067890764406],[-73.9862135660938,40.3067758194729]]}},{"type":"Feature","id":250409,"properties":{"OBJECTID":250409,"PRIMENAME":"Unnamed Segment","ELEVTYP_F":0,"ELEVTYP_T":0},"geometry":{"type":"LineString","coordinates":[[-73.9990184206642,40.290121173118],[-73.9985614200808,40.2900131732377]]}},{"type":"Feature","id":250437,"properties":{"OBJECTID":250437,"PRIMENAME":"Avenel Boulevard","ELEVTYP_F":0,"ELEVTYP_T":0},"geometry":{"type":"LineString","coordinates":[[-73.9781932369811,40.3179449613227],[-73.9783785379024,40.3179318791894]]}},{"type":"Feature","id":250517,"properties":{"OBJECTID":250517,"PRIMENAME":"Cedar Street","ELEVTYP_F":0,"ELEVTYP_T":0},"geometry":{"type":"LineString","coordinates":[[-74.0114177806665,40.2626993500894],[-74.0108269927748,40.26071199825],[-74.0108014184503,40.2606259100524]]}},{"type":"Feature","id":250825,"properties":{"OBJECTID":250825,"PRIMENAME":"Avenel Boulevard","ELEVTYP_F":0,"ELEVTYP_T":0},"geometry":{"type":"LineString","coordinates":[[-73.9784058504586,40.3178267509665],[-73.9783680418139,40.3178837909564],[-73.9782930102574,40.31792633276],[-73.9781932369811,40.3179449613227]]}},{"type":"Feature","id":251006,"properties":{"OBJECTID":251006,"PRIMENAME":"Hearn Avenue","ELEVTYP_F":0,"ELEVTYP_T":0},"geometry":{"type":"LineString","coordinates":[[-73.982625861476,40.3152276853263],[-73.9826779048303,40.3154993916602]]}},{"type":"Feature","id":251007,"properties":{"OBJECTID":251007,"PRIMENAME":"Dudley Street","ELEVTYP_F":0,"ELEVTYP_T":0},"geometry":{"type":"LineString","coordinates":[[-73.9959268130118,40.3020186075575],[-73.996016240916,40.3020904273825],[-73.9968516056028,40.3027612864458],[-73.996912048103,40.3028062137825]]}},{"type":"Feature","id":251341,"properties":{"OBJECTID":251341,"PRIMENAME":"Unnamed Segment","ELEVTYP_F":0,"ELEVTYP_T":0},"geometry":{"type":"LineString","coordinates":[[-73.979853685896,40.3031476844994],[-73.9798448237945,40.3034159962172],[-73.9798023002286,40.3035492508171],[-73.9797348200988,40.3047721992952],[-73.9797158835004,40.3051605915704]]}},{"type":"Feature","id":251869,"properties":{"OBJECTID":251869,"PRIMENAME":"2nd Avenue","ELEVTYP_F":0,"ELEVTYP_T":0},"geometry":{"type":"LineString","coordinates":[[-73.9849008786447,40.2894071336858],[-73.9846168572636,40.2904207195997],[-73.9845938759045,40.2905012991436]]}},{"type":"Feature","id":251962,"properties":{"OBJECTID":251962,"PRIMENAME":"Conover Street","ELEVTYP_F":0,"ELEVTYP_T":0},"geometry":{"type":"LineString","coordinates":[[-74.0044661134618,40.2985250752839],[-74.0043648613247,40.2985400968623],[-74.002900479421,40.2987577962051],[-74.0028144072486,40.2987706579214]]}},{"type":"Feature","id":252372,"properties":{"OBJECTID":252372,"PRIMENAME":"Academy Street","ELEVTYP_F":0,"ELEVTYP_T":0},"geometry":{"type":"LineString","coordinates":[[-73.986420811762,40.3041119123181],[-73.9863180720419,40.30370157001],[-73.9863070061281,40.303657268006]]}},{"type":"Feature","id":252581,"properties":{"OBJECTID":252581,"PRIMENAME":"Liberty Street","ELEVTYP_F":0,"ELEVTYP_T":0},"geometry":{"type":"LineString","coordinates":[[-73.9860748139482,40.3062530098485],[-73.9862018489355,40.3067227025679],[-73.9862135660938,40.3067758194729]]}},{"type":"Feature","id":252695,"properties":{"OBJECTID":252695,"PRIMENAME":"Highland Avenue","ELEVTYP_F":0,"ELEVTYP_T":0},"geometry":{"type":"LineString","coordinates":[[-73.9989962263584,40.2743473197444],[-73.9988573580715,40.2743551188682],[-73.996592124639,40.274397719915],[-73.9964511777359,40.2744005102368]]}},{"type":"Feature","id":252756,"properties":{"OBJECTID":252756,"PRIMENAME":"Rockwell Avenue","ELEVTYP_F":0,"ELEVTYP_T":0},"geometry":{"type":"LineString","coordinates":[[-73.9891809369405,40.3057772414205],[-73.9891001160069,40.3054296427118],[-73.9890585482087,40.3052453108931]]}},{"type":"Feature","id":252891,"properties":{"OBJECTID":252891,"PRIMENAME":"Montgomery Row","ELEVTYP_F":0,"ELEVTYP_T":0},"geometry":{"type":"LineString","coordinates":[[-73.9862087037707,40.2848084115197],[-73.9859587803412,40.2847902564742],[-73.9849170812885,40.2848721700348],[-73.9844819128194,40.2849043264529],[-73.9844959494009,40.2851927000442]]}},{"type":"Feature","id":252988,"properties":{"OBJECTID":252988,"PRIMENAME":"Unnamed Segment","ELEVTYP_F":0,"ELEVTYP_T":0},"geometry":{"type":"LineString","coordinates":[[-73.9924444200703,40.3255681815016],[-73.9924374191917,40.3254511811076],[-73.9923894194435,40.3250731814394]]}},{"type":"Feature","id":253107,"properties":{"OBJECTID":253107,"PRIMENAME":"Elberon Square","ELEVTYP_F":0,"ELEVTYP_T":0},"geometry":{"type":"LineString","coordinates":[[-73.9911131859067,40.2642705611595],[-73.991086102185,40.2643316330961],[-73.9907098310605,40.2655596194088],[-73.9906992821765,40.2655803539737],[-73.9906786492233,40.2655984097153],[-73.9906548807872,40.2656092310385],[-73.9906264182523,40.2656151176779],[-73.9905916489374,40.2656161724119],[-73.9903266716792,40.2655738822747],[-73.9888825054085,40.2653227754138],[-73.9887457190273,40.2652990286279]]}},{"type":"Feature","id":253392,"properties":{"OBJECTID":253392,"PRIMENAME":"Park Lane","ELEVTYP_F":0,"ELEVTYP_T":0},"geometry":{"type":"LineString","coordinates":[[-73.9942270560926,40.2696990048211],[-73.9942444066574,40.2696405250019],[-73.9947358186038,40.267984117312]]}},{"type":"Feature","id":253469,"properties":{"OBJECTID":253469,"PRIMENAME":"Pacific Street","ELEVTYP_F":0,"ELEVTYP_T":0},"geometry":{"type":"LineString","coordinates":[[-73.9973651235832,40.3102023152493],[-73.9966322357299,40.3105098307307],[-73.9965944886427,40.3105222225292],[-73.9964651157728,40.3105646946475],[-73.9964384256976,40.3105661149947],[-73.9964376930485,40.3105660730774],[-73.9964096784587,40.3105644533428],[-73.9963912101153,40.3105596508096],[-73.9963584097312,40.310548500203],[-73.9963462150352,40.3105342815969],[-73.9962933115372,40.3104633074442]]}},{"type":"Feature","id":253577,"properties":{"OBJECTID":253577,"PRIMENAME":"Branchport Avenue","ELEVTYP_F":0,"ELEVTYP_T":0},"geometry":{"type":"LineString","coordinates":[[-74.0020396034912,40.3021657294687],[-74.0020529641986,40.3023482628575],[-74.002088084849,40.3026534342241],[-74.0020994421751,40.3028012305267],[-74.0021536968802,40.3030397481951],[-74.002287654731,40.3034696750573]]}},{"type":"Feature","id":253622,"properties":{"OBJECTID":253622,"PRIMENAME":"Prospect Street","ELEVTYP_F":0,"ELEVTYP_T":0},"geometry":{"type":"LineString","coordinates":[[-73.9948239139033,40.2974345953442],[-73.9946007363483,40.2976838189194]]}},{"type":"Feature","id":253812,"properties":{"OBJECTID":253812,"PRIMENAME":"Richard Lane","ELEVTYP_F":0,"ELEVTYP_T":0},"geometry":{"type":"LineString","coordinates":[[-74.013802210598,40.2918280970271],[-74.0127378253009,40.2919129755765],[-74.0126469493918,40.2919274996366]]}},{"type":"Feature","id":253911,"properties":{"OBJECTID":253911,"PRIMENAME":"Comanche Drive","ELEVTYP_F":0,"ELEVTYP_T":0},"geometry":{"type":"LineString","coordinates":[[-73.9998105403778,40.3235912170239],[-73.9997601173659,40.323332840923]]}},{"type":"Feature","id":254002,"properties":{"OBJECTID":254002,"PRIMENAME":"Hoey Avenue","ELEVTYP_F":0,"ELEVTYP_T":0},"geometry":{"type":"LineString","coordinates":[[-73.9941254774444,40.2752801204448],[-73.9941514708686,40.2761110472942]]}},{"type":"Feature","id":254342,"properties":{"OBJECTID":254342,"PRIMENAME":"Joline Avenue","ELEVTYP_F":0,"ELEVTYP_T":0},"geometry":{"type":"LineString","coordinates":[[-74.0098011235571,40.3042877621725],[-74.0094124409824,40.3042576736874],[-74.009304137459,40.3042500496542]]}},{"type":"Feature","id":254514,"properties":{"OBJECTID":254514,"PRIMENAME":"Hobart Manor","ELEVTYP_F":0,"ELEVTYP_T":0},"geometry":{"type":"LineString","coordinates":[[-73.9836676797253,40.3132948317986],[-73.9825865523222,40.3133500814588]]}},{"type":"Feature","id":254715,"properties":{"OBJECTID":254715,"PRIMENAME":"Chelsea Avenue","ELEVTYP_F":0,"ELEVTYP_T":0},"geometry":{"type":"LineString","coordinates":[[-73.9903216902452,40.3005808427428],[-73.9904731606978,40.3005627618432],[-73.9908987657684,40.3005119550995],[-73.9923541891084,40.3003565472519]]}},{"type":"Feature","id":254873,"properties":{"OBJECTID":254873,"PRIMENAME":"Sterling Place","ELEVTYP_F":0,"ELEVTYP_T":0},"geometry":{"type":"LineString","coordinates":[[-73.9890407331009,40.3187241001275],[-73.9889968138749,40.3186508837663],[-73.9888308089933,40.3183737358774],[-73.9887140796601,40.3181682904886],[-73.9886403481491,40.3180344929859],[-73.9885976017009,40.3179294651248],[-73.9885549287479,40.3178053581033],[-73.9885125418654,40.3176383721598],[-73.9884708042678,40.3173998770843],[-73.988399304481,40.3169753993588],[-73.9883842357955,40.3168858940963]]}},{"type":"Feature","id":255047,"properties":{"OBJECTID":255047,"PRIMENAME":"Whitman Terrace","ELEVTYP_F":0,"ELEVTYP_T":0},"geometry":{"type":"LineString","coordinates":[[-73.9793400542352,40.3064269284802],[-73.9787161343133,40.3064094183724]]}},{"type":"Feature","id":255248,"properties":{"OBJECTID":255248,"PRIMENAME":"Springdale Avenue","ELEVTYP_F":0,"ELEVTYP_T":0},"geometry":{"type":"LineString","coordinates":[[-73.9985167212615,40.2945836429157],[-73.9984489813961,40.2946732007748],[-73.9983604548562,40.2948634719619],[-73.9982464133004,40.2951346430444],[-73.9982401529416,40.2951424948542]]}},{"type":"Feature","id":255261,"properties":{"OBJECTID":255261,"PRIMENAME":"Washington Street","ELEVTYP_F":0,"ELEVTYP_T":0},"geometry":{"type":"LineString","coordinates":[[-74.0005408914807,40.3036934306298],[-74.0004909262029,40.3030725783744],[-74.0004908563483,40.3030712018686]]}},{"type":"Feature","id":255324,"properties":{"OBJECTID":255324,"PRIMENAME":"Brighton Avenue","ELEVTYP_F":0,"ELEVTYP_T":0},"geometry":{"type":"LineString","coordinates":[[-74.0017358605724,40.2903017865582],[-74.0016574249402,40.290257662304],[-74.0003929551221,40.2895468533701],[-73.9993879227274,40.2889850659632]]}},{"type":"Feature","id":255368,"properties":{"OBJECTID":255368,"PRIMENAME":"Sairs Avenue","ELEVTYP_F":0,"ELEVTYP_T":0},"geometry":{"type":"LineString","coordinates":[[-73.9881773860059,40.2858553379544],[-73.9880991706965,40.2862874184042],[-73.9879610673815,40.2870217832661]]}},{"type":"Feature","id":255552,"properties":{"OBJECTID":255552,"PRIMENAME":"Johnson Street","ELEVTYP_F":0,"ELEVTYP_T":0},"geometry":{"type":"LineString","coordinates":[[-73.9801188896317,40.3275033514162],[-73.9800033475339,40.327551147611],[-73.977718422002,40.3284968958013],[-73.9773607778508,40.3286449203231],[-73.9772605247447,40.3286864413427]]}},{"type":"Feature","id":255586,"properties":{"OBJECTID":255586,"PRIMENAME":"Unnamed Segment","ELEVTYP_F":0,"ELEVTYP_T":0},"geometry":{"type":"LineString","coordinates":[[-73.9889774156956,40.2801411725465],[-73.9888074174863,40.280125172546],[-73.9884034155997,40.2801221719918]]}},{"type":"Feature","id":255590,"properties":{"OBJECTID":255590,"PRIMENAME":"Monmouth Place","ELEVTYP_F":0,"ELEVTYP_T":0},"geometry":{"type":"LineString","coordinates":[[-73.9836653623755,40.3283562116572],[-73.9836652132303,40.3283348601139],[-73.9827927207248,40.3285196950693],[-73.9824269225628,40.3285971858061]]}},{"type":"Feature","id":255719,"properties":{"OBJECTID":255719,"PRIMENAME":"Sairs Avenue","ELEVTYP_F":0,"ELEVTYP_T":0},"geometry":{"type":"LineString","coordinates":[[-73.9872425038209,40.2909670571497],[-73.9871001709764,40.291752695927]]}},{"type":"Feature","id":256061,"properties":{"OBJECTID":256061,"PRIMENAME":"Port Au Peck Avenue","ELEVTYP_F":0,"ELEVTYP_T":0},"geometry":{"type":"LineString","coordinates":[[-74.0052755243946,40.3204508750388],[-74.0050916851101,40.3212410083872],[-74.0050727636151,40.3213222682439]]}},{"type":"Feature","id":256552,"properties":{"OBJECTID":256552,"PRIMENAME":"Norwood Avenue","ELEVTYP_F":0,"ELEVTYP_T":0},"geometry":{"type":"LineString","coordinates":[[-74.0024603267409,40.297195553794],[-74.0025320921734,40.2975198516356],[-74.0025953179493,40.2977960995216]]}},{"type":"Feature","id":257042,"properties":{"OBJECTID":257042,"PRIMENAME":"Arthur Avenue","ELEVTYP_F":0,"ELEVTYP_T":0},"geometry":{"type":"LineString","coordinates":[[-73.9815571709922,40.2958102856172],[-73.9818344905916,40.2957628834229],[-73.9829096964544,40.2955791420138],[-73.9834922928454,40.2954795782135],[-73.9836199833863,40.2954577470228]]}},{"type":"Feature","id":257258,"properties":{"OBJECTID":257258,"PRIMENAME":"Norwood Avenue","ELEVTYP_F":0,"ELEVTYP_T":0},"geometry":{"type":"LineString","coordinates":[[-74.0027404033105,40.274052617896],[-74.0027800108309,40.2742774401535],[-74.0028217776778,40.2744961390617]]}},{"type":"Feature","id":257317,"properties":{"OBJECTID":257317,"PRIMENAME":"South Lincoln Avenue","ELEVTYP_F":0,"ELEVTYP_T":0},"geometry":{"type":"LineString","coordinates":[[-73.9996556159258,40.2640386390842],[-73.9998170667955,40.264026547633],[-74.000234099326,40.2639949951978],[-74.0003531035867,40.2639859827755]]}},{"type":"Feature","id":257353,"properties":{"OBJECTID":257353,"PRIMENAME":"North 5th Avenue","ELEVTYP_F":0,"ELEVTYP_T":0},"geometry":{"type":"LineString","coordinates":[[-73.9906631403873,40.3041389575224],[-73.9906406870078,40.3042115795008],[-73.990763327243,40.3052844800007],[-73.9909463924828,40.3066054553906],[-73.9909808747725,40.3068598236895],[-73.9909935858154,40.3069535902105],[-73.9911411214059,40.3080360976732],[-73.9911468246764,40.3081076078422],[-73.9911713516603,40.3081554000617],[-73.9912122433502,40.3081965930861]]}},{"type":"Feature","id":257370,"properties":{"OBJECTID":257370,"PRIMENAME":"Baruch Drive","ELEVTYP_F":0,"ELEVTYP_T":0},"geometry":{"type":"LineString","coordinates":[[-73.9985121372086,40.3123150340421],[-73.9985789832176,40.3124215903574],[-73.9990265948385,40.3131352790089]]}},{"type":"Feature","id":257451,"properties":{"OBJECTID":257451,"PRIMENAME":"Marine Terrace","ELEVTYP_F":0,"ELEVTYP_T":0},"geometry":{"type":"LineString","coordinates":[[-73.9792020418547,40.3098235174828],[-73.9792475288061,40.3103860772016],[-73.9792511654194,40.3104309498213]]}},{"type":"Feature","id":257455,"properties":{"OBJECTID":257455,"PRIMENAME":"Central Avenue","ELEVTYP_F":0,"ELEVTYP_T":0},"geometry":{"type":"LineString","coordinates":[[-73.9850340169024,40.3093093632987],[-73.9849680866387,40.3093337261601]]}},{"type":"Feature","id":257604,"properties":{"OBJECTID":257604,"PRIMENAME":"Truax Road","ELEVTYP_F":0,"ELEVTYP_T":0},"geometry":{"type":"LineString","coordinates":[[-73.9984708786766,40.2640994273039],[-73.998403506825,40.2641968104138],[-73.99839522506,40.2642087686468],[-73.9981896521755,40.2645056266998],[-73.9979633623552,40.2648239977966],[-73.9976908880639,40.2654947919316],[-73.9976252344871,40.2656306970687]]}},{"type":"Feature","id":257797,"properties":{"OBJECTID":257797,"PRIMENAME":"West End Avenue","ELEVTYP_F":0,"ELEVTYP_T":0},"geometry":{"type":"LineString","coordinates":[[-73.9909420225916,40.2863822622541],[-73.9906172125351,40.286200801706],[-73.9905241559328,40.2861574836676],[-73.9904434672593,40.2861285504176],[-73.9901636903164,40.2860939368079],[-73.9897789340764,40.2860475230404],[-73.9893580903293,40.2859967552624],[-73.9886465589372,40.2859109160885],[-73.9881773860059,40.2858553379544]]}},{"type":"Feature","id":257809,"properties":{"OBJECTID":257809,"PRIMENAME":"Ocean Avenue","ELEVTYP_F":0,"ELEVTYP_T":0},"geometry":{"type":"LineString","coordinates":[[-73.9816044038985,40.2875881739236],[-73.9816454814234,40.2873364841158],[-73.9816718350996,40.2871750194115]]}},{"type":"Feature","id":257831,"properties":{"OBJECTID":257831,"PRIMENAME":"Ocean Boulevard","ELEVTYP_F":0,"ELEVTYP_T":0},"geometry":{"type":"LineString","coordinates":[[-73.9836952995228,40.2866920956872],[-73.9837650246429,40.2862864994306],[-73.983830369818,40.2858769575882],[-73.9838415521511,40.285811370112]]}},{"type":"Feature","id":257922,"properties":{"OBJECTID":257922,"PRIMENAME":"Court Street","ELEVTYP_F":0,"ELEVTYP_T":0},"geometry":{"type":"LineString","coordinates":[[-73.9809627957028,40.2979345580963],[-73.9808684144317,40.2979231763443],[-73.9804894170269,40.2978791766761]]}},{"type":"Feature","id":257932,"properties":{"OBJECTID":257932,"PRIMENAME":"Monmouth Boulevard","ELEVTYP_F":0,"ELEVTYP_T":0},"geometry":{"type":"LineString","coordinates":[[-73.9992164683952,40.3205251137559],[-73.9994554720087,40.3205447331535],[-74.0003200631967,40.3206676401227],[-74.002235859472,40.3209332623341],[-74.0037412285093,40.3211399094247],[-74.0050727636151,40.3213222682439]]}},{"type":"Feature","id":258217,"properties":{"OBJECTID":258217,"PRIMENAME":"Highland Avenue","ELEVTYP_F":0,"ELEVTYP_T":0},"geometry":{"type":"LineString","coordinates":[[-74.0002537453594,40.2742483295266],[-73.999809926455,40.2742829778414],[-73.9995234641928,40.2743103721284],[-73.9990938972281,40.2743418405571],[-73.9989962263584,40.2743473197444]]}},{"type":"Feature","id":258672,"properties":{"OBJECTID":258672,"PRIMENAME":"Broadway","ELEVTYP_F":0,"ELEVTYP_T":0},"geometry":{"type":"LineString","coordinates":[[-73.9927697998898,40.3040162234586],[-73.991904354404,40.3040805074077]]}},{"type":"Feature","id":258679,"properties":{"OBJECTID":258679,"PRIMENAME":"Grazi Lane","ELEVTYP_F":0,"ELEVTYP_T":0},"geometry":{"type":"LineString","coordinates":[[-73.9934987363043,40.2623310437427],[-73.9934515573825,40.2622614591347],[-73.9934024258267,40.2621802050699],[-73.9933904545947,40.2621181924254],[-73.9934034922457,40.2620372384327],[-73.9934293554905,40.2619039057601],[-73.9934931617594,40.2616897010666],[-73.9935249163586,40.2615831051268]]}},{"type":"Feature","id":258682,"properties":{"OBJECTID":258682,"PRIMENAME":"Broadway","ELEVTYP_F":0,"ELEVTYP_T":0},"geometry":{"type":"LineString","coordinates":[[-73.9876692215718,40.304406572711],[-73.9859682336361,40.3047240033926],[-73.985704692952,40.3047731815598],[-73.9856817599424,40.3047758518326]]}},{"type":"Feature","id":258841,"properties":{"OBJECTID":258841,"PRIMENAME":"West Avenue","ELEVTYP_F":0,"ELEVTYP_T":0},"geometry":{"type":"LineString","coordinates":[[-73.9891723559786,40.2941868746684],[-73.9891779713514,40.2934411354124],[-73.989190339172,40.2928080063883],[-73.9892024909508,40.2927652895647],[-73.9892280771618,40.2927381972291],[-73.9892576419769,40.2927255356896]]}},{"type":"Feature","id":258946,"properties":{"OBJECTID":258946,"PRIMENAME":"West End Avenue","ELEVTYP_F":0,"ELEVTYP_T":0},"geometry":{"type":"LineString","coordinates":[[-73.9838415521511,40.285811370112],[-73.9837269753324,40.2858174472512]]}},{"type":"Feature","id":259360,"properties":{"OBJECTID":259360,"PRIMENAME":"FR CO 29 to RT 36 SB","ELEVTYP_F":0,"ELEVTYP_T":0},"geometry":{"type":"LineString","coordinates":[[-73.9787713418346,40.3205404086223],[-73.9786657301363,40.3205063590388],[-73.9786129595346,40.3204846811409],[-73.9785758266751,40.3204582975374],[-73.9785573620444,40.320429581617],[-73.9785421076459,40.3203937974212],[-73.9785362165302,40.3203437260255],[-73.9785587367467,40.3202509025598],[-73.9786091925263,40.3200979206218]]}},{"type":"Feature","id":259883,"properties":{"OBJECTID":259883,"PRIMENAME":"Cedar Avenue","ELEVTYP_F":0,"ELEVTYP_T":0},"geometry":{"type":"LineString","coordinates":[[-73.990511486127,40.2811557252623],[-73.9902279256552,40.2811872918896],[-73.9901186634203,40.2811994548327],[-73.9901067499856,40.2812011045819]]}},{"type":"Feature","id":260305,"properties":{"OBJECTID":260305,"PRIMENAME":"Horicon Avenue","ELEVTYP_F":0,"ELEVTYP_T":0},"geometry":{"type":"LineString","coordinates":[[-74.0042204393998,40.3249034365372],[-74.0041226920657,40.3248898410021],[-74.0000917793209,40.3243291622638],[-73.9999561968248,40.3243102929911]]}},{"type":"Feature","id":260477,"properties":{"OBJECTID":260477,"PRIMENAME":"Griffin Street","ELEVTYP_F":0,"ELEVTYP_T":0},"geometry":{"type":"LineString","coordinates":[[-73.9836716194945,40.3292546668992],[-73.984480202553,40.3292535511204],[-73.9851887020483,40.3292487725869]]}},{"type":"Feature","id":261144,"properties":{"OBJECTID":261144,"PRIMENAME":"Avery Avenue","ELEVTYP_F":0,"ELEVTYP_T":0},"geometry":{"type":"LineString","coordinates":[[-73.9834237784494,40.2882666375076],[-73.9851099339922,40.2881900399102],[-73.9852566720273,40.2881838018737]]}},{"type":"Feature","id":261280,"properties":{"OBJECTID":261280,"PRIMENAME":"Ticonderoga Avenue","ELEVTYP_F":0,"ELEVTYP_T":0},"geometry":{"type":"LineString","coordinates":[[-74.0031101576792,40.3296192598822],[-74.0030295315768,40.3296082065577],[-74.0010201189458,40.3293326683748],[-74.0009239457632,40.3293189940674]]}},{"type":"Feature","id":261560,"properties":{"OBJECTID":261560,"PRIMENAME":"Memorial Parkway","ELEVTYP_F":0,"ELEVTYP_T":0},"geometry":{"type":"LineString","coordinates":[[-73.9851491797575,40.3027497162893],[-73.9852516750787,40.3031392237056],[-73.9853966687714,40.3037165538727],[-73.9854161577676,40.3037897459661]]}},{"type":"Feature","id":261626,"properties":{"OBJECTID":261626,"PRIMENAME":"Greeley Terrace","ELEVTYP_F":0,"ELEVTYP_T":0},"geometry":{"type":"LineString","coordinates":[[-73.9792468506234,40.3079369911775],[-73.9801108345843,40.3079519028205],[-73.9802263249928,40.3079156704884],[-73.9802764412351,40.3076402615793]]}},{"type":"Feature","id":261910,"properties":{"OBJECTID":261910,"PRIMENAME":"Unnamed Segment","ELEVTYP_F":0,"ELEVTYP_T":0},"geometry":{"type":"LineString","coordinates":[[-73.9828116553227,40.2933007619567],[-73.9831178806257,40.2922349393755]]}},{"type":"Feature","id":261929,"properties":{"OBJECTID":261929,"PRIMENAME":"Unnamed Segment","ELEVTYP_F":0,"ELEVTYP_T":0},"geometry":{"type":"LineString","coordinates":[[-73.9850292437506,40.3139969621951],[-73.9849734166757,40.3137171782248],[-73.984902418053,40.313325179775],[-73.9848900237565,40.3132368342539]]}},{"type":"Feature","id":261963,"properties":{"OBJECTID":261963,"PRIMENAME":"Unnamed Segment","ELEVTYP_F":0,"ELEVTYP_T":0},"geometry":{"type":"LineString","coordinates":[[-73.9875294174795,40.2821931726046],[-73.9876404149918,40.2821981737694]]}},{"type":"Feature","id":262088,"properties":{"OBJECTID":262088,"PRIMENAME":"Unnamed Segment","ELEVTYP_F":0,"ELEVTYP_T":0},"geometry":{"type":"LineString","coordinates":[[-73.9984708786766,40.2640994273039],[-73.9987042864775,40.2636441761799],[-73.9989091681455,40.263313500564]]}},{"type":"Feature","id":262121,"properties":{"OBJECTID":262121,"PRIMENAME":"Unnamed Segment","ELEVTYP_F":0,"ELEVTYP_T":0},"geometry":{"type":"LineString","coordinates":[[-73.9918450228857,40.3249965873415],[-73.9918414199312,40.3249971803562],[-73.9916894219705,40.3250221820822],[-73.9912904219494,40.3250611818014]]}},{"type":"Feature","id":262132,"properties":{"OBJECTID":262132,"PRIMENAME":"Port Au Peck Avenue","ELEVTYP_F":0,"ELEVTYP_T":0},"geometry":{"type":"LineString","coordinates":[[-74.0039015885131,40.3262542174915],[-74.0037439889998,40.3269292442771]]}},{"type":"Feature","id":262148,"properties":{"OBJECTID":262148,"PRIMENAME":"Rosewood Avenue","ELEVTYP_F":0,"ELEVTYP_T":0},"geometry":{"type":"LineString","coordinates":[[-73.9839990016415,40.315080608705],[-73.9844915757401,40.3150278188404],[-73.9846122113952,40.3150142178633]]}},{"type":"Feature","id":262174,"properties":{"OBJECTID":262174,"PRIMENAME":"Oakwood Avenue","ELEVTYP_F":0,"ELEVTYP_T":0},"geometry":{"type":"LineString","coordinates":[[-74.0075626620035,40.2967681284957],[-74.0075978805167,40.2970481264376],[-74.0076033170963,40.2970944875437]]}},{"type":"Feature","id":262261,"properties":{"OBJECTID":262261,"PRIMENAME":"Jay Street","ELEVTYP_F":0,"ELEVTYP_T":0},"geometry":{"type":"LineString","coordinates":[[-74.0047528770673,40.3069152229649],[-74.0046582377185,40.306950917017],[-74.0036968837865,40.3073138036653]]}},{"type":"Feature","id":262348,"properties":{"OBJECTID":262348,"PRIMENAME":"2nd Avenue","ELEVTYP_F":0,"ELEVTYP_T":0},"geometry":{"type":"LineString","coordinates":[[-73.9828576483573,40.300303672628],[-73.9827462752974,40.301067468814],[-73.9827036676584,40.301359670329],[-73.9826996104767,40.3014543616808]]}},{"type":"Feature","id":262455,"properties":{"OBJECTID":262455,"PRIMENAME":"Unnamed Segment","ELEVTYP_F":0,"ELEVTYP_T":0},"geometry":{"type":"LineString","coordinates":[[-73.9823534169058,40.3185611790971],[-73.9825584168497,40.3185511802976]]}},{"type":"Feature","id":262470,"properties":{"OBJECTID":262470,"PRIMENAME":"Elmwood Avenue","ELEVTYP_F":0,"ELEVTYP_T":0},"geometry":{"type":"LineString","coordinates":[[-74.0103182121586,40.2869443521658],[-74.0101440122795,40.2859685683846],[-74.0099944972492,40.285124330177],[-74.0099772531692,40.2850302876664]]}},{"type":"Feature","id":262780,"properties":{"OBJECTID":262780,"PRIMENAME":"Unnamed Segment","ELEVTYP_F":0,"ELEVTYP_T":0},"geometry":{"type":"LineString","coordinates":[[-74.010725425144,40.3114111786097],[-74.0109174254667,40.311769178075]]}},{"type":"Feature","id":262796,"properties":{"OBJECTID":262796,"PRIMENAME":"Bayview Court","ELEVTYP_F":0,"ELEVTYP_T":0},"geometry":{"type":"LineString","coordinates":[[-73.9917269780809,40.3219221407771],[-73.9916624208591,40.3219081797779],[-73.9915744213231,40.3219031807978],[-73.9913954220905,40.3218711808777],[-73.990920420037,40.3218081811666],[-73.9908244205242,40.3218131796966],[-73.9906804193604,40.3218531805882],[-73.9906164204026,40.3218831814876],[-73.990537419572,40.3219751803541]]}},{"type":"Feature","id":263030,"properties":{"OBJECTID":263030,"PRIMENAME":"2nd Avenue","ELEVTYP_F":0,"ELEVTYP_T":0},"geometry":{"type":"LineString","coordinates":[[-73.9833905723826,40.2968789337336],[-73.9833457388613,40.2971541609773],[-73.9832387952063,40.2978008923607],[-73.9832087064766,40.2979828493166],[-73.9831399926748,40.2984323721788]]}},{"type":"Feature","id":263120,"properties":{"OBJECTID":263120,"PRIMENAME":"Unnamed Segment","ELEVTYP_F":0,"ELEVTYP_T":0},"geometry":{"type":"LineString","coordinates":[[-73.9951526427764,40.2955430603627],[-73.9951204186141,40.2956321758805],[-73.9950744183436,40.2957321751655],[-73.9950384196762,40.2957831745414],[-73.9948174182966,40.2960341743046],[-73.9947494197635,40.2960871756239],[-73.9947014193582,40.2961141748796],[-73.9945524203457,40.296221175209],[-73.9945184199484,40.2962321759137],[-73.9944694188254,40.2962341747352],[-73.9944474190037,40.2962261744312],[-73.9938734212392,40.2959361756925]]}},{"type":"Feature","id":263246,"properties":{"OBJECTID":263246,"PRIMENAME":"Unnamed Segment","ELEVTYP_F":0,"ELEVTYP_T":0},"geometry":{"type":"LineString","coordinates":[[-73.9876404149918,40.2821981737694],[-73.9878664185223,40.2821781727178],[-73.9879794173942,40.2821691726469]]}},{"type":"Feature","id":263510,"properties":{"OBJECTID":263510,"PRIMENAME":"Atlantic Avenue","ELEVTYP_F":0,"ELEVTYP_T":0},"geometry":{"type":"LineString","coordinates":[[-73.9985121372086,40.3123150340421],[-73.9979925583937,40.3125125216904],[-73.9978539077899,40.3125642282333],[-73.9974035175191,40.312732188306],[-73.9969187454591,40.3129129665478],[-73.9968586900918,40.3129356279581]]}},{"type":"Feature","id":263685,"properties":{"OBJECTID":263685,"PRIMENAME":"Unnamed Segment","ELEVTYP_F":0,"ELEVTYP_T":0},"geometry":{"type":"LineString","coordinates":[[-73.9876334165743,40.2832631732962],[-73.9878582962603,40.283245299156],[-73.9880234178177,40.2832321732497],[-73.988055417006,40.2832211727705],[-73.9880664171294,40.2832051725799],[-73.9880694175058,40.2831851731897],[-73.9880264179077,40.2829331728047]]}},{"type":"Feature","id":263730,"properties":{"OBJECTID":263730,"PRIMENAME":"Tabor Street","ELEVTYP_F":0,"ELEVTYP_T":0},"geometry":{"type":"LineString","coordinates":[[-74.0009556661986,40.2969019787357],[-74.0007227248357,40.2969516501734],[-74.0006354646893,40.2969703531226],[-74.0005358687206,40.2969699232108],[-74.0004241152738,40.2969360587248],[-74.0003144361639,40.2968970207027],[-74.000275072182,40.2968830093723],[-74.000181996308,40.2968492253238],[-74.0000890253561,40.2967916408611]]}},{"type":"Feature","id":263896,"properties":{"OBJECTID":263896,"PRIMENAME":"Unnamed Segment","ELEVTYP_F":0,"ELEVTYP_T":0},"geometry":{"type":"LineString","coordinates":[[-73.9939764220047,40.3254691808155],[-73.9939674200319,40.3260841806223]]}},{"type":"Feature","id":264156,"properties":{"OBJECTID":264156,"PRIMENAME":"Van Court Avenue","ELEVTYP_F":0,"ELEVTYP_T":0},"geometry":{"type":"LineString","coordinates":[[-74.000001841382,40.281563885063],[-73.9999931759541,40.2815042761288],[-73.9998362431679,40.2804251387461]]}},{"type":"Feature","id":264221,"properties":{"OBJECTID":264221,"PRIMENAME":"Norwood Avenue","ELEVTYP_F":0,"ELEVTYP_T":0},"geometry":{"type":"LineString","coordinates":[[-74.0028985401174,40.2764156849224],[-74.0028948731894,40.2764369409896],[-74.0028432177928,40.2767306021609]]}},{"type":"Feature","id":264368,"properties":{"OBJECTID":264368,"PRIMENAME":"Unnamed Segment","ELEVTYP_F":0,"ELEVTYP_T":0},"geometry":{"type":"LineString","coordinates":[[-73.9886804161933,40.2820291729587],[-73.9886864189943,40.2822791723118]]}},{"type":"Feature","id":264413,"properties":{"OBJECTID":264413,"PRIMENAME":"Exchange Place","ELEVTYP_F":0,"ELEVTYP_T":0},"geometry":{"type":"LineString","coordinates":[[-73.9979338616783,40.2995227431626],[-73.9978127410052,40.2995622427184]]}},{"type":"Feature","id":264419,"properties":{"OBJECTID":264419,"PRIMENAME":"Unnamed Segment","ELEVTYP_F":0,"ELEVTYP_T":0},"geometry":{"type":"LineString","coordinates":[[-74.0034174209745,40.2767591716974],[-74.0034964209355,40.2767561719542],[-74.0035914202224,40.2767401712998],[-74.0036694226378,40.2767201707784],[-74.0037844215093,40.2766821706327],[-74.003926421077,40.276646170316],[-74.0040144217351,40.276632171201],[-74.0040794207716,40.276635171595],[-74.0042074217295,40.2766571702704],[-74.004411419873,40.2767121712204],[-74.0045654219867,40.2767621707399],[-74.0047264207292,40.2768231709583],[-74.0048334226169,40.2768701705826],[-74.0049354211031,40.2769221707887],[-74.0051084217514,40.2770291717647],[-74.0052514202321,40.2771321713596],[-74.0053634226965,40.2772261712689],[-74.0054914206243,40.2773601720494],[-74.0055414216898,40.277393170699],[-74.0055459189205,40.2773948795573]]}},{"type":"Feature","id":264487,"properties":{"OBJECTID":264487,"PRIMENAME":"Norwood Avenue","ELEVTYP_F":0,"ELEVTYP_T":0},"geometry":{"type":"LineString","coordinates":[[-74.0018535085836,40.2829346250338],[-74.0019448293906,40.2834004163636],[-74.0019965023798,40.2836564371001]]}},{"type":"Feature","id":264516,"properties":{"OBJECTID":264516,"PRIMENAME":"Lincoln Avenue","ELEVTYP_F":0,"ELEVTYP_T":0},"geometry":{"type":"LineString","coordinates":[[-73.9930672464905,40.2646122435866],[-73.9932363432044,40.2646425232759]]}},{"type":"Feature","id":264565,"properties":{"OBJECTID":264565,"PRIMENAME":"Comanche Drive","ELEVTYP_F":0,"ELEVTYP_T":0},"geometry":{"type":"LineString","coordinates":[[-74.0004844314725,40.3197578494848],[-74.001830097022,40.319013224029],[-74.0025445043193,40.3186187654834]]}},{"type":"Feature","id":264629,"properties":{"OBJECTID":264629,"PRIMENAME":"Unnamed Segment","ELEVTYP_F":0,"ELEVTYP_T":0},"geometry":{"type":"LineString","coordinates":[[-73.9868891985482,40.2823844257284],[-73.9862815406343,40.2824328040563],[-73.9863444167477,40.2821971733011]]}},{"type":"Feature","id":264691,"properties":{"OBJECTID":264691,"PRIMENAME":"Wall Street","ELEVTYP_F":0,"ELEVTYP_T":0},"geometry":{"type":"LineString","coordinates":[[-74.0050558096436,40.2910787116601],[-74.0049122587616,40.2912174988134],[-74.004655280009,40.2914642098613],[-74.0045425570378,40.29155906828],[-74.0043676359108,40.2916488560473],[-74.0039866388332,40.2918331022403],[-74.0038960146297,40.2918765001342]]}},{"type":"Feature","id":264895,"properties":{"OBJECTID":264895,"PRIMENAME":"Jacob Lane","ELEVTYP_F":0,"ELEVTYP_T":0},"geometry":{"type":"LineString","coordinates":[[-73.9910434941087,40.2610560874616],[-73.991008714129,40.2611545706507],[-73.9908053054996,40.2617303381598]]}},{"type":"Feature","id":265058,"properties":{"OBJECTID":265058,"PRIMENAME":"Rosalyn Court","ELEVTYP_F":0,"ELEVTYP_T":0},"geometry":{"type":"LineString","coordinates":[[-73.9975471527521,40.2675817466579],[-73.9976565993082,40.267606050665],[-74.0001101587597,40.2681504302267],[-74.0001582946829,40.2681593682847],[-74.0001916003621,40.2681673902411],[-74.0002301595807,40.2681675567819],[-74.000284215953,40.2681559861505],[-74.0003279888071,40.2681345430589],[-74.0003538569039,40.2681110456874],[-74.0003694399201,40.2680874759818],[-74.0003851107468,40.2680521304893],[-74.0004246771968,40.2679105928559],[-74.0005195216773,40.2675863791371],[-74.000596282268,40.2672797393663],[-74.0006207251389,40.2671820328773]]}},{"type":"Feature","id":265428,"properties":{"OBJECTID":265428,"PRIMENAME":"Vandeveer Place","ELEVTYP_F":0,"ELEVTYP_T":0},"geometry":{"type":"LineString","coordinates":[[-73.9906549037855,40.3136176761817],[-73.9907509213378,40.3135676964146],[-73.9932197644176,40.3122821982808],[-73.9933086911089,40.3122449232825]]}},{"type":"Feature","id":265442,"properties":{"OBJECTID":265442,"PRIMENAME":"Exchange Place","ELEVTYP_F":0,"ELEVTYP_T":0},"geometry":{"type":"LineString","coordinates":[[-73.9960114392853,40.2980804241171],[-73.9972857398746,40.298781220128],[-73.9973404539632,40.298824420132],[-73.997393466316,40.2989039317422],[-73.997753694301,40.299469554609],[-73.9978127410052,40.2995622427184]]}},{"type":"Feature","id":265590,"properties":{"OBJECTID":265590,"PRIMENAME":"Unnamed Segment","ELEVTYP_F":0,"ELEVTYP_T":0},"geometry":{"type":"LineString","coordinates":[[-73.978593206299,40.31688860743],[-73.979304415516,40.3169751789692]]}},{"type":"Feature","id":265619,"properties":{"OBJECTID":265619,"PRIMENAME":"Unnamed Segment","ELEVTYP_F":0,"ELEVTYP_T":0},"geometry":{"type":"LineString","coordinates":[[-73.9886664163547,40.2817231721283],[-73.9886794157677,40.281829172436],[-73.9886804161933,40.2820291729587]]}},{"type":"Feature","id":265737,"properties":{"OBJECTID":265737,"PRIMENAME":"Cottage Avenue","ELEVTYP_F":0,"ELEVTYP_T":0},"geometry":{"type":"LineString","coordinates":[[-73.9945216478858,40.2795373544968],[-73.9943821600491,40.2795448987356],[-73.9933925435209,40.2795998390053]]}},{"type":"Feature","id":265767,"properties":{"OBJECTID":265767,"PRIMENAME":"Overlook Avenue","ELEVTYP_F":0,"ELEVTYP_T":0},"geometry":{"type":"LineString","coordinates":[[-73.9991887648443,40.2764214822151],[-73.9990412187107,40.2764243570022],[-73.9966452059667,40.2764711968105],[-73.9965273051598,40.2764734840244]]}},{"type":"Feature","id":265796,"properties":{"OBJECTID":265796,"PRIMENAME":"Elmwood Avenue","ELEVTYP_F":0,"ELEVTYP_T":0},"geometry":{"type":"LineString","coordinates":[[-74.0099772531692,40.2850302876664],[-74.0097669770465,40.2838842298881],[-74.0097541831031,40.2838143645935]]}},{"type":"Feature","id":266276,"properties":{"OBJECTID":266276,"PRIMENAME":"Unnamed Segment","ELEVTYP_F":0,"ELEVTYP_T":0},"geometry":{"type":"LineString","coordinates":[[-73.9986404202903,40.2895541739835],[-73.9987364189859,40.2895931741667]]}},{"type":"Feature","id":266342,"properties":{"OBJECTID":266342,"PRIMENAME":"Dunbar Avenue","ELEVTYP_F":0,"ELEVTYP_T":0},"geometry":{"type":"LineString","coordinates":[[-73.9824432271495,40.2944135087713],[-73.9820501045234,40.2944198482606],[-73.9818749141197,40.2944226871988]]}},{"type":"Feature","id":266409,"properties":{"OBJECTID":266409,"PRIMENAME":"Wertheim Place","ELEVTYP_F":0,"ELEVTYP_T":0},"geometry":{"type":"LineString","coordinates":[[-73.987752803458,40.2801458756153],[-73.9877534156592,40.2799391722431],[-73.9877484170891,40.2798831713623],[-73.9877274164071,40.2798381723563],[-73.9876854158777,40.2798111719364],[-73.9876444160606,40.2798081713295],[-73.9875604185226,40.2798091719655],[-73.9870514161614,40.2798441715405],[-73.9869814171494,40.279857172067],[-73.9869524169349,40.2798751719788],[-73.986935418156,40.2799081715602],[-73.9869464630917,40.2801099162394],[-73.9869544142271,40.2801996311553]]}},{"type":"Feature","id":266541,"properties":{"OBJECTID":266541,"PRIMENAME":"Clifton Avenue","ELEVTYP_F":0,"ELEVTYP_T":0},"geometry":{"type":"LineString","coordinates":[[-73.9810022503922,40.3134312822644],[-73.9810037500897,40.3135585839866],[-73.9810124302965,40.3143032323001]]}},{"type":"Feature","id":266937,"properties":{"OBJECTID":266937,"PRIMENAME":"Seaview Avenue","ELEVTYP_F":0,"ELEVTYP_T":0},"geometry":{"type":"LineString","coordinates":[[-73.9838289676674,40.3111067733855],[-73.9824920765023,40.3110679133404],[-73.9817019930747,40.3110416735285]]}},{"type":"Feature","id":267212,"properties":{"OBJECTID":267212,"PRIMENAME":"South 5th Avenue","ELEVTYP_F":0,"ELEVTYP_T":0},"geometry":{"type":"LineString","coordinates":[[-73.9904773946803,40.3019925954885],[-73.9905287289521,40.3025382396799],[-73.9906980890859,40.3040259537568],[-73.9906631403873,40.3041389575224]]}},{"type":"Feature","id":267341,"properties":{"OBJECTID":267341,"PRIMENAME":"Hoey Avenue","ELEVTYP_F":0,"ELEVTYP_T":0},"geometry":{"type":"LineString","coordinates":[[-73.9928598141175,40.2828553930804],[-73.9928387042455,40.2829029580856],[-73.9926557001016,40.2832405311075],[-73.9925113124034,40.2835139804795]]}},{"type":"Feature","id":267451,"properties":{"OBJECTID":267451,"PRIMENAME":"Joline Avenue","ELEVTYP_F":0,"ELEVTYP_T":0},"geometry":{"type":"LineString","coordinates":[[-73.9914863596246,40.3101647923664],[-73.9914491086153,40.3101780799178],[-73.9912992930103,40.3102346318146],[-73.9911118095058,40.3103267324374],[-73.9908211688022,40.3104791577324],[-73.9899594701961,40.3109257402567]]}},{"type":"Feature","id":267577,"properties":{"OBJECTID":267577,"PRIMENAME":"Unnamed Segment","ELEVTYP_F":0,"ELEVTYP_T":0},"geometry":{"type":"LineString","coordinates":[[-74.0116014250483,40.2930811737382],[-74.0113594243841,40.2930011749537],[-74.0111424231526,40.2929371734218]]}},{"type":"Feature","id":267722,"properties":{"OBJECTID":267722,"PRIMENAME":"Madison Avenue","ELEVTYP_F":0,"ELEVTYP_T":0},"geometry":{"type":"LineString","coordinates":[[-73.9781125438415,40.3057818110301],[-73.9780861928686,40.3059675704938],[-73.977838192245,40.3071430586989]]}},{"type":"Feature","id":267739,"properties":{"OBJECTID":267739,"PRIMENAME":"Liberty Street","ELEVTYP_F":0,"ELEVTYP_T":0},"geometry":{"type":"LineString","coordinates":[[-73.9894733226143,40.3127009775973],[-73.9895983775939,40.3128429350051],[-73.9897034098945,40.3129482652667],[-73.9902298718903,40.3133127884781],[-73.9906509795545,40.3136149137065],[-73.9906549037855,40.3136176761817]]}},{"type":"Feature","id":268084,"properties":{"OBJECTID":268084,"PRIMENAME":"Indiana Avenue","ELEVTYP_F":0,"ELEVTYP_T":0},"geometry":{"type":"LineString","coordinates":[[-73.9899258286614,40.2903308415348],[-73.989993749184,40.2900751493524],[-73.9904359839268,40.2883709198453],[-73.9905294802538,40.2880218037201]]}},{"type":"Feature","id":268180,"properties":{"OBJECTID":268180,"PRIMENAME":"Orchard Road","ELEVTYP_F":0,"ELEVTYP_T":0},"geometry":{"type":"LineString","coordinates":[[-74.011657236157,40.2941191683386],[-74.0115223335473,40.2940288301973],[-74.0113981026291,40.2939948965938],[-74.011280107446,40.293956321983],[-74.0111560482859,40.2938985880341],[-74.0110381922955,40.2938409071874],[-74.0109081029762,40.2937593736961],[-74.0103131737009,40.2933993749245],[-74.0098174608649,40.2930922550547],[-74.0094208601079,40.2928522624482],[-74.0093030074194,40.2927945798429],[-74.0092160653319,40.2927703823445],[-74.0091226793754,40.2927747353516],[-74.0090353572123,40.2927981935746],[-74.0087042973852,40.2929588384381],[-74.0083357035255,40.2931389509131]]}},{"type":"Feature","id":268365,"properties":{"OBJECTID":268365,"PRIMENAME":"North Linden Avenue","ELEVTYP_F":0,"ELEVTYP_T":0},"geometry":{"type":"LineString","coordinates":[[-74.0094344500492,40.3019874447958],[-74.009285782244,40.3020712140394]]}},{"type":"Feature","id":269061,"properties":{"OBJECTID":269061,"PRIMENAME":"Alpern Avenue","ELEVTYP_F":0,"ELEVTYP_T":0},"geometry":{"type":"LineString","coordinates":[[-74.0085552580355,40.2737493348507],[-74.0080686174944,40.2738135917537]]}},{"type":"Feature","id":269554,"properties":{"OBJECTID":269554,"PRIMENAME":"Unnamed Segment","ELEVTYP_F":0,"ELEVTYP_T":0},"geometry":{"type":"LineString","coordinates":[[-73.998322072087,40.2904662029887],[-73.9984164207693,40.2903861732768],[-73.9984864206076,40.2902421731091],[-73.9985124199147,40.2901561737799],[-73.9985614200808,40.2900131732377]]}},{"type":"Feature","id":269630,"properties":{"OBJECTID":269630,"PRIMENAME":"Chelsea Avenue","ELEVTYP_F":0,"ELEVTYP_T":0},"geometry":{"type":"LineString","coordinates":[[-73.9847688173811,40.3012212481565],[-73.9860017951845,40.3010819779885],[-73.9860890128622,40.3010721258681],[-73.9872167211326,40.3009389084545],[-73.9873844838241,40.3009201058302]]}},{"type":"Feature","id":269772,"properties":{"OBJECTID":269772,"PRIMENAME":"Washington Street","ELEVTYP_F":0,"ELEVTYP_T":0},"geometry":{"type":"LineString","coordinates":[[-74.0010911387658,40.3050144927617],[-74.0009944427154,40.3048572146189],[-74.0007372411819,40.3044529438913]]}},{"type":"Feature","id":269776,"properties":{"OBJECTID":269776,"PRIMENAME":"Ocean Avenue","ELEVTYP_F":0,"ELEVTYP_T":0},"geometry":{"type":"LineString","coordinates":[[-73.9756201668357,40.3274137844724],[-73.9755591725153,40.3277543510158],[-73.9754959656956,40.328079343294],[-73.9754247539794,40.3284865170996],[-73.9752467222239,40.329504423359],[-73.9752057390067,40.3297469245555],[-73.9750656358761,40.3305759293282],[-73.974864683104,40.3317939113487],[-73.9748359929846,40.3320059017895]]}},{"type":"Feature","id":270032,"properties":{"OBJECTID":270032,"PRIMENAME":"North Bath Avenue","ELEVTYP_F":0,"ELEVTYP_T":0},"geometry":{"type":"LineString","coordinates":[[-73.9819809214854,40.2935172150274],[-73.981591709499,40.2936186142399],[-73.9814576678356,40.2936535346277]]}},{"type":"Feature","id":270521,"properties":{"OBJECTID":270521,"PRIMENAME":"Orchard Road","ELEVTYP_F":0,"ELEVTYP_T":0},"geometry":{"type":"LineString","coordinates":[[-74.0118644368052,40.2942513191326],[-74.011751536668,40.2941822945089],[-74.011657236157,40.2941191683386]]}},{"type":"Feature","id":270538,"properties":{"OBJECTID":270538,"PRIMENAME":"Ocean Avenue","ELEVTYP_F":0,"ELEVTYP_T":0},"geometry":{"type":"LineString","coordinates":[[-73.9840072592249,40.2845777777628],[-73.9830428337123,40.2846565920221]]}},{"type":"Feature","id":270569,"properties":{"OBJECTID":270569,"PRIMENAME":"Sairs Avenue","ELEVTYP_F":0,"ELEVTYP_T":0},"geometry":{"type":"LineString","coordinates":[[-73.9883949708301,40.2846529891852],[-73.9883784013274,40.2847444139458],[-73.9881773860059,40.2858553379544]]}},{"type":"Feature","id":270643,"properties":{"OBJECTID":270643,"PRIMENAME":"Unnamed Segment","ELEVTYP_F":0,"ELEVTYP_T":0},"geometry":{"type":"LineString","coordinates":[[-73.9894599944397,40.2796269451434],[-73.9892924179575,40.2796191723673],[-73.9886094169576,40.2796181714408],[-73.9885204162317,40.2795891712744],[-73.9884234158762,40.2795471715632],[-73.9883324164338,40.2794981713532],[-73.9882494170484,40.2794421713942],[-73.9882044164498,40.2794301728048],[-73.9878874172479,40.2794421720684],[-73.9878869937868,40.2794421873068],[-73.9869684177395,40.2794741715925]]}},{"type":"Feature","id":270968,"properties":{"OBJECTID":270968,"PRIMENAME":"Bath Avenue","ELEVTYP_F":0,"ELEVTYP_T":0},"geometry":{"type":"LineString","coordinates":[[-73.9970963168866,40.2965142802242],[-73.9960919022969,40.2960184892612]]}},{"type":"Feature","id":271019,"properties":{"OBJECTID":271019,"PRIMENAME":"Pinewood Avenue","ELEVTYP_F":0,"ELEVTYP_T":0},"geometry":{"type":"LineString","coordinates":[[-74.0075842899752,40.2852976155801],[-74.0074314102388,40.2841412007583],[-74.0074217216834,40.2840735172227]]}},{"type":"Feature","id":271066,"properties":{"OBJECTID":271066,"PRIMENAME":"Tocci Avenue","ELEVTYP_F":0,"ELEVTYP_T":0},"geometry":{"type":"LineString","coordinates":[[-73.9864047116455,40.3288619995183],[-73.9863805562549,40.328535681189],[-73.9863635725637,40.3283062292863],[-73.98635069969,40.328132334393]]}},{"type":"Feature","id":271087,"properties":{"OBJECTID":271087,"PRIMENAME":"Broadway","ELEVTYP_F":0,"ELEVTYP_T":0},"geometry":{"type":"LineString","coordinates":[[-74.0129249149923,40.2988150919461],[-74.0126252594186,40.2987988142518],[-74.011913845757,40.2987648767018]]}},{"type":"Feature","id":271147,"properties":{"OBJECTID":271147,"PRIMENAME":"Monmouth Boulevard","ELEVTYP_F":0,"ELEVTYP_T":0},"geometry":{"type":"LineString","coordinates":[[-74.0050727636151,40.3213222682439],[-74.0051781390218,40.3213366917836],[-74.0055030066109,40.3213813249571],[-74.0069323278481,40.3215776883275],[-74.0083816679841,40.3217792879773],[-74.0097841095545,40.3219702114442]]}},{"type":"Feature","id":271149,"properties":{"OBJECTID":271149,"PRIMENAME":"Broadway","ELEVTYP_F":0,"ELEVTYP_T":0},"geometry":{"type":"LineString","coordinates":[[-74.0081217343205,40.2986535578327],[-74.0080162354781,40.2986511872562],[-74.00788786177,40.2986536062586],[-74.0077863619951,40.2986582532974]]}},{"type":"Feature","id":271186,"properties":{"OBJECTID":271186,"PRIMENAME":"Alpern Avenue","ELEVTYP_F":0,"ELEVTYP_T":0},"geometry":{"type":"LineString","coordinates":[[-74.0060722868951,40.2740772485883],[-74.0058475292774,40.2741069204827],[-74.0054784827699,40.274155641331],[-74.0051686154001,40.2741955948622],[-74.0047182693277,40.2742536612098]]}},{"type":"Feature","id":271246,"properties":{"OBJECTID":271246,"PRIMENAME":"Cooper Avenue","ELEVTYP_F":0,"ELEVTYP_T":0},"geometry":{"type":"LineString","coordinates":[[-73.9805207874595,40.3087122578527],[-73.98025646684,40.3087082435149],[-73.9794617246088,40.3087089943922]]}},{"type":"Feature","id":271334,"properties":{"OBJECTID":271334,"PRIMENAME":"Unnamed Segment","ELEVTYP_F":0,"ELEVTYP_T":0},"geometry":{"type":"LineString","coordinates":[[-73.9876404149918,40.2821981737694],[-73.9875654149292,40.2825811733883],[-73.9876124159486,40.2829661732288],[-73.9876334165743,40.2832631732962]]}},{"type":"Feature","id":271367,"properties":{"OBJECTID":271367,"PRIMENAME":"Unnamed Segment","ELEVTYP_F":0,"ELEVTYP_T":0},"geometry":{"type":"LineString","coordinates":[[-74.0119014261489,40.3134741785364],[-74.0127784270513,40.3131621784033],[-74.0128424256699,40.3131131766367],[-74.0128634274545,40.3130351782044]]}},{"type":"Feature","id":271418,"properties":{"OBJECTID":271418,"PRIMENAME":"Norwood Avenue","ELEVTYP_F":0,"ELEVTYP_T":0},"geometry":{"type":"LineString","coordinates":[[-74.0019507152429,40.2948369804855],[-74.0021268319125,40.2956753301245]]}},{"type":"Feature","id":271502,"properties":{"OBJECTID":271502,"PRIMENAME":"Unnamed Segment","ELEVTYP_F":0,"ELEVTYP_T":0},"geometry":{"type":"LineString","coordinates":[[-74.0133524267656,40.3122631773624],[-74.0131844269707,40.3121801775927],[-74.0116844262289,40.3114031770176],[-74.0116494256936,40.311389178085],[-74.0115924257643,40.3113571776205],[-74.0115404257666,40.3113111768235],[-74.0115024257443,40.3112531780349],[-74.0113304266719,40.3108561773142],[-74.0111354264602,40.3104371769607],[-74.0106534268312,40.3093201770212],[-74.0101234265196,40.3081341767865],[-74.0098094257569,40.3073901769682],[-74.0098034254777,40.3073511765245],[-74.0098154254749,40.3073151776824],[-74.0098374255693,40.3072911765258],[-74.0098594259476,40.3072791775181],[-74.0102454246735,40.3071711770663],[-74.0109794261489,40.3069881774727],[-74.0111864259599,40.3069221775961]]}},{"type":"Feature","id":271520,"properties":{"OBJECTID":271520,"PRIMENAME":"Irving Place","ELEVTYP_F":0,"ELEVTYP_T":0},"geometry":{"type":"LineString","coordinates":[[-74.0042061297925,40.3044463395343],[-74.0042159140947,40.3044421258593],[-74.0055898256198,40.3038379651027],[-74.0056310853897,40.3038198346596],[-74.0056675961583,40.3038037905473]]}},{"type":"Feature","id":271839,"properties":{"OBJECTID":271839,"PRIMENAME":"Avenel Boulevard","ELEVTYP_F":0,"ELEVTYP_T":0},"geometry":{"type":"LineString","coordinates":[[-73.9850368978041,40.3172605039829],[-73.9840415818543,40.3173829244836]]}},{"type":"Feature","id":271850,"properties":{"OBJECTID":271850,"PRIMENAME":"Unnamed Segment","ELEVTYP_F":0,"ELEVTYP_T":0},"geometry":{"type":"LineString","coordinates":[[-74.0032106158072,40.2810344360233],[-74.0022900393849,40.2811415529574],[-74.0015281287946,40.2812193452006],[-74.0014762343726,40.2810788050063],[-74.0013794012086,40.2804048719039]]}},{"type":"Feature","id":272101,"properties":{"OBJECTID":272101,"PRIMENAME":"Morris Place","ELEVTYP_F":0,"ELEVTYP_T":0},"geometry":{"type":"LineString","coordinates":[[-74.0050980494039,40.3140722699944],[-74.0051755088095,40.314033207562],[-74.0053293688904,40.3139626002889],[-74.0055215999734,40.3138921289051],[-74.0055577223976,40.313880879196],[-74.0063451639375,40.3136356484581],[-74.0070314425063,40.3134288959375],[-74.0070823693657,40.3134135478053]]}},{"type":"Feature","id":272132,"properties":{"OBJECTID":272132,"PRIMENAME":"Indiana Avenue","ELEVTYP_F":0,"ELEVTYP_T":0},"geometry":{"type":"LineString","coordinates":[[-73.9905294802538,40.2880218037201],[-73.9907022378986,40.2873767041641],[-73.9907177236435,40.287318876139],[-73.9909104542355,40.286514250117],[-73.9909420225916,40.2863822622541]]}},{"type":"Feature","id":272361,"properties":{"OBJECTID":272361,"PRIMENAME":"MacArthur Avenue","ELEVTYP_F":0,"ELEVTYP_T":0},"geometry":{"type":"LineString","coordinates":[[-73.9864957214643,40.3157869678882],[-73.9867244402492,40.3169727294752],[-73.9867398085586,40.317064954454]]}},{"type":"Feature","id":272418,"properties":{"OBJECTID":272418,"PRIMENAME":"Hillside Avenue","ELEVTYP_F":0,"ELEVTYP_T":0},"geometry":{"type":"LineString","coordinates":[[-73.991072996603,40.2990767025357],[-73.991266724009,40.2985925855321]]}},{"type":"Feature","id":273050,"properties":{"OBJECTID":273050,"PRIMENAME":"Joline Avenue","ELEVTYP_F":0,"ELEVTYP_T":0},"geometry":{"type":"LineString","coordinates":[[-73.9857729992671,40.3130995541142],[-73.9856693960577,40.3131515270011],[-73.9855945101127,40.3131761755174],[-73.9855150165419,40.3131937207408],[-73.98542149214,40.313207607184],[-73.9853000245073,40.313217799936],[-73.9850851774188,40.3132275778713],[-73.9848900237565,40.3132368342539]]}},{"type":"Feature","id":273119,"properties":{"OBJECTID":273119,"PRIMENAME":"Patten Avenue","ELEVTYP_F":0,"ELEVTYP_T":0},"geometry":{"type":"LineString","coordinates":[[-73.9920177173369,40.320713562784],[-73.9918307842267,40.3214794209647],[-73.9917269780809,40.3219221407771]]}},{"type":"Feature","id":273267,"properties":{"OBJECTID":273267,"PRIMENAME":"Unnamed Segment","ELEVTYP_F":0,"ELEVTYP_T":0},"geometry":{"type":"LineString","coordinates":[[-73.9834408522267,40.325088240446],[-73.9834144181963,40.3249311808445],[-73.9834414170615,40.3248441812038],[-73.9834824186884,40.3248061819855],[-73.9835774192173,40.3247171811526]]}},{"type":"Feature","id":273281,"properties":{"OBJECTID":273281,"PRIMENAME":"Unnamed Segment","ELEVTYP_F":0,"ELEVTYP_T":0},"geometry":{"type":"LineString","coordinates":[[-74.0030534201389,40.2767491706866],[-74.0031834213012,40.2768421710121],[-74.0032694204586,40.2769421713827]]}},{"type":"Feature","id":273352,"properties":{"OBJECTID":273352,"PRIMENAME":"Port Au Peck Avenue","ELEVTYP_F":0,"ELEVTYP_T":0},"geometry":{"type":"LineString","coordinates":[[-74.0035865825847,40.3276022126992],[-74.0034252766043,40.3282830429995]]}},{"type":"Feature","id":273435,"properties":{"OBJECTID":273435,"PRIMENAME":"7th Avenue","ELEVTYP_F":0,"ELEVTYP_T":0},"geometry":{"type":"LineString","coordinates":[[-73.992590084104,40.3015869424193],[-73.9925228989467,40.3012362767487]]}},{"type":"Feature","id":273639,"properties":{"OBJECTID":273639,"PRIMENAME":"Comanche Drive","ELEVTYP_F":0,"ELEVTYP_T":0},"geometry":{"type":"LineString","coordinates":[[-74.000365812001,40.319823166972],[-74.0004164053692,40.3197954940028],[-74.0004844314725,40.3197578494848]]}},{"type":"Feature","id":273657,"properties":{"OBJECTID":273657,"PRIMENAME":"Avenel Boulevard","ELEVTYP_F":0,"ELEVTYP_T":0},"geometry":{"type":"LineString","coordinates":[[-73.9806102247932,40.3177619588747],[-73.9801031012439,40.3178035436777]]}},{"type":"Feature","id":273802,"properties":{"OBJECTID":273802,"PRIMENAME":"Unnamed Segment","ELEVTYP_F":0,"ELEVTYP_T":0},"geometry":{"type":"LineString","coordinates":[[-74.0021268319125,40.2956753301245],[-74.0022073483735,40.2956664808532],[-74.0026247148429,40.2956205913654],[-74.002780413114,40.2956117343281],[-74.0028924809875,40.2956027175481],[-74.0030608284733,40.2955652825499]]}},{"type":"Feature","id":274470,"properties":{"OBJECTID":274470,"PRIMENAME":"Lawrence Avenue","ELEVTYP_F":0,"ELEVTYP_T":0},"geometry":{"type":"LineString","coordinates":[[-73.9946918297228,40.2617688426506],[-73.9947057150134,40.2617712639206],[-73.9949540420018,40.2618343082189],[-73.9959292910184,40.2620387419145],[-73.9971529812955,40.2622919328561],[-73.9982524111472,40.262530186754],[-73.9983723362713,40.2625561549178]]}},{"type":"Feature","id":274853,"properties":{"OBJECTID":274853,"PRIMENAME":"Atlantic Avenue","ELEVTYP_F":0,"ELEVTYP_T":0},"geometry":{"type":"LineString","coordinates":[[-73.9890407331009,40.3187241001275],[-73.988518404681,40.3189003115058],[-73.988191550458,40.3190127644503]]}},{"type":"Feature","id":274911,"properties":{"OBJECTID":274911,"PRIMENAME":"Almyr Avenue","ELEVTYP_F":0,"ELEVTYP_T":0},"geometry":{"type":"LineString","coordinates":[[-73.9951355603894,40.2605542864449],[-73.9951218864085,40.2606006487943],[-73.994715563333,40.2617045983822],[-73.9946918297228,40.2617688426506]]}},{"type":"Feature","id":274937,"properties":{"OBJECTID":274937,"PRIMENAME":"Broadway","ELEVTYP_F":0,"ELEVTYP_T":0},"geometry":{"type":"LineString","coordinates":[[-74.0018709689113,40.299794105367],[-74.0011910535981,40.2998788027721]]}},{"type":"Feature","id":275722,"properties":{"OBJECTID":275722,"PRIMENAME":"Brighton Avenue","ELEVTYP_F":0,"ELEVTYP_T":0},"geometry":{"type":"LineString","coordinates":[[-73.9874669246044,40.2845424501276],[-73.9864345930703,40.284419471031],[-73.9863242161901,40.2844250758284]]}},{"type":"Feature","id":276479,"properties":{"OBJECTID":276479,"PRIMENAME":"Larchwood Avenue","ELEVTYP_F":0,"ELEVTYP_T":0},"geometry":{"type":"LineString","coordinates":[[-74.0077504335342,40.2603364178755],[-74.0077308077062,40.2604486417848],[-74.0078184113107,40.261171860249]]}},{"type":"Feature","id":276693,"properties":{"OBJECTID":276693,"PRIMENAME":"Clarence Avenue","ELEVTYP_F":0,"ELEVTYP_T":0},"geometry":{"type":"LineString","coordinates":[[-73.9994057310566,40.2777995878836],[-73.9995288888974,40.2777943284827],[-74.0025665265463,40.2776644561124],[-74.0026918707302,40.2776590919615]]}},{"type":"Feature","id":277092,"properties":{"OBJECTID":277092,"PRIMENAME":"Garfield Terrace","ELEVTYP_F":0,"ELEVTYP_T":0},"geometry":{"type":"LineString","coordinates":[[-73.9890119507004,40.2644837194606],[-73.9888268616118,40.2644503718562],[-73.9880011875127,40.2643015725595],[-73.9876339433803,40.2642353875821],[-73.9875550695691,40.2642211753231]]}},{"type":"Feature","id":277102,"properties":{"OBJECTID":277102,"PRIMENAME":"Cherry Avenue","ELEVTYP_F":0,"ELEVTYP_T":0},"geometry":{"type":"LineString","coordinates":[[-73.9817884134528,40.3235316699133],[-73.9818016125833,40.3236606539995],[-73.9818323796273,40.3237084760224]]}},{"type":"Feature","id":277270,"properties":{"OBJECTID":277270,"PRIMENAME":"Long Branch Avenue","ELEVTYP_F":0,"ELEVTYP_T":0},"geometry":{"type":"LineString","coordinates":[[-73.9842830309349,40.3132656222537],[-73.9844163806324,40.3139941342686],[-73.9844295237143,40.3140625489653]]}},{"type":"Feature","id":277290,"properties":{"OBJECTID":277290,"PRIMENAME":"Rockwell Avenue","ELEVTYP_F":0,"ELEVTYP_T":0},"geometry":{"type":"LineString","coordinates":[[-73.9889478633301,40.3047543910551],[-73.9888290982197,40.3042274181081],[-73.9888285085295,40.3042248072006]]}},{"type":"Feature","id":277324,"properties":{"OBJECTID":277324,"PRIMENAME":"Unnamed Segment","ELEVTYP_F":0,"ELEVTYP_T":0},"geometry":{"type":"LineString","coordinates":[[-73.995313421835,40.315433179146],[-73.996105421333,40.315941179514]]}},{"type":"Feature","id":277342,"properties":{"OBJECTID":277342,"PRIMENAME":"Norwood Avenue","ELEVTYP_F":0,"ELEVTYP_T":0},"geometry":{"type":"LineString","coordinates":[[-74.0019965023798,40.2836564371001],[-74.0020468973148,40.2839060576153],[-74.0021890048562,40.2846469450994]]}},{"type":"Feature","id":277347,"properties":{"OBJECTID":277347,"PRIMENAME":"Chelton Avenue","ELEVTYP_F":0,"ELEVTYP_T":0},"geometry":{"type":"LineString","coordinates":[[-73.9828114460984,40.3161916691358],[-73.9842018357929,40.3160423886239]]}},{"type":"Feature","id":277555,"properties":{"OBJECTID":277555,"PRIMENAME":"Durand Place","ELEVTYP_F":0,"ELEVTYP_T":0},"geometry":{"type":"LineString","coordinates":[[-73.9810328132147,40.3156880851574],[-73.9809353780843,40.3157016766172],[-73.9804395695918,40.3157074118058],[-73.9803992206518,40.3157078889633]]}},{"type":"Feature","id":277613,"properties":{"OBJECTID":277613,"PRIMENAME":"Sairs Avenue","ELEVTYP_F":0,"ELEVTYP_T":0},"geometry":{"type":"LineString","coordinates":[[-73.9872934330124,40.2906859395528],[-73.9872425038209,40.2909670571497]]}},{"type":"Feature","id":277988,"properties":{"OBJECTID":277988,"PRIMENAME":"Unnamed Segment","ELEVTYP_F":0,"ELEVTYP_T":0},"geometry":{"type":"LineString","coordinates":[[-74.0109174254667,40.311769178075],[-74.0100174267738,40.3120971786229],[-74.0099114248429,40.3121401781607],[-74.009927425943,40.312166177633],[-74.010330426361,40.3128481783779],[-74.01079742569,40.3136021774304],[-74.0109244271954,40.313795177347],[-74.0109714266297,40.3138061784974],[-74.0119014261489,40.3134741785364]]}},{"type":"Feature","id":278132,"properties":{"OBJECTID":278132,"PRIMENAME":"Stokes Place","ELEVTYP_F":0,"ELEVTYP_T":0},"geometry":{"type":"LineString","coordinates":[[-73.9873286822897,40.3018181452054],[-73.9872411584558,40.3018231108362],[-73.9859146994906,40.3018982357294],[-73.9849483567444,40.3019463983237]]}},{"type":"Feature","id":278241,"properties":{"OBJECTID":278241,"PRIMENAME":"Sycamore Avenue","ELEVTYP_F":0,"ELEVTYP_T":0},"geometry":{"type":"LineString","coordinates":[[-73.9871397534429,40.2706199361001],[-73.9872495966406,40.2706391998858],[-73.9879524686331,40.2707624759082],[-73.9882811413987,40.2708201194458],[-73.9892815125076,40.2710008922291],[-73.990592640848,40.2712306275121],[-73.9906711328545,40.2712443964953]]}},{"type":"Feature","id":278383,"properties":{"OBJECTID":278383,"PRIMENAME":"Vine Court","ELEVTYP_F":0,"ELEVTYP_T":0},"geometry":{"type":"LineString","coordinates":[[-73.9817340755765,40.2867937132092],[-73.9818220109104,40.2868027542899],[-73.982426986142,40.2868649254113],[-73.9825495703881,40.2868775227179]]}},{"type":"Feature","id":278503,"properties":{"OBJECTID":278503,"PRIMENAME":"Broadway","ELEVTYP_F":0,"ELEVTYP_T":0},"geometry":{"type":"LineString","coordinates":[[-74.0130397927573,40.2988197761878],[-74.0129249149923,40.2988150919461]]}},{"type":"Feature","id":278579,"properties":{"OBJECTID":278579,"PRIMENAME":"Broadway","ELEVTYP_F":0,"ELEVTYP_T":0},"geometry":{"type":"LineString","coordinates":[[-74.0064308756111,40.298920465816],[-74.0056656149307,40.2990826720019],[-74.0056302806748,40.2990901613051]]}},{"type":"Feature","id":278731,"properties":{"OBJECTID":278731,"PRIMENAME":"Woodgate Avenue","ELEVTYP_F":0,"ELEVTYP_T":0},"geometry":{"type":"LineString","coordinates":[[-73.9948897795236,40.2853093006329],[-73.9949433279513,40.2852522695337],[-73.9963923632877,40.2837096242053],[-73.9964739721052,40.2836194143996],[-73.9965366560233,40.2835529779748],[-73.9965519547261,40.2835298750599]]}},{"type":"Feature","id":278754,"properties":{"OBJECTID":278754,"PRIMENAME":"Melden Avenue","ELEVTYP_F":0,"ELEVTYP_T":0},"geometry":{"type":"LineString","coordinates":[[-73.9936780152175,40.2744467177512],[-73.9936680283328,40.2744402775532],[-73.9936597158301,40.2744351074087],[-73.9936502750444,40.2744178814756],[-73.9936454721947,40.2743987259053],[-73.9936500655569,40.2743786513472],[-73.9937669115822,40.2741040411301],[-73.9938085354037,40.2740062141354],[-73.9939608157012,40.2736649079999],[-73.9939735418234,40.2736363856607]]}},{"type":"Feature","id":278838,"properties":{"OBJECTID":278838,"PRIMENAME":"Avenel Boulevard","ELEVTYP_F":0,"ELEVTYP_T":0},"geometry":{"type":"LineString","coordinates":[[-73.9794766461787,40.3178576533719],[-73.9795664863253,40.317852759928]]}},{"type":"Feature","id":278884,"properties":{"OBJECTID":278884,"PRIMENAME":"Broadway","ELEVTYP_F":0,"ELEVTYP_T":0},"geometry":{"type":"LineString","coordinates":[[-74.0011910535981,40.2998788027721],[-74.0002942693073,40.2999905061975]]}},{"type":"Feature","id":278909,"properties":{"OBJECTID":278909,"PRIMENAME":"Winhar Place","ELEVTYP_F":0,"ELEVTYP_T":0},"geometry":{"type":"LineString","coordinates":[[-73.9996757858595,40.3189859461038],[-73.9997000053308,40.318882418815],[-73.9992488905302,40.318394017937],[-73.9992159417605,40.3183684543273],[-73.9992016337777,40.3183633685358]]}},{"type":"Feature","id":278958,"properties":{"OBJECTID":278958,"PRIMENAME":"Unnamed Segment","ELEVTYP_F":0,"ELEVTYP_T":0},"geometry":{"type":"LineString","coordinates":[[-73.9942424205804,40.3147641785812],[-73.99436502494,40.3148448602289],[-73.994707422075,40.3150701780918],[-73.9947104214979,40.3150961795987],[-73.9945894211173,40.3152141799564],[-73.9945344212919,40.3153161784308]]}},{"type":"Feature","id":278996,"properties":{"OBJECTID":278996,"PRIMENAME":"Alumni Drive","ELEVTYP_F":0,"ELEVTYP_T":0},"geometry":{"type":"LineString","coordinates":[[-73.9947114345892,40.2907058918256],[-73.9940371639994,40.2903614063024],[-73.9933923424841,40.28995866687]]}},{"type":"Feature","id":279113,"properties":{"OBJECTID":279113,"PRIMENAME":"Vanderbilt Avenue","ELEVTYP_F":0,"ELEVTYP_T":0},"geometry":{"type":"LineString","coordinates":[[-74.0015827788429,40.2967682998315],[-74.0015647626026,40.2967169972819],[-74.0012111339393,40.2957098189572],[-74.0011441305899,40.2955093767682],[-74.0010888325359,40.2954138252514],[-74.0010147865245,40.2953277173148],[-74.0008846729681,40.2952508946366],[-74.0006618335867,40.2950783567764],[-74.0006414036837,40.2950630051435]]}},{"type":"Feature","id":279371,"properties":{"OBJECTID":279371,"PRIMENAME":"Franklin Avenue","ELEVTYP_F":0,"ELEVTYP_T":0},"geometry":{"type":"LineString","coordinates":[[-74.0126869189869,40.2666615078337],[-74.0126873143096,40.2667512506702],[-74.0126896147179,40.2672945952574],[-74.0126947563555,40.2674471144685],[-74.012694003792,40.2675519790937],[-74.0126559800228,40.2676518826182],[-74.0125674939347,40.2678421658584],[-74.0125364818389,40.2679088536034]]}},{"type":"Feature","id":279373,"properties":{"OBJECTID":279373,"PRIMENAME":"Cottage Place","ELEVTYP_F":0,"ELEVTYP_T":0},"geometry":{"type":"LineString","coordinates":[[-73.9872934330124,40.2906859395528],[-73.9871698156212,40.2906775127382],[-73.9866069033414,40.290639009799],[-73.9845938759045,40.2905012991436]]}},{"type":"Feature","id":279418,"properties":{"OBJECTID":279418,"PRIMENAME":"Woodgate Avenue","ELEVTYP_F":0,"ELEVTYP_T":0},"geometry":{"type":"LineString","coordinates":[[-73.9964511777359,40.2744005102368],[-73.9964345869905,40.2738251224296],[-73.9964303794153,40.2736756816488],[-73.9964280912048,40.2735943581539]]}},{"type":"Feature","id":279873,"properties":{"OBJECTID":279873,"PRIMENAME":"2nd Avenue","ELEVTYP_F":0,"ELEVTYP_T":0},"geometry":{"type":"LineString","coordinates":[[-73.9854735561916,40.2874362845168],[-73.9852817716842,40.2880978789694],[-73.9852566720273,40.2881838018737]]}},{"type":"Feature","id":280138,"properties":{"OBJECTID":280138,"PRIMENAME":"Ocean Boulevard","ELEVTYP_F":0,"ELEVTYP_T":0},"geometry":{"type":"LineString","coordinates":[[-73.981116603392,40.3051716675406],[-73.9812514103279,40.3041096306905],[-73.9812986470947,40.3037494258221],[-73.9813506867168,40.3033525821115]]}},{"type":"Feature","id":280290,"properties":{"OBJECTID":280290,"PRIMENAME":"New Ocean Avenue","ELEVTYP_F":0,"ELEVTYP_T":0},"geometry":{"type":"LineString","coordinates":[[-73.978593206299,40.31688860743],[-73.9784058504586,40.3178267509665]]}},{"type":"Feature","id":280341,"properties":{"OBJECTID":280341,"PRIMENAME":"Tohican Place","ELEVTYP_F":0,"ELEVTYP_T":0},"geometry":{"type":"LineString","coordinates":[[-74.0032867121413,40.3194262169218],[-74.0023932311263,40.3199130267261],[-74.0021869009344,40.3200254611799]]}},{"type":"Feature","id":280568,"properties":{"OBJECTID":280568,"PRIMENAME":"Lewis Alley","ELEVTYP_F":0,"ELEVTYP_T":0},"geometry":{"type":"LineString","coordinates":[[-73.9891809369405,40.3057772414205],[-73.9890849444076,40.305791806265],[-73.9876864490533,40.306003992258],[-73.9875891638675,40.3060187527831],[-73.986149452006,40.3062410978603],[-73.9860748139482,40.3062530098485]]}},{"type":"Feature","id":280585,"properties":{"OBJECTID":280585,"PRIMENAME":"Renwick Place","ELEVTYP_F":0,"ELEVTYP_T":0},"geometry":{"type":"LineString","coordinates":[[-73.9948465246417,40.3266977175675],[-73.995518246239,40.3267006489581],[-73.9956302245992,40.3267154396283],[-73.9956860720336,40.3267395108036],[-73.9956920294938,40.32677769566]]}},{"type":"Feature","id":280645,"properties":{"OBJECTID":280645,"PRIMENAME":"Broadway","ELEVTYP_F":0,"ELEVTYP_T":0},"geometry":{"type":"LineString","coordinates":[[-73.9888285085295,40.3042248072006],[-73.9876985520627,40.3044019741465],[-73.9876692215718,40.304406572711]]}},{"type":"Feature","id":281275,"properties":{"OBJECTID":281275,"PRIMENAME":"4th Avenue","ELEVTYP_F":0,"ELEVTYP_T":0},"geometry":{"type":"LineString","coordinates":[[-73.9894542855142,40.3041663248589],[-73.9894462757121,40.3041014476273],[-73.9893143073378,40.303031821497],[-73.9892409474214,40.3024372198501],[-73.9892177491013,40.3022657890442]]}},{"type":"Feature","id":281318,"properties":{"OBJECTID":281318,"PRIMENAME":"Westwood Avenue","ELEVTYP_F":0,"ELEVTYP_T":0},"geometry":{"type":"LineString","coordinates":[[-73.9987143054132,40.2862759710159],[-73.9982818249433,40.2867734231448],[-73.9981124394768,40.2869585675686],[-73.998046035216,40.2870334161379]]}},{"type":"Feature","id":281488,"properties":{"OBJECTID":281488,"PRIMENAME":"Bath Avenue","ELEVTYP_F":0,"ELEVTYP_T":0},"geometry":{"type":"LineString","coordinates":[[-73.993380780026,40.2946458666155],[-73.9926382119006,40.2942817152857]]}},{"type":"Feature","id":281729,"properties":{"OBJECTID":281729,"PRIMENAME":"Wall Street","ELEVTYP_F":0,"ELEVTYP_T":0},"geometry":{"type":"LineString","coordinates":[[-74.0104073476761,40.2874435346288],[-74.0103680155453,40.2874615966454],[-74.0098545719056,40.2876973779513],[-74.009649781888,40.287797398541],[-74.0093143133145,40.2879612420028],[-74.0088677440694,40.2881793442312],[-74.0084375349142,40.2884015545888]]}},{"type":"Feature","id":281789,"properties":{"OBJECTID":281789,"PRIMENAME":"Cedar Avenue","ELEVTYP_F":0,"ELEVTYP_T":0},"geometry":{"type":"LineString","coordinates":[[-73.9861138301201,40.2815896710055],[-73.9858354032302,40.2816144775937]]}},{"type":"Feature","id":281829,"properties":{"OBJECTID":281829,"PRIMENAME":"Lincoln Avenue","ELEVTYP_F":0,"ELEVTYP_T":0},"geometry":{"type":"LineString","coordinates":[[-73.9972097018001,40.2655256493473],[-73.9972302341447,40.2655309497935],[-73.9970873950481,40.2658209387985]]}},{"type":"Feature","id":281910,"properties":{"OBJECTID":281910,"PRIMENAME":"Avenel Avenue","ELEVTYP_F":0,"ELEVTYP_T":0},"geometry":{"type":"LineString","coordinates":[[-73.9866206415552,40.3139529312058],[-73.987020233932,40.3143552134322],[-73.9873003875351,40.3146372499114],[-73.9874727315599,40.3148145302738],[-73.9876187341501,40.3149647154883],[-73.9881113470818,40.315471429708]]}},{"type":"Feature","id":281952,"properties":{"OBJECTID":281952,"PRIMENAME":"Springdale Avenue","ELEVTYP_F":0,"ELEVTYP_T":0},"geometry":{"type":"LineString","coordinates":[[-73.9982401529416,40.2951424948542],[-73.9981765332421,40.2952225711681]]}},{"type":"Feature","id":282101,"properties":{"OBJECTID":282101,"PRIMENAME":"Chelsea Avenue","ELEVTYP_F":0,"ELEVTYP_T":0},"geometry":{"type":"LineString","coordinates":[[-73.9923541891084,40.3003565472519],[-73.9923565213796,40.3003562836856],[-73.99482363431,40.3000715875908],[-73.9950074733692,40.3000503735935]]}},{"type":"Feature","id":282156,"properties":{"OBJECTID":282156,"PRIMENAME":"Pearl Street","ELEVTYP_F":0,"ELEVTYP_T":0},"geometry":{"type":"LineString","coordinates":[[-74.0008400091942,40.2983679996965],[-74.000899865933,40.2982535348192],[-74.001314480443,40.2977405957204],[-74.0014964294479,40.2975411995666],[-74.0016877842274,40.297354745557],[-74.0017452834944,40.2972974807696],[-74.0017648651081,40.2972819170627],[-74.0017867154958,40.2972748743416],[-74.0018304257549,40.2972643005938],[-74.0023668551516,40.2972057210181],[-74.0024603267409,40.297195553794]]}},{"type":"Feature","id":282300,"properties":{"OBJECTID":282300,"PRIMENAME":"Lowden Court","ELEVTYP_F":0,"ELEVTYP_T":0},"geometry":{"type":"LineString","coordinates":[[-73.9875564908083,40.2942984043456],[-73.9873789379747,40.2943006106952],[-73.9867660840688,40.2943082567061]]}},{"type":"Feature","id":282483,"properties":{"OBJECTID":282483,"PRIMENAME":"Grand Avenue","ELEVTYP_F":0,"ELEVTYP_T":0},"geometry":{"type":"LineString","coordinates":[[-74.0064993453971,40.3048644661557],[-74.006686944232,40.3051076528563],[-74.0072313162038,40.3058133102348],[-74.0072775669244,40.305873243293]]}},{"type":"Feature","id":282801,"properties":{"OBJECTID":282801,"PRIMENAME":"Unnamed Segment","ELEVTYP_F":0,"ELEVTYP_T":0},"geometry":{"type":"LineString","coordinates":[[-73.9786958400166,40.316374667404],[-73.9794044165831,40.3164581804493]]}},{"type":"Feature","id":282811,"properties":{"OBJECTID":282811,"PRIMENAME":"Howland Place","ELEVTYP_F":0,"ELEVTYP_T":0},"geometry":{"type":"LineString","coordinates":[[-74.0056302806748,40.2990901613051],[-74.0056188331544,40.2990029791374],[-74.0054891048339,40.2980158781516]]}},{"type":"Feature","id":283005,"properties":{"OBJECTID":283005,"PRIMENAME":"Unnamed Segment","ELEVTYP_F":0,"ELEVTYP_T":0},"geometry":{"type":"LineString","coordinates":[[-73.987883227453,40.2933508399503],[-73.9877820027902,40.2933524849891],[-73.9876737400986,40.2933515886395],[-73.9876636367261,40.293351561013],[-73.987610743283,40.2933554022595],[-73.9875538902614,40.2933691160744]]}},{"type":"Feature","id":283046,"properties":{"OBJECTID":283046,"PRIMENAME":"Roosevelt Avenue","ELEVTYP_F":0,"ELEVTYP_T":0},"geometry":{"type":"LineString","coordinates":[[-74.0077504335342,40.2603364178755],[-74.0061960673626,40.2601919300295],[-74.0059489661596,40.2601666231638],[-74.0058604167988,40.2601575545789]]}},{"type":"Feature","id":283206,"properties":{"OBJECTID":283206,"PRIMENAME":"Riverdale Avenue","ELEVTYP_F":0,"ELEVTYP_T":0},"geometry":{"type":"LineString","coordinates":[[-73.9775396028954,40.3220818971985],[-73.9775653235637,40.3220269014583],[-73.977697923201,40.3217892169644],[-73.97797212556,40.3212060564304]]}},{"type":"Feature","id":283350,"properties":{"OBJECTID":283350,"PRIMENAME":"Bonforte Road","ELEVTYP_F":0,"ELEVTYP_T":0},"geometry":{"type":"LineString","coordinates":[[-73.9828401983067,40.2872331198423],[-73.9829571807626,40.2864742337508]]}},{"type":"Feature","id":283420,"properties":{"OBJECTID":283420,"PRIMENAME":"Campbell Avenue","ELEVTYP_F":0,"ELEVTYP_T":0},"geometry":{"type":"LineString","coordinates":[[-74.0019507152429,40.2948369804855],[-74.0020392355502,40.2948269300788],[-74.0022821878379,40.2947993705617],[-74.0025190072794,40.2947575087264],[-74.0026312841635,40.2947246094312],[-74.0027624842779,40.294658464286],[-74.0032496779117,40.2944222184865],[-74.0039054924273,40.2941152895361],[-74.0039909383399,40.2940743129441]]}},{"type":"Feature","id":283634,"properties":{"OBJECTID":283634,"PRIMENAME":"Garfield Avenue","ELEVTYP_F":0,"ELEVTYP_T":0},"geometry":{"type":"LineString","coordinates":[[-74.0078184113107,40.261171860249],[-74.0080054469852,40.2611790241874],[-74.0081984029506,40.2611703189691],[-74.0083476818602,40.2611709532919],[-74.00859040884,40.261157681745],[-74.008870470978,40.2611398189476]]}},{"type":"Feature","id":283726,"properties":{"OBJECTID":283726,"PRIMENAME":"Broadway","ELEVTYP_F":0,"ELEVTYP_T":0},"geometry":{"type":"LineString","coordinates":[[-74.0050396791392,40.2992153980809],[-74.0047179664689,40.2992835845227]]}},{"type":"Feature","id":283772,"properties":{"OBJECTID":283772,"PRIMENAME":"Lincoln Gardens","ELEVTYP_F":0,"ELEVTYP_T":0},"geometry":{"type":"LineString","coordinates":[[-73.9932363432044,40.2646425232759],[-73.9932555921041,40.2645794665914],[-73.9934341196829,40.2639940327868],[-73.9934347241523,40.2639129964692],[-73.9934104944371,40.2638223530418],[-73.9933675610309,40.2637411261159],[-73.9933059225613,40.2636646214089],[-73.9932754230457,40.2635834479894],[-73.9932636999823,40.2634928872121],[-73.9932708942455,40.2633546687191],[-73.9933156416955,40.2631975908488],[-73.9934941304067,40.2626216820502],[-73.9935198160082,40.2625121774429],[-73.993539053914,40.2624359718545]]}},{"type":"Feature","id":284037,"properties":{"OBJECTID":284037,"PRIMENAME":"Avenel Boulevard","ELEVTYP_F":0,"ELEVTYP_T":0},"geometry":{"type":"LineString","coordinates":[[-73.9883842357955,40.3168858940963],[-73.9876035703717,40.3169707877792],[-73.9868358953334,40.317054262144],[-73.9867398085586,40.317064954454]]}},{"type":"Feature","id":284151,"properties":{"OBJECTID":284151,"PRIMENAME":"Pleasure Bay","ELEVTYP_F":0,"ELEVTYP_T":0},"geometry":{"type":"LineString","coordinates":[[-73.9956504384434,40.31339155733],[-73.9957294212045,40.3135171792131],[-73.9958914211882,40.3137751790953]]}},{"type":"Feature","id":284237,"properties":{"OBJECTID":284237,"PRIMENAME":"Elliott Place","ELEVTYP_F":0,"ELEVTYP_T":0},"geometry":{"type":"LineString","coordinates":[[-74.0072415495758,40.3136960203927],[-74.0073200000329,40.3136733499723],[-74.0077920300185,40.3135370014349],[-74.0087420620021,40.3132265215969]]}},{"type":"Feature","id":284393,"properties":{"OBJECTID":284393,"PRIMENAME":"Lowden Court","ELEVTYP_F":0,"ELEVTYP_T":0},"geometry":{"type":"LineString","coordinates":[[-73.9867660840688,40.2943082567061],[-73.9862522429707,40.2943146648441],[-73.9849761590712,40.2943327922943],[-73.9845933042229,40.2943484367929]]}},{"type":"Feature","id":284971,"properties":{"OBJECTID":284971,"PRIMENAME":"Broadway","ELEVTYP_F":0,"ELEVTYP_T":0},"geometry":{"type":"LineString","coordinates":[[-73.9970813546654,40.3011870024617],[-73.9959268130118,40.3020186075575]]}},{"type":"Feature","id":284973,"properties":{"OBJECTID":284973,"PRIMENAME":"Atlantic Avenue","ELEVTYP_F":0,"ELEVTYP_T":0},"geometry":{"type":"LineString","coordinates":[[-73.9783396545706,40.3205655850501],[-73.9781664562795,40.3205756747849]]}},{"type":"Feature","id":285255,"properties":{"OBJECTID":285255,"PRIMENAME":"Rosewood Avenue","ELEVTYP_F":0,"ELEVTYP_T":0},"geometry":{"type":"LineString","coordinates":[[-73.982625861476,40.3152276853263],[-73.9827406072115,40.3152154064406],[-73.9839990016415,40.315080608705]]}},{"type":"Feature","id":285603,"properties":{"OBJECTID":285603,"PRIMENAME":"Ocean Avenue","ELEVTYP_F":0,"ELEVTYP_T":0},"geometry":{"type":"LineString","coordinates":[[-73.9814644138352,40.2883431752965],[-73.9815774151247,40.2876841731465],[-73.9816044038985,40.2875881739236]]}},{"type":"Feature","id":286197,"properties":{"OBJECTID":286197,"PRIMENAME":"Patten Avenue","ELEVTYP_F":0,"ELEVTYP_T":0},"geometry":{"type":"LineString","coordinates":[[-73.9915619864899,40.3226256983508],[-73.9915606080147,40.3226315744632],[-73.9915336920917,40.3227416511706],[-73.9914786823571,40.3229666295888]]}},{"type":"Feature","id":286369,"properties":{"OBJECTID":286369,"PRIMENAME":"Broadway","ELEVTYP_F":0,"ELEVTYP_T":0},"geometry":{"type":"LineString","coordinates":[[-74.0098553781871,40.2987058266764],[-74.0092765204053,40.2986863252551],[-74.0086541574394,40.2986688049705],[-74.0083429864495,40.2986585332138],[-74.0081217343205,40.2986535578327]]}},{"type":"Feature","id":286706,"properties":{"OBJECTID":286706,"PRIMENAME":"Willow Avenue","ELEVTYP_F":0,"ELEVTYP_T":0},"geometry":{"type":"LineString","coordinates":[[-73.9817480152888,40.323136986433],[-73.9817552574926,40.3232076805613],[-73.9817773833479,40.3234238852173],[-73.9817884134528,40.3235316699133]]}},{"type":"Feature","id":287204,"properties":{"OBJECTID":287204,"PRIMENAME":"Park Terrace","ELEVTYP_F":0,"ELEVTYP_T":0},"geometry":{"type":"LineString","coordinates":[[-74.0009040610939,40.2705887890105],[-74.0009267944859,40.2704750154316],[-74.0010495408295,40.2698607238511],[-74.00106250232,40.2697892671469],[-74.0010505565375,40.2697225062786],[-74.0010075400978,40.2696508352156],[-74.0009334154912,40.2695742528609],[-74.0008067674448,40.2694616740773]]}},{"type":"Feature","id":287398,"properties":{"OBJECTID":287398,"PRIMENAME":"Jackson Street","ELEVTYP_F":0,"ELEVTYP_T":0},"geometry":{"type":"LineString","coordinates":[[-74.0053435722792,40.3011430389951],[-74.0053504263938,40.3011663205774],[-74.0054815666736,40.301611797025],[-74.0055177085336,40.301773973487],[-74.0055419326542,40.3018693909016],[-74.0055912127597,40.3019411416318],[-74.0056442914715,40.3020082044376],[-74.0057577331909,40.302151532488],[-74.0058063360992,40.3022129577958]]}},{"type":"Feature","id":287650,"properties":{"OBJECTID":287650,"PRIMENAME":"Melissa Court","ELEVTYP_F":0,"ELEVTYP_T":0},"geometry":{"type":"LineString","coordinates":[[-74.0098161274048,40.2947504685863],[-74.0097231524794,40.2947533998721],[-74.009407039788,40.2947633667744],[-74.0089899591299,40.2947711228598],[-74.0088219274684,40.2947656604614],[-74.0085917979204,40.2947456046077],[-74.0078197651159,40.2946560353715],[-74.0076962654015,40.2946417064463]]}},{"type":"Feature","id":287670,"properties":{"OBJECTID":287670,"PRIMENAME":"Elberon Boulevard","ELEVTYP_F":0,"ELEVTYP_T":0},"geometry":{"type":"LineString","coordinates":[[-74.0019382768915,40.2614642972476],[-74.0018626211432,40.2615292526045],[-74.0016997878655,40.2616763000177],[-74.0015433630741,40.2617995459437],[-74.0013682349504,40.2619274881843],[-74.0011930701188,40.2620601782962],[-74.0010179757605,40.2621833430248],[-74.0009507108222,40.2622227767266]]}},{"type":"Feature","id":287671,"properties":{"OBJECTID":287671,"PRIMENAME":"Campbell Avenue","ELEVTYP_F":0,"ELEVTYP_T":0},"geometry":{"type":"LineString","coordinates":[[-74.0039909383399,40.2940743129441],[-74.0050802148731,40.2935516770381]]}},{"type":"Feature","id":287687,"properties":{"OBJECTID":287687,"PRIMENAME":"Fairway Avenue","ELEVTYP_F":0,"ELEVTYP_T":0},"geometry":{"type":"LineString","coordinates":[[-74.0088524112591,40.2917435568442],[-74.0088395443144,40.2916440703539],[-74.0086804255511,40.2904137859402],[-74.0086530900788,40.2902084095901]]}},{"type":"Feature","id":287976,"properties":{"OBJECTID":287976,"PRIMENAME":"Central Avenue","ELEVTYP_F":0,"ELEVTYP_T":0},"geometry":{"type":"LineString","coordinates":[[-73.9865495269457,40.3087493291688],[-73.9858265154654,40.3090165084845]]}},{"type":"Feature","id":288005,"properties":{"OBJECTID":288005,"PRIMENAME":"Bath Avenue","ELEVTYP_F":0,"ELEVTYP_T":0},"geometry":{"type":"LineString","coordinates":[[-73.9816905230541,40.2944988369523],[-73.9815916214558,40.2944877696856],[-73.9801674974169,40.29432891108]]}},{"type":"Feature","id":288018,"properties":{"OBJECTID":288018,"PRIMENAME":"2nd Avenue","ELEVTYP_F":0,"ELEVTYP_T":0},"geometry":{"type":"LineString","coordinates":[[-73.9862087037707,40.2848084115197],[-73.9861277539547,40.2850770430514]]}},{"type":"Feature","id":288102,"properties":{"OBJECTID":288102,"PRIMENAME":"Springdale Avenue","ELEVTYP_F":0,"ELEVTYP_T":0},"geometry":{"type":"LineString","coordinates":[[-73.9982606000701,40.2941762967943],[-73.9978294483363,40.2934409047012],[-73.9977827512276,40.2933612278943]]}},{"type":"Feature","id":288475,"properties":{"OBJECTID":288475,"PRIMENAME":"Seawaneka Avenue","ELEVTYP_F":0,"ELEVTYP_T":0},"geometry":{"type":"LineString","coordinates":[[-74.0044789003954,40.3290717762271],[-74.0045016007994,40.329043685721],[-74.0045839956767,40.3289404076619],[-74.0048366767868,40.3286241443667]]}},{"type":"Feature","id":288533,"properties":{"OBJECTID":288533,"PRIMENAME":"Comanche Drive","ELEVTYP_F":0,"ELEVTYP_T":0},"geometry":{"type":"LineString","coordinates":[[-73.9993959762609,40.3214423488829],[-73.999248747962,40.3206899660759],[-73.9992164683952,40.3205251137559]]}},{"type":"Feature","id":288541,"properties":{"OBJECTID":288541,"PRIMENAME":"Morris Avenue","ELEVTYP_F":0,"ELEVTYP_T":0},"geometry":{"type":"LineString","coordinates":[[-73.9810639704434,40.298802879185],[-73.9809089152329,40.2988341380289]]}},{"type":"Feature","id":288624,"properties":{"OBJECTID":288624,"PRIMENAME":"FR CO 29 to RT 36 NB","ELEVTYP_F":0,"ELEVTYP_T":0},"geometry":{"type":"LineString","coordinates":[[-73.977549657836,40.3206116531404],[-73.9777432530411,40.3206261163754],[-73.9778272454926,40.3206360217547],[-73.9778893208976,40.3206649067086],[-73.9779357774707,40.3206913055894],[-73.9779634932797,40.3207343378199],[-73.9779661553096,40.3207843946689],[-73.9779440177644,40.3208367281369],[-73.9778374406064,40.3211491324816]]}},{"type":"Feature","id":288871,"properties":{"OBJECTID":288871,"PRIMENAME":"North Bath Avenue","ELEVTYP_F":0,"ELEVTYP_T":0},"geometry":{"type":"LineString","coordinates":[[-73.9821497204888,40.2934732232614],[-73.9819809214854,40.2935172150274]]}},{"type":"Feature","id":288919,"properties":{"OBJECTID":288919,"PRIMENAME":"Norwood Avenue","ELEVTYP_F":0,"ELEVTYP_T":0},"geometry":{"type":"LineString","coordinates":[[-74.0015548597907,40.2913264812122],[-74.001420326131,40.2921104016489],[-74.0014071153871,40.2922152120398],[-74.0014187850404,40.2923201017252],[-74.0014665470931,40.2925967512632],[-74.0014943409923,40.2927272954254]]}},{"type":"Feature","id":289183,"properties":{"OBJECTID":289183,"PRIMENAME":"Norwood Avenue","ELEVTYP_F":0,"ELEVTYP_T":0},"geometry":{"type":"LineString","coordinates":[[-74.0033057661591,40.2814864789894],[-74.0033462859458,40.281706051139]]}},{"type":"Feature","id":289453,"properties":{"OBJECTID":289453,"PRIMENAME":"Ocean Boulevard","ELEVTYP_F":0,"ELEVTYP_T":0},"geometry":{"type":"LineString","coordinates":[[-73.9831949545687,40.2894063894527],[-73.9832518046719,40.2891200158674],[-73.9832634732026,40.2890623924824]]}},{"type":"Feature","id":289643,"properties":{"OBJECTID":289643,"PRIMENAME":"Branchport Avenue","ELEVTYP_F":0,"ELEVTYP_T":0},"geometry":{"type":"LineString","coordinates":[[-74.0018999159693,40.3002659386599],[-74.0019390824821,40.3009036828043],[-74.0019535257316,40.3010753751856]]}},{"type":"Feature","id":289893,"properties":{"OBJECTID":289893,"PRIMENAME":"Atlantic Avenue","ELEVTYP_F":0,"ELEVTYP_T":0},"geometry":{"type":"LineString","coordinates":[[-73.9798046447187,40.3204805477313],[-73.9792498873648,40.3205126413951]]}},{"type":"Feature","id":290288,"properties":{"OBJECTID":290288,"PRIMENAME":"Ocean Avenue","ELEVTYP_F":0,"ELEVTYP_T":0},"geometry":{"type":"LineString","coordinates":[[-73.9802566409001,40.2939664220008],[-73.9801674974169,40.29432891108]]}},{"type":"Feature","id":290460,"properties":{"OBJECTID":290460,"PRIMENAME":"Chelton Avenue","ELEVTYP_F":0,"ELEVTYP_T":0},"geometry":{"type":"LineString","coordinates":[[-73.9812087938778,40.3177045386737],[-73.9811688853717,40.317355102986],[-73.9811868305007,40.316783793787],[-73.9811750081004,40.3165551861394],[-73.9815753660193,40.3165569809864],[-73.9820305266744,40.3164914914501],[-73.9820642222558,40.3162749853206]]}},{"type":"Feature","id":290935,"properties":{"OBJECTID":290935,"PRIMENAME":"Norwood Avenue","ELEVTYP_F":0,"ELEVTYP_T":0},"geometry":{"type":"LineString","coordinates":[[-74.0028432177928,40.2767306021609],[-74.0029694208597,40.2767451712297],[-74.003020420163,40.2767501700937],[-74.0030534201389,40.2767491706866]]}},{"type":"Feature","id":291937,"properties":{"OBJECTID":291937,"PRIMENAME":"3rd Avenue","ELEVTYP_F":0,"ELEVTYP_T":0},"geometry":{"type":"LineString","coordinates":[[-73.9873286822897,40.3018181452054],[-73.9873624038995,40.3020577595317],[-73.9873888636173,40.3022524574205]]}},{"type":"Feature","id":291989,"properties":{"OBJECTID":291989,"PRIMENAME":"Hastings Place","ELEVTYP_F":0,"ELEVTYP_T":0},"geometry":{"type":"LineString","coordinates":[[-73.9851887020483,40.3292487725869],[-73.9851895333118,40.3293329720108],[-73.9852105767582,40.3314825253618],[-73.9852412837929,40.3315814617853]]}},{"type":"Feature","id":292032,"properties":{"OBJECTID":292032,"PRIMENAME":"Ocean Avenue","ELEVTYP_F":0,"ELEVTYP_T":0},"geometry":{"type":"LineString","coordinates":[[-73.984547860312,40.2822769127213],[-73.984472159367,40.2827689122532]]}},{"type":"Feature","id":292198,"properties":{"OBJECTID":292198,"PRIMENAME":"Norwood Avenue","ELEVTYP_F":0,"ELEVTYP_T":0},"geometry":{"type":"LineString","coordinates":[[-74.0016051585844,40.281667434123],[-74.0016269248158,40.2817786261545],[-74.0018535085836,40.2829346250338]]}},{"type":"Feature","id":292420,"properties":{"OBJECTID":292420,"PRIMENAME":"Patten Avenue","ELEVTYP_F":0,"ELEVTYP_T":0},"geometry":{"type":"LineString","coordinates":[[-73.9911794314518,40.329160172793],[-73.9902462134974,40.3301560571708],[-73.989762840831,40.3306686499845],[-73.9897007155049,40.3307349737975]]}},{"type":"Feature","id":292530,"properties":{"OBJECTID":292530,"PRIMENAME":"Greeley Terrace","ELEVTYP_F":0,"ELEVTYP_T":0},"geometry":{"type":"LineString","coordinates":[[-73.9792636783346,40.3076210069249],[-73.9790651359594,40.3076142660303]]}},{"type":"Feature","id":292569,"properties":{"OBJECTID":292569,"PRIMENAME":"Delaware Avenue","ELEVTYP_F":0,"ELEVTYP_T":0},"geometry":{"type":"LineString","coordinates":[[-74.0151109003074,40.2874907668913],[-74.0149811038294,40.2874997491499],[-74.0145389156436,40.2875408021335],[-74.0139536963026,40.2875716723515],[-74.0128143686142,40.2876288397652],[-74.0115256642594,40.2876806171388],[-74.0113943883083,40.28768588201]]}},{"type":"Feature","id":293631,"properties":{"OBJECTID":293631,"PRIMENAME":"Highland Avenue","ELEVTYP_F":0,"ELEVTYP_T":0},"geometry":{"type":"LineString","coordinates":[[-73.9964511777359,40.2744005102368],[-73.9948184632856,40.2744328704659],[-73.9940993984752,40.2744462272196]]}},{"type":"Feature","id":293748,"properties":{"OBJECTID":293748,"PRIMENAME":"Springdale Avenue","ELEVTYP_F":0,"ELEVTYP_T":0},"geometry":{"type":"LineString","coordinates":[[-73.9981765332421,40.2952225711681],[-73.9981709962376,40.2952296299295],[-73.997436337838,40.2960986223641],[-73.9971411087558,40.2964595428718],[-73.9970963168866,40.2965142802242]]}},{"type":"Feature","id":293913,"properties":{"OBJECTID":293913,"PRIMENAME":"East Walnut Place","ELEVTYP_F":0,"ELEVTYP_T":0},"geometry":{"type":"LineString","coordinates":[[-74.012979892977,40.2949331261439],[-74.0118644368052,40.2942513191326]]}},{"type":"Feature","id":294252,"properties":{"OBJECTID":294252,"PRIMENAME":"Wardell Circle","ELEVTYP_F":0,"ELEVTYP_T":0},"geometry":{"type":"LineString","coordinates":[[-73.9982680970384,40.3204511937697],[-73.9981812303703,40.320567515679],[-73.9979798305949,40.3212815740862],[-73.9980049867513,40.3214055196185]]}},{"type":"Feature","id":294332,"properties":{"OBJECTID":294332,"PRIMENAME":"Norwood Avenue","ELEVTYP_F":0,"ELEVTYP_T":0},"geometry":{"type":"LineString","coordinates":[[-74.0014943409923,40.2927272954254],[-74.001548332024,40.2929809932416]]}},{"type":"Feature","id":294383,"properties":{"OBJECTID":294383,"PRIMENAME":"Unnamed Segment","ELEVTYP_F":0,"ELEVTYP_T":0},"geometry":{"type":"LineString","coordinates":[[-73.9874814476537,40.2694785585608],[-73.9872554291746,40.2694644013021],[-73.9867375092545,40.2693513570799],[-73.986249083955,40.2692742743357],[-73.9859517315753,40.2692338650386],[-73.9859212512378,40.2693281910713],[-73.9859635267092,40.2693609513218],[-73.986290471231,40.269424290424],[-73.9861895914335,40.2698310003221],[-73.9863936450906,40.2698384215928],[-73.9868142117439,40.2698924034409],[-73.9870746253704,40.2697567538001],[-73.9872615474771,40.269780382471],[-73.987379108888,40.2698260625265]]}},{"type":"Feature","id":294623,"properties":{"OBJECTID":294623,"PRIMENAME":"Forest Street","ELEVTYP_F":0,"ELEVTYP_T":0},"geometry":{"type":"LineString","coordinates":[[-74.012548438503,40.2976195587213],[-74.0125735763847,40.2975839220034],[-74.012869448656,40.2971228745934],[-74.0129120300243,40.2970495925672]]}},{"type":"Feature","id":294652,"properties":{"OBJECTID":294652,"PRIMENAME":"Van Court Avenue","ELEVTYP_F":0,"ELEVTYP_T":0},"geometry":{"type":"LineString","coordinates":[[-73.9997183143761,40.2796474298459],[-73.9996037603493,40.2789276874472]]}},{"type":"Feature","id":294734,"properties":{"OBJECTID":294734,"PRIMENAME":"Conover Place","ELEVTYP_F":0,"ELEVTYP_T":0},"geometry":{"type":"LineString","coordinates":[[-73.9988015697396,40.3069110337799],[-73.9987759936757,40.3068540969501],[-73.998604512643,40.3064720996473]]}},{"type":"Feature","id":294767,"properties":{"OBJECTID":294767,"PRIMENAME":"Bath Avenue","ELEVTYP_F":0,"ELEVTYP_T":0},"geometry":{"type":"LineString","coordinates":[[-73.991428291971,40.2937118606407],[-73.9913438076334,40.2936729023381],[-73.9903328056313,40.2932109358057],[-73.9894271418064,40.2928018040192],[-73.9893094859052,40.2927488511168],[-73.9892576419769,40.2927255356896]]}},{"type":"Feature","id":295131,"properties":{"OBJECTID":295131,"PRIMENAME":"Long Branch Avenue","ELEVTYP_F":0,"ELEVTYP_T":0},"geometry":{"type":"LineString","coordinates":[[-73.986163165613,40.3232379950861],[-73.9862604508734,40.3237423357202]]}},{"type":"Feature","id":295197,"properties":{"OBJECTID":295197,"PRIMENAME":"Sunset Avenue","ELEVTYP_F":0,"ELEVTYP_T":0},"geometry":{"type":"LineString","coordinates":[[-73.992644419393,40.3240581808294],[-73.993611419803,40.3239891812643],[-73.9939144221088,40.3239741820123]]}},{"type":"Feature","id":295382,"properties":{"OBJECTID":295382,"PRIMENAME":"Shrewsbury Avenue","ELEVTYP_F":0,"ELEVTYP_T":0},"geometry":{"type":"LineString","coordinates":[[-73.9954113795745,40.2811730782068],[-73.9954141367438,40.2810915300196]]}},{"type":"Feature","id":295388,"properties":{"OBJECTID":295388,"PRIMENAME":"Unnamed Segment","ELEVTYP_F":0,"ELEVTYP_T":0},"geometry":{"type":"LineString","coordinates":[[-73.9865324148575,40.2811701725122],[-73.986883415255,40.2811331714236],[-73.986990416792,40.2811181725393]]}},{"type":"Feature","id":295453,"properties":{"OBJECTID":295453,"PRIMENAME":"Memorial Parkway","ELEVTYP_F":0,"ELEVTYP_T":0},"geometry":{"type":"LineString","coordinates":[[-73.9847688173811,40.3012212481565],[-73.9847923671195,40.3013165569908],[-73.9849483567444,40.3019463983237]]}},{"type":"Feature","id":295594,"properties":{"OBJECTID":295594,"PRIMENAME":"Patten Avenue","ELEVTYP_F":0,"ELEVTYP_T":0},"geometry":{"type":"LineString","coordinates":[[-73.9925108666901,40.3266665479074],[-73.9925997092178,40.3268921811283],[-73.9926301282625,40.3269924050565],[-73.9926356909228,40.3270782166821],[-73.9926163262217,40.3271686681175],[-73.9925341592155,40.3273303568274],[-73.992512276585,40.3273621187352],[-73.9921249649076,40.3279242962671],[-73.9920063971587,40.3281004306474]]}},{"type":"Feature","id":295819,"properties":{"OBJECTID":295819,"PRIMENAME":"Ocean Boulevard","ELEVTYP_F":0,"ELEVTYP_T":0},"geometry":{"type":"LineString","coordinates":[[-73.982535040167,40.2920684656053],[-73.9825766735172,40.2918838537884]]}},{"type":"Feature","id":295888,"properties":{"OBJECTID":295888,"PRIMENAME":"Eastwood Avenue","ELEVTYP_F":0,"ELEVTYP_T":0},"geometry":{"type":"LineString","coordinates":[[-73.9893941346953,40.3102333936547],[-73.989270419546,40.3100991785203],[-73.988868418632,40.309614177813],[-73.988851417944,40.3095661769971],[-73.9888404183415,40.3095111775773],[-73.9888394183976,40.3094791782576],[-73.9888464193056,40.3094161776846],[-73.9888714171159,40.309345178641],[-73.9889064170994,40.3092991773536],[-73.9889464179755,40.3092561775166],[-73.988993418584,40.3092161780466],[-73.9890564190181,40.3091741768124],[-73.9900424199523,40.3086701772117],[-73.9901319531977,40.3086223984454]]}},{"type":"Feature","id":296016,"properties":{"OBJECTID":296016,"PRIMENAME":"Stuyvesant Place","ELEVTYP_F":0,"ELEVTYP_T":0},"geometry":{"type":"LineString","coordinates":[[-73.9906950918203,40.2673718147785],[-73.9905906035399,40.2673558715569],[-73.988403082854,40.2670221472761],[-73.9882338772191,40.266996307519]]}},{"type":"Feature","id":296158,"properties":{"OBJECTID":296158,"PRIMENAME":"Lincoln Avenue","ELEVTYP_F":0,"ELEVTYP_T":0},"geometry":{"type":"LineString","coordinates":[[-73.9911131859067,40.2642705611595],[-73.9928201319377,40.2645680334317],[-73.9930672464905,40.2646122435866]]}},{"type":"Feature","id":296201,"properties":{"OBJECTID":296201,"PRIMENAME":"Perrine Avenue","ELEVTYP_F":0,"ELEVTYP_T":0},"geometry":{"type":"LineString","coordinates":[[-74.0058916395323,40.2732661977807],[-74.0069606448051,40.2731277586211],[-74.007906115193,40.2730028400146]]}},{"type":"Feature","id":296229,"properties":{"OBJECTID":296229,"PRIMENAME":"North Lake Drive","ELEVTYP_F":0,"ELEVTYP_T":0},"geometry":{"type":"LineString","coordinates":[[-73.989479871564,40.2777220426381],[-73.9900216498234,40.2776670290132],[-73.9912795669167,40.2775391207777],[-73.9914103512437,40.277520616998],[-73.9915226054722,40.2774925044512],[-73.9916287287143,40.2774453410979],[-73.9917225238099,40.2773885431629],[-73.991778899486,40.2773316078236],[-73.9918292545988,40.2772603435188],[-73.9918923304746,40.2771462275603]]}},{"type":"Feature","id":296246,"properties":{"OBJECTID":296246,"PRIMENAME":"Lincoln Avenue","ELEVTYP_F":0,"ELEVTYP_T":0},"geometry":{"type":"LineString","coordinates":[[-73.9958036389966,40.2651349205169],[-73.9958927859539,40.2651656981745],[-73.9960876821397,40.2652304562864],[-73.9961804521706,40.2652557869786]]}},{"type":"Feature","id":296335,"properties":{"OBJECTID":296335,"PRIMENAME":"Wooley Avenue","ELEVTYP_F":0,"ELEVTYP_T":0},"geometry":{"type":"LineString","coordinates":[[-73.9940007339079,40.2880757233968],[-73.9939260440927,40.2881455373846],[-73.992988629766,40.2890207713941]]}},{"type":"Feature","id":296457,"properties":{"OBJECTID":296457,"PRIMENAME":"Bath Avenue","ELEVTYP_F":0,"ELEVTYP_T":0},"geometry":{"type":"LineString","coordinates":[[-74.0026977577397,40.2993006873008],[-74.0026529163889,40.2993094254709],[-74.0026311563038,40.299313861336],[-74.0026099710412,40.2993181897879],[-74.0025189142095,40.2993311955732],[-74.0022859749838,40.2993600343167],[-74.0020557410494,40.2993866325896],[-74.0018300872998,40.2994095718392],[-74.0016107573363,40.2994453038133],[-74.0013821896605,40.2994792653956],[-74.0012182611118,40.2995041167564],[-74.0011512903075,40.2995181854011],[-74.0011480587439,40.2995188577686],[-74.0011143010828,40.2995257229288]]}},{"type":"Feature","id":296683,"properties":{"OBJECTID":296683,"PRIMENAME":"Old Farm Road","ELEVTYP_F":0,"ELEVTYP_T":0},"geometry":{"type":"LineString","coordinates":[[-74.0129286194685,40.2736182390017],[-74.013328301629,40.2736694445017],[-74.0139145086951,40.2737504498544],[-74.0139686013623,40.2737579238007],[-74.0140742272446,40.2737774200207],[-74.0141800225387,40.2737730871391],[-74.0142869359009,40.273752013745],[-74.0142983920386,40.2737497552369],[-74.0144045315388,40.2737073210863],[-74.0145045025083,40.2736505575422],[-74.0145796670806,40.2735793594152],[-74.0146363295624,40.2734842827351],[-74.0146433827662,40.2733699192249],[-74.0145721022902,40.2728930213275],[-74.014435441069,40.2719964348985],[-74.0144054225628,40.2718390352714],[-74.0143751325645,40.2717245420485],[-74.0143384396713,40.2716385720393],[-74.014264570201,40.2715239228892],[-74.0139376214554,40.271131712935],[-74.0137217474407,40.2708686645338],[-74.0135921063653,40.2707203713798],[-74.0134869293391,40.2706389173285],[-74.0133879205916,40.2705670154278],[-74.013257699915,40.2705045084641],[-74.0131584171764,40.2704659594496],[-74.0130217566347,40.270432030168],[-74.0126578614699,40.2703607139342]]}},{"type":"Feature","id":296847,"properties":{"OBJECTID":296847,"PRIMENAME":"Helen Court","ELEVTYP_F":0,"ELEVTYP_T":0},"geometry":{"type":"LineString","coordinates":[[-74.0048264930918,40.274692948399],[-74.004428769139,40.2747564446104]]}},{"type":"Feature","id":296881,"properties":{"OBJECTID":296881,"PRIMENAME":"Rockwell Avenue","ELEVTYP_F":0,"ELEVTYP_T":0},"geometry":{"type":"LineString","coordinates":[[-73.9908444335117,40.3094297411005],[-73.9902640206276,40.3087709708243],[-73.9902122481048,40.3087127089243]]}},{"type":"Feature","id":297615,"properties":{"OBJECTID":297615,"PRIMENAME":"Chelton Avenue","ELEVTYP_F":0,"ELEVTYP_T":0},"geometry":{"type":"LineString","coordinates":[[-73.9820642222558,40.3162749853206],[-73.982546166792,40.316220158526],[-73.9828114460984,40.3161916691358]]}},{"type":"Feature","id":297778,"properties":{"OBJECTID":297778,"PRIMENAME":"Bowyer Avenue","ELEVTYP_F":0,"ELEVTYP_T":0},"geometry":{"type":"LineString","coordinates":[[-73.9954882309779,40.2794851592327],[-73.9955481517544,40.2783966116092],[-73.9955646544392,40.2780955601794],[-73.9955586063141,40.2780750266631],[-73.9955381491368,40.278049627103],[-73.995530138632,40.2780439333263]]}},{"type":"Feature","id":297783,"properties":{"OBJECTID":297783,"PRIMENAME":"East Street","ELEVTYP_F":0,"ELEVTYP_T":0},"geometry":{"type":"LineString","coordinates":[[-74.0050880568811,40.3094725538645],[-74.0049884663088,40.3094640299779],[-74.003588613348,40.3093436385546]]}},{"type":"Feature","id":298034,"properties":{"OBJECTID":298034,"PRIMENAME":"Ellis Avenue","ELEVTYP_F":0,"ELEVTYP_T":0},"geometry":{"type":"LineString","coordinates":[[-73.98523710352,40.3092343121056],[-73.9852759218806,40.3093073974204],[-73.9853495651071,40.3094459189862],[-73.9853946847264,40.3095357745819]]}},{"type":"Feature","id":298056,"properties":{"OBJECTID":298056,"PRIMENAME":"Franklin Avenue","ELEVTYP_F":0,"ELEVTYP_T":0},"geometry":{"type":"LineString","coordinates":[[-73.9875115285768,40.2996327259744],[-73.987734867293,40.2995943248146],[-73.9877996320267,40.2995831885172],[-73.9878995183519,40.2995454995505],[-73.9879745239014,40.2995028962798],[-73.9879786060266,40.299499424298],[-73.9880246471057,40.2994602657139],[-73.9880811933634,40.2994121172974]]}},{"type":"Feature","id":298883,"properties":{"OBJECTID":298883,"PRIMENAME":"Cedar Avenue","ELEVTYP_F":0,"ELEVTYP_T":0},"geometry":{"type":"LineString","coordinates":[[-74.0069039104624,40.2817042057099],[-74.0069308137876,40.2817051849916],[-74.0070381136411,40.2817127519987],[-74.0070852532513,40.2817171805246]]}},{"type":"Feature","id":299197,"properties":{"OBJECTID":299197,"PRIMENAME":"New Court","ELEVTYP_F":0,"ELEVTYP_T":0},"geometry":{"type":"LineString","coordinates":[[-73.984472159367,40.2827689122532],[-73.9846437306132,40.2827857092067],[-73.9866336702333,40.2829804334949],[-73.9867280162435,40.2829896641086]]}},{"type":"Feature","id":299368,"properties":{"OBJECTID":299368,"PRIMENAME":"Hollywood Avenue","ELEVTYP_F":0,"ELEVTYP_T":0},"geometry":{"type":"LineString","coordinates":[[-74.0008340397999,40.2860428695018],[-74.0019917234206,40.2859146874548],[-74.0024241458285,40.2858654597194]]}},{"type":"Feature","id":299380,"properties":{"OBJECTID":299380,"PRIMENAME":"Norwood Avenue","ELEVTYP_F":0,"ELEVTYP_T":0},"geometry":{"type":"LineString","coordinates":[[-74.0028432177928,40.2767306021609],[-74.0028256838816,40.2768302822716]]}},{"type":"Feature","id":299447,"properties":{"OBJECTID":299447,"PRIMENAME":"Port Au Peck Avenue","ELEVTYP_F":0,"ELEVTYP_T":0},"geometry":{"type":"LineString","coordinates":[[-74.0050727636151,40.3213222682439],[-74.0048629790925,40.3222021123531]]}},{"type":"Feature","id":299472,"properties":{"OBJECTID":299472,"PRIMENAME":"Joline Avenue","ELEVTYP_F":0,"ELEVTYP_T":0},"geometry":{"type":"LineString","coordinates":[[-73.98599665352,40.3129887496963],[-73.9857729992671,40.3130995541142]]}},{"type":"Feature","id":299557,"properties":{"OBJECTID":299557,"PRIMENAME":"Florence Avenue","ELEVTYP_F":0,"ELEVTYP_T":0},"geometry":{"type":"LineString","coordinates":[[-73.9892254455399,40.3166046873525],[-73.9893945404365,40.316776020552]]}},{"type":"Feature","id":299604,"properties":{"OBJECTID":299604,"PRIMENAME":"Eunice Terrace","ELEVTYP_F":0,"ELEVTYP_T":0},"geometry":{"type":"LineString","coordinates":[[-74.0094344500492,40.3019874447958],[-74.0090000265209,40.3015324657932],[-74.0088446907704,40.3012760557083],[-74.0084644834823,40.3004169202763],[-74.0084705829837,40.3003069983891],[-74.0085268621431,40.3002691342471],[-74.0087081429939,40.3001650369921],[-74.0092813361594,40.2998541856616]]}},{"type":"Feature","id":299858,"properties":{"OBJECTID":299858,"PRIMENAME":"Ocean Boulevard","ELEVTYP_F":0,"ELEVTYP_T":0},"geometry":{"type":"LineString","coordinates":[[-73.982838202816,40.2908709832626],[-73.9829428479704,40.2904626365635],[-73.9829602267174,40.290393041066]]}},{"type":"Feature","id":299933,"properties":{"OBJECTID":299933,"PRIMENAME":"Norwood Avenue","ELEVTYP_F":0,"ELEVTYP_T":0},"geometry":{"type":"LineString","coordinates":[[-74.0028217776778,40.2744961390617],[-74.0028654063052,40.2747246190255],[-74.0029041293984,40.2749881100243]]}},{"type":"Feature","id":299982,"properties":{"OBJECTID":299982,"PRIMENAME":"Unnamed Segment","ELEVTYP_F":0,"ELEVTYP_T":0},"geometry":{"type":"LineString","coordinates":[[-74.0065884219657,40.2773221718398],[-74.006577421914,40.2771921703096],[-74.0065934235139,40.2771221715939],[-74.0066124230801,40.2770881706826],[-74.0066464224557,40.2770551704114],[-74.0066854220386,40.2770321707757],[-74.0067564208192,40.2770031713293],[-74.0068294215488,40.2769881712457],[-74.0070184212353,40.2769711705523],[-74.0082584240623,40.2768001712508]]}},{"type":"Feature","id":300014,"properties":{"OBJECTID":300014,"PRIMENAME":"Comanche Drive","ELEVTYP_F":0,"ELEVTYP_T":0},"geometry":{"type":"LineString","coordinates":[[-73.999535936578,40.3221692790024],[-73.9994470225006,40.3217032812734],[-73.9993959762609,40.3214423488829]]}},{"type":"Feature","id":300100,"properties":{"OBJECTID":300100,"PRIMENAME":"Marion Place","ELEVTYP_F":0,"ELEVTYP_T":0},"geometry":{"type":"LineString","coordinates":[[-73.9784434909935,40.3188492452926],[-73.9784473756182,40.3189040730209],[-73.9784585372096,40.3190661717523],[-73.9784580604576,40.3191281292085],[-73.9784453219882,40.3191709519242],[-73.9784229278965,40.3192212677786],[-73.9784135705614,40.3192422936915],[-73.9782499215455,40.3194798661082]]}},{"type":"Feature","id":300224,"properties":{"OBJECTID":300224,"PRIMENAME":"Bampton Place","ELEVTYP_F":0,"ELEVTYP_T":0},"geometry":{"type":"LineString","coordinates":[[-74.0134875638776,40.2941015689758],[-74.0132514353385,40.294463136041],[-74.0130281391344,40.2948496283006],[-74.012979892977,40.2949331261439]]}},{"type":"Feature","id":300364,"properties":{"OBJECTID":300364,"PRIMENAME":"McKinley Street","ELEVTYP_F":0,"ELEVTYP_T":0},"geometry":{"type":"LineString","coordinates":[[-73.978680010571,40.3069725682765],[-73.9787161343133,40.3064094183724]]}},{"type":"Feature","id":300499,"properties":{"OBJECTID":300499,"PRIMENAME":"Scholars Way Lake Road","ELEVTYP_F":0,"ELEVTYP_T":0},"geometry":{"type":"LineString","coordinates":[[-74.0099986090467,40.2764296953897],[-74.009766142741,40.2764709787765],[-74.0096466139183,40.2764909794678],[-74.0095276080422,40.2765116676556],[-74.0088779775706,40.2766159215886],[-74.008845424172,40.2766221790119],[-74.0088132951858,40.2766290984124],[-74.0087814126691,40.2766367321743],[-74.0087499547716,40.2766449990938],[-74.0085728614003,40.2766943193832],[-74.0085387893012,40.2767038982141],[-74.0084181747585,40.2767378055406],[-74.008317049656,40.2767795151272],[-74.0082584240623,40.2768001712508]]}},{"type":"Feature","id":300661,"properties":{"OBJECTID":300661,"PRIMENAME":"Central Avenue","ELEVTYP_F":0,"ELEVTYP_T":0},"geometry":{"type":"LineString","coordinates":[[-73.9858265154654,40.3090165084845],[-73.9853060656378,40.3092088295536],[-73.98523710352,40.3092343121056]]}},{"type":"Feature","id":300688,"properties":{"OBJECTID":300688,"PRIMENAME":"FR RT 71 NB to CEDAR AVE","ELEVTYP_F":0,"ELEVTYP_T":0},"geometry":{"type":"LineString","coordinates":[[-74.0032446176512,40.2811923138064],[-74.0032477858972,40.2812786112197],[-74.0032483014656,40.2813649418352],[-74.003246164061,40.2814512578313],[-74.0032413748571,40.2815375113942],[-74.0032348690064,40.2815591327937],[-74.0032258706733,40.2815802235065],[-74.0032165191731,40.2815972730623],[-74.0032055379277,40.2816137427503],[-74.003192987759,40.2816295413479],[-74.0031789381791,40.2816445813497],[-74.0031510638539,40.2816629990565],[-74.0031234351611,40.2816788403672],[-74.0030944839196,40.2816932297994],[-74.0030643399873,40.2817061028102],[-74.0030331385719,40.2817174016589],[-74.0030010196248,40.2817270756652],[-74.0029681272129,40.2817350814371],[-74.0029346088727,40.2817413830651],[-74.0029006149484,40.2817459522839]]}},{"type":"Feature","id":300719,"properties":{"OBJECTID":300719,"PRIMENAME":"Lawrence Avenue","ELEVTYP_F":0,"ELEVTYP_T":0},"geometry":{"type":"LineString","coordinates":[[-74.0054362808043,40.2626593637254],[-74.0059304853756,40.26270713304],[-74.0077629284732,40.2628842354321],[-74.0079433158882,40.2628897518039],[-74.0080122589054,40.2628900449385]]}},{"type":"Feature","id":300880,"properties":{"OBJECTID":300880,"PRIMENAME":"Willow Place","ELEVTYP_F":0,"ELEVTYP_T":0},"geometry":{"type":"LineString","coordinates":[[-73.9818323796273,40.3237084760224],[-73.981869569302,40.3237324432727],[-73.9819317586524,40.323742247115],[-73.9820812839728,40.3237333913518],[-73.9827152911804,40.3236853799808]]}},{"type":"Feature","id":300934,"properties":{"OBJECTID":300934,"PRIMENAME":"Brighton Avenue","ELEVTYP_F":0,"ELEVTYP_T":0},"geometry":{"type":"LineString","coordinates":[[-73.9883949708301,40.2846529891852],[-73.9878481642475,40.2845878607834],[-73.9874669246044,40.2845424501276]]}},{"type":"Feature","id":301006,"properties":{"OBJECTID":301006,"PRIMENAME":"Golf Street","ELEVTYP_F":0,"ELEVTYP_T":0},"geometry":{"type":"LineString","coordinates":[[-74.0106839685696,40.2950308866289],[-74.0106379876589,40.2949639839703],[-74.0105886047847,40.2949065922687],[-74.010514340999,40.2948490673646],[-74.0104275667898,40.2947962944902],[-74.0103281803401,40.2947672689796],[-74.0102162858042,40.2947477158007],[-74.0100731693488,40.2947423606895],[-74.0098161274048,40.2947504685863]]}},{"type":"Feature","id":301108,"properties":{"OBJECTID":301108,"PRIMENAME":"Cooper Avenue","ELEVTYP_F":0,"ELEVTYP_T":0},"geometry":{"type":"LineString","coordinates":[[-73.9790060057503,40.3087035754591],[-73.9785881787881,40.3086911040574]]}},{"type":"Feature","id":301248,"properties":{"OBJECTID":301248,"PRIMENAME":"Atlantic Avenue","ELEVTYP_F":0,"ELEVTYP_T":0},"geometry":{"type":"LineString","coordinates":[[-74.0025882954842,40.3108085490367],[-74.002021289818,40.3110168317436]]}},{"type":"Feature","id":301318,"properties":{"OBJECTID":301318,"PRIMENAME":"Patten Avenue","ELEVTYP_F":0,"ELEVTYP_T":0},"geometry":{"type":"LineString","coordinates":[[-73.9923658901857,40.3198190571659],[-73.992303172647,40.3199277944411],[-73.9921770123261,40.3201464995952],[-73.9921199214136,40.3202939679847],[-73.9920620442568,40.3205320252033],[-73.9920514253147,40.3205755990659]]}},{"type":"Feature","id":301433,"properties":{"OBJECTID":301433,"PRIMENAME":"Willow Place","ELEVTYP_F":0,"ELEVTYP_T":0},"geometry":{"type":"LineString","coordinates":[[-73.9827152911804,40.3236853799808],[-73.982853834585,40.3236748880591]]}},{"type":"Feature","id":301883,"properties":{"OBJECTID":301883,"PRIMENAME":"Norwood Avenue","ELEVTYP_F":0,"ELEVTYP_T":0},"geometry":{"type":"LineString","coordinates":[[-74.0029534857449,40.2994358167233],[-74.0029777668533,40.2995520707681],[-74.0029942901783,40.2996310934127]]}},{"type":"Feature","id":301892,"properties":{"OBJECTID":301892,"PRIMENAME":"Hearn Avenue","ELEVTYP_F":0,"ELEVTYP_T":0},"geometry":{"type":"LineString","coordinates":[[-73.9826779048303,40.3154993916602],[-73.9827001849094,40.3156156127211],[-73.9827960265894,40.3161116598834],[-73.9828114460984,40.3161916691358]]}},{"type":"Feature","id":301895,"properties":{"OBJECTID":301895,"PRIMENAME":"Monmouth Boulevard","ELEVTYP_F":0,"ELEVTYP_T":0},"geometry":{"type":"LineString","coordinates":[[-73.9991012327586,40.3205156110041],[-73.9992164683952,40.3205251137559]]}},{"type":"Feature","id":301908,"properties":{"OBJECTID":301908,"PRIMENAME":"Hobart Manor","ELEVTYP_F":0,"ELEVTYP_T":0},"geometry":{"type":"LineString","coordinates":[[-73.9822691907325,40.3133662982367],[-73.9810640281625,40.3134281279024]]}},{"type":"Feature","id":302104,"properties":{"OBJECTID":302104,"PRIMENAME":"West End Avenue","ELEVTYP_F":0,"ELEVTYP_T":0},"geometry":{"type":"LineString","coordinates":[[-73.998322072087,40.2904662029887],[-73.9982966020335,40.2904522683321],[-73.9977883847947,40.2901640943151],[-73.9975200533168,40.2900209043518]]}},{"type":"Feature","id":302226,"properties":{"OBJECTID":302226,"PRIMENAME":"Larchwood Avenue","ELEVTYP_F":0,"ELEVTYP_T":0},"geometry":{"type":"LineString","coordinates":[[-74.0098002656936,40.2753988037261],[-74.0098133593427,40.2753084129452],[-74.0098648621152,40.2750703178204],[-74.0099352068016,40.2748037253653],[-74.0099484359984,40.2746989137366],[-74.0099491581126,40.2745988811873],[-74.0099499152985,40.2744939897141],[-74.0099253397515,40.2743385601907]]}},{"type":"Feature","id":302325,"properties":{"OBJECTID":302325,"PRIMENAME":"Pleasure Bay","ELEVTYP_F":0,"ELEVTYP_T":0},"geometry":{"type":"LineString","coordinates":[[-73.9958914211882,40.3137751790953],[-73.9960124206138,40.3140231793829],[-73.9960414232579,40.3141351779372],[-73.9960554210766,40.3142381793208],[-73.9960594205487,40.3143221774516]]}},{"type":"Feature","id":302678,"properties":{"OBJECTID":302678,"PRIMENAME":"Chelton Avenue","ELEVTYP_F":0,"ELEVTYP_T":0},"geometry":{"type":"LineString","coordinates":[[-73.9810426859322,40.3161551432574],[-73.9810452433261,40.3162753948362],[-73.9810510459194,40.3163278542809],[-73.9810869582757,40.3163636479764],[-73.9811441013315,40.3163711518511],[-73.9811615248004,40.3163704914589]]}},{"type":"Feature","id":302746,"properties":{"OBJECTID":302746,"PRIMENAME":"Hiawatha Avenue","ELEVTYP_F":0,"ELEVTYP_T":0},"geometry":{"type":"LineString","coordinates":[[-74.0103263339379,40.3229574581937],[-74.0095760719413,40.3228545468563]]}},{"type":"Feature","id":302807,"properties":{"OBJECTID":302807,"PRIMENAME":"Woodgate Avenue","ELEVTYP_F":0,"ELEVTYP_T":0},"geometry":{"type":"LineString","coordinates":[[-73.9964713588707,40.2751007948227],[-73.9964511777359,40.2744005102368]]}},{"type":"Feature","id":303117,"properties":{"OBJECTID":303117,"PRIMENAME":"3rd Avenue","ELEVTYP_F":0,"ELEVTYP_T":0},"geometry":{"type":"LineString","coordinates":[[-73.9875564908083,40.2942984043456],[-73.987555905566,40.2939439404782],[-73.9875553487795,40.2937853293783]]}},{"type":"Feature","id":303263,"properties":{"OBJECTID":303263,"PRIMENAME":"South Lincoln Avenue","ELEVTYP_F":0,"ELEVTYP_T":0},"geometry":{"type":"LineString","coordinates":[[-74.002694067892,40.2648727832201],[-74.0018575641158,40.2645734417183]]}},{"type":"Feature","id":303284,"properties":{"OBJECTID":303284,"PRIMENAME":"Port Au Peck Avenue","ELEVTYP_F":0,"ELEVTYP_T":0},"geometry":{"type":"LineString","coordinates":[[-73.9923658901857,40.3198190571659],[-73.9924879299889,40.3197386093899],[-73.9925629916369,40.3196960035721],[-73.9926254283653,40.3196724767376],[-73.9926937853574,40.3196870789189],[-73.9927558302871,40.3197111796049],[-73.9928489341361,40.3197592171183],[-73.9929047389128,40.3197880944581],[-73.9929731659407,40.3197979197102],[-73.9933901539162,40.31982354728],[-73.994062832618,40.3198522688311]]}},{"type":"Feature","id":303331,"properties":{"OBJECTID":303331,"PRIMENAME":"Van Court Avenue","ELEVTYP_F":0,"ELEVTYP_T":0},"geometry":{"type":"LineString","coordinates":[[-73.9994720613385,40.2781758602932],[-73.9994057310566,40.2777995878836]]}},{"type":"Feature","id":303479,"properties":{"OBJECTID":303479,"PRIMENAME":"Sherman Court","ELEVTYP_F":0,"ELEVTYP_T":0},"geometry":{"type":"LineString","coordinates":[[-73.9878927387353,40.2919700779628],[-73.9877323203842,40.2919699892706],[-73.9876027619849,40.2919695164476],[-73.9873471762546,40.2919708826915],[-73.9871490958865,40.2919727635721],[-73.9870603013232,40.2919727797491]]}},{"type":"Feature","id":303482,"properties":{"OBJECTID":303482,"PRIMENAME":"Myrtle Avenue","ELEVTYP_F":0,"ELEVTYP_T":0},"geometry":{"type":"LineString","coordinates":[[-74.0095256221305,40.3038337449585],[-74.0096161613357,40.303982287782]]}},{"type":"Feature","id":303691,"properties":{"OBJECTID":303691,"PRIMENAME":"Norwood Avenue","ELEVTYP_F":0,"ELEVTYP_T":0},"geometry":{"type":"LineString","coordinates":[[-74.0024686983411,40.2722919412295],[-74.0024857065503,40.2724067064594],[-74.0025783680294,40.273104091978]]}},{"type":"Feature","id":304100,"properties":{"OBJECTID":304100,"PRIMENAME":"High Street","ELEVTYP_F":0,"ELEVTYP_T":0},"geometry":{"type":"LineString","coordinates":[[-73.9949172683451,40.2954227354813],[-73.9949550515186,40.2953800750185],[-73.995733398794,40.2945017354142],[-73.9960937530852,40.2940994294671],[-73.9962232266328,40.2939525482902],[-73.9962765818863,40.2939078962795],[-73.9963326851453,40.2938696797032],[-73.9964391098277,40.2938188351319],[-73.996458122327,40.2938124664617]]}},{"type":"Feature","id":304464,"properties":{"OBJECTID":304464,"PRIMENAME":"Harbour Way","ELEVTYP_F":0,"ELEVTYP_T":0},"geometry":{"type":"LineString","coordinates":[[-73.990067085148,40.3311988260021],[-73.9904405914462,40.3308050809251],[-73.9910118737455,40.330197558751],[-73.9916082901179,40.3295567632422],[-73.9917080958885,40.3294494801521]]}},{"type":"Feature","id":304633,"properties":{"OBJECTID":304633,"PRIMENAME":"Unnamed Segment","ELEVTYP_F":0,"ELEVTYP_T":0},"geometry":{"type":"LineString","coordinates":[[-73.9821284156913,40.3185601792705],[-73.9823534169058,40.3185611790971]]}},{"type":"Feature","id":304639,"properties":{"OBJECTID":304639,"PRIMENAME":"Unnamed Segment","ELEVTYP_F":0,"ELEVTYP_T":0},"geometry":{"type":"LineString","coordinates":[[-73.9830428337123,40.2846565920221],[-73.983230144455,40.2857234566277],[-73.9820739925855,40.2858455809439]]}},{"type":"Feature","id":304661,"properties":{"OBJECTID":304661,"PRIMENAME":"Unnamed Segment","ELEVTYP_F":0,"ELEVTYP_T":0},"geometry":{"type":"LineString","coordinates":[[-73.9901437005117,40.2614936119479],[-73.9899825820569,40.2614646769698],[-73.9895596083427,40.2612656234715],[-73.9892848397553,40.2611744654957],[-73.9891845088168,40.2613054816892],[-73.9890880199432,40.2615264595036],[-73.9892681964421,40.2615860645676],[-73.9893716375164,40.261641872226],[-73.9900591959192,40.2617781158207]]}},{"type":"Feature","id":304666,"properties":{"OBJECTID":304666,"PRIMENAME":"Ocean Avenue","ELEVTYP_F":0,"ELEVTYP_T":0},"geometry":{"type":"LineString","coordinates":[[-73.9817828524648,40.2864946759175],[-73.981801683425,40.2863793902976],[-73.9818329431965,40.2861880122854],[-73.9818525648904,40.2860594040355],[-73.9818933802558,40.2860143187653]]}},{"type":"Feature","id":304867,"properties":{"OBJECTID":304867,"PRIMENAME":"Cedar Avenue","ELEVTYP_F":0,"ELEVTYP_T":0},"geometry":{"type":"LineString","coordinates":[[-73.9915079174185,40.2811085249773],[-73.9927741595065,40.2809971094385],[-73.9930745675599,40.2809734173032],[-73.9931347085123,40.2809694699705],[-73.9931950368184,40.2809679395166],[-73.9932553870087,40.2809688301395],[-73.9933155935533,40.2809721393962]]}},{"type":"Feature","id":305200,"properties":{"OBJECTID":305200,"PRIMENAME":"Monmouth Park Highway","ELEVTYP_F":0,"ELEVTYP_T":0},"geometry":{"type":"LineString","coordinates":[[-74.0122581218324,40.3043438405226],[-74.0120745762536,40.3043673663108],[-74.0120354872715,40.3043723991423],[-74.0118392652926,40.3043894701189],[-74.0116431303049,40.3043993484809],[-74.011465717685,40.304398599458],[-74.0113070102003,40.3043943598716],[-74.0110689970612,40.3043790518071],[-74.0107563851887,40.3043562630839],[-74.0101450096918,40.3043143921036]]}},{"type":"Feature","id":305566,"properties":{"OBJECTID":305566,"PRIMENAME":"Norwood Avenue","ELEVTYP_F":0,"ELEVTYP_T":0},"geometry":{"type":"LineString","coordinates":[[-74.0026918707302,40.2776590919615],[-74.0026746428917,40.2778336146884],[-74.0026641088065,40.2779944392018],[-74.0026676427465,40.2781481594173],[-74.0026715263536,40.2782589727364],[-74.0026846662217,40.278373423077],[-74.0027035616372,40.2784849259689]]}},{"type":"Feature","id":305583,"properties":{"OBJECTID":305583,"PRIMENAME":"Manahassett Way","ELEVTYP_F":0,"ELEVTYP_T":0},"geometry":{"type":"LineString","coordinates":[[-73.9927005890252,40.3221129867788],[-73.9928064254238,40.3221087017099],[-73.9929184315317,40.3221186910358],[-73.9930117518445,40.3221286533014],[-73.9931236877389,40.3221481962593],[-73.993254129588,40.3221916749006],[-73.9933349334599,40.3222110803738],[-73.9934097468357,40.3221971056348],[-73.9934784980154,40.3221640527677],[-73.9935348761299,40.3221213915507],[-73.9935539880665,40.3220595165265],[-73.9935481751429,40.3220070847173],[-73.9935050628722,40.321944937265],[-73.9934120267749,40.3218920964995],[-73.9931391268811,40.3217527074317],[-73.9930583581604,40.3217285258064],[-73.9929900002096,40.3217139238378],[-73.9929339078221,40.321713677981],[-73.9928778516757,40.3217181814051],[-73.992815376988,40.3217465393069],[-73.9927714442124,40.3217939759746],[-73.9927518671788,40.3219130322619],[-73.9927005890252,40.3221129867788]]}},{"type":"Feature","id":305675,"properties":{"OBJECTID":305675,"PRIMENAME":"Port Au Peck Avenue","ELEVTYP_F":0,"ELEVTYP_T":0},"geometry":{"type":"LineString","coordinates":[[-74.0080275800588,40.3150968671474],[-74.0075635850471,40.3152512044608],[-74.0073700601168,40.3153218655484],[-74.0072076280219,40.3153974358396],[-74.0070637057211,40.3154969404332],[-74.006907167051,40.3156201368501],[-74.0067816848499,40.3157530736552],[-74.0066561695025,40.3158955084903],[-74.0065553307521,40.3160571279259],[-74.0065067411881,40.3161254407161]]}},{"type":"Feature","id":305837,"properties":{"OBJECTID":305837,"PRIMENAME":"Liberty Street","ELEVTYP_F":0,"ELEVTYP_T":0},"geometry":{"type":"LineString","coordinates":[[-73.9873227391872,40.3100883553055],[-73.9876525709764,40.3104875875204],[-73.9880374860974,40.31095348681],[-73.9885001242309,40.3115226923117],[-73.988595930637,40.3116385519981]]}},{"type":"Feature","id":305910,"properties":{"OBJECTID":305910,"PRIMENAME":"Roosevelt Avenue","ELEVTYP_F":0,"ELEVTYP_T":0},"geometry":{"type":"LineString","coordinates":[[-74.011823327305,40.2606993776234],[-74.0116793011165,40.2607108217368],[-74.0108014184503,40.2606259100524]]}},{"type":"Feature","id":306113,"properties":{"OBJECTID":306113,"PRIMENAME":"Willow Avenue","ELEVTYP_F":0,"ELEVTYP_T":0},"geometry":{"type":"LineString","coordinates":[[-73.9940722674685,40.2982696982125],[-73.9938231113982,40.2981846598997],[-73.9929660540628,40.2979235431937],[-73.992220791162,40.2977010419957],[-73.9920469799469,40.2976383200733],[-73.9918917751777,40.297585204963],[-73.991780024242,40.2975465829784],[-73.9915877129429,40.2974552012251],[-73.9906757475299,40.2970556049868],[-73.9899622297308,40.296747441312],[-73.9898640976963,40.2967050623248]]}},{"type":"Feature","id":306137,"properties":{"OBJECTID":306137,"PRIMENAME":"Washington Street","ELEVTYP_F":0,"ELEVTYP_T":0},"geometry":{"type":"LineString","coordinates":[[-74.0004908563483,40.3030712018686],[-74.0004550606873,40.3023779132006]]}},{"type":"Feature","id":306292,"properties":{"OBJECTID":306292,"PRIMENAME":"Unnamed Segment","ELEVTYP_F":0,"ELEVTYP_T":0},"geometry":{"type":"LineString","coordinates":[[-73.9899094185789,40.3237481808517],[-73.9900944196821,40.3236841800191],[-73.9904634202161,40.3235441817454],[-73.9906224203948,40.3235061808925],[-73.9907594183077,40.3234881810551],[-73.9908974196329,40.323481180653],[-73.991050421407,40.3234881809998],[-73.9912744193374,40.3235251816378],[-73.9913532628141,40.3235166550997]]}},{"type":"Feature","id":306506,"properties":{"OBJECTID":306506,"PRIMENAME":"Ocean Boulevard","ELEVTYP_F":0,"ELEVTYP_T":0},"geometry":{"type":"LineString","coordinates":[[-73.983940966518,40.2852300748603],[-73.9839410795906,40.2852292791815],[-73.9840120083416,40.2849054949523],[-73.9840636442116,40.2846674403888],[-73.9840942398478,40.2845706712349]]}},{"type":"Feature","id":306668,"properties":{"OBJECTID":306668,"PRIMENAME":"Bampton Place","ELEVTYP_F":0,"ELEVTYP_T":0},"geometry":{"type":"LineString","coordinates":[[-74.0126364364493,40.2955167126545],[-74.0119766198166,40.2966377388916],[-74.0119350481963,40.2967051237228]]}},{"type":"Feature","id":307470,"properties":{"OBJECTID":307470,"PRIMENAME":"Branchport Avenue","ELEVTYP_F":0,"ELEVTYP_T":0},"geometry":{"type":"LineString","coordinates":[[-74.0050616575456,40.3097436672639],[-74.00506716482,40.3098390595152],[-74.005085081827,40.3099439482346],[-74.0051094125332,40.3100250636445],[-74.0051708970097,40.3101301927505],[-74.005212677406,40.3102082809118]]}},{"type":"Feature","id":307501,"properties":{"OBJECTID":307501,"PRIMENAME":"Unnamed Segment","ELEVTYP_F":0,"ELEVTYP_T":0},"geometry":{"type":"LineString","coordinates":[[-74.004296544185,40.2826714901955],[-74.0041664656244,40.2819888851693]]}},{"type":"Feature","id":307569,"properties":{"OBJECTID":307569,"PRIMENAME":"Joline Avenue","ELEVTYP_F":0,"ELEVTYP_T":0},"geometry":{"type":"LineString","coordinates":[[-73.9810640281625,40.3134281279024],[-73.9810022503922,40.3134312822644]]}},{"type":"Feature","id":307624,"properties":{"OBJECTID":307624,"PRIMENAME":"Ithaca Avenue","ELEVTYP_F":0,"ELEVTYP_T":0},"geometry":{"type":"LineString","coordinates":[[-74.0005175697528,40.3271790342046],[-74.0006062211435,40.3271909741423],[-74.0021801232104,40.3274026874454],[-74.0035113515149,40.3275942856137],[-74.0035865825847,40.3276022126992]]}},{"type":"Feature","id":307806,"properties":{"OBJECTID":307806,"PRIMENAME":"Unnamed Segment","ELEVTYP_F":0,"ELEVTYP_T":0},"geometry":{"type":"LineString","coordinates":[[-74.0055459189205,40.2773948795573],[-74.0055914224627,40.2774121703472],[-74.0056884227593,40.2774361712889],[-74.0057414237514,40.2774431715694],[-74.0058232424431,40.2774431706734],[-74.0059154222189,40.277443171631],[-74.0060224223144,40.2774321702607],[-74.0060754214359,40.2774211706641],[-74.0062114225638,40.2773761704556],[-74.0063224217657,40.2773491712145],[-74.0063984232793,40.2773371708002],[-74.0065884219657,40.2773221718398]]}},{"type":"Feature","id":307955,"properties":{"OBJECTID":307955,"PRIMENAME":"Unnamed Segment","ELEVTYP_F":0,"ELEVTYP_T":0},"geometry":{"type":"LineString","coordinates":[[-73.9870764147677,40.2811061733179],[-73.9870444171014,40.2808651723858]]}},{"type":"Feature","id":308277,"properties":{"OBJECTID":308277,"PRIMENAME":"Lowden Court","ELEVTYP_F":0,"ELEVTYP_T":0},"geometry":{"type":"LineString","coordinates":[[-73.9843315575024,40.2943591339562],[-73.9839239564157,40.2943757881628],[-73.9837917018532,40.2943851081058]]}},{"type":"Feature","id":308346,"properties":{"OBJECTID":308346,"PRIMENAME":"Oakwood Avenue","ELEVTYP_F":0,"ELEVTYP_T":0},"geometry":{"type":"LineString","coordinates":[[-74.0050802148731,40.2935516770381],[-74.005281126937,40.2938069084445],[-74.0057003396524,40.2943175948852],[-74.0057129905189,40.2943330069643],[-74.0057480403381,40.294374224932]]}},{"type":"Feature","id":308373,"properties":{"OBJECTID":308373,"PRIMENAME":"McKinley Street","ELEVTYP_F":0,"ELEVTYP_T":0},"geometry":{"type":"LineString","coordinates":[[-73.9786397757133,40.30759982089],[-73.978680010571,40.3069725682765]]}},{"type":"Feature","id":308893,"properties":{"OBJECTID":308893,"PRIMENAME":"2nd Avenue","ELEVTYP_F":0,"ELEVTYP_T":0},"geometry":{"type":"LineString","coordinates":[[-73.9859673831374,40.2856157654602],[-73.9856894926449,40.2866098916921]]}},{"type":"Feature","id":309084,"properties":{"OBJECTID":309084,"PRIMENAME":"Park Avenue","ELEVTYP_F":0,"ELEVTYP_T":0},"geometry":{"type":"LineString","coordinates":[[-73.999352754657,40.2704492371989],[-73.9986601415112,40.2703829696721],[-73.9986386554973,40.2703806528459]]}},{"type":"Feature","id":309153,"properties":{"OBJECTID":309153,"PRIMENAME":"Lake Avenue","ELEVTYP_F":0,"ELEVTYP_T":0},"geometry":{"type":"LineString","coordinates":[[-73.9965777975699,40.2778182025397],[-73.9966912244156,40.2778153743356],[-73.9978301876101,40.2777869687522]]}},{"type":"Feature","id":309248,"properties":{"OBJECTID":309248,"PRIMENAME":"Wall Street","ELEVTYP_F":0,"ELEVTYP_T":0},"geometry":{"type":"LineString","coordinates":[[-74.0065569436858,40.2894610815709],[-74.0061913757145,40.2899218430134],[-74.006046776225,40.2901166301323],[-74.0058775075507,40.2902874838691],[-74.0057286612429,40.2904303384379],[-74.0054325550825,40.2907145226481],[-74.0050558096436,40.2910787116601]]}},{"type":"Feature","id":309395,"properties":{"OBJECTID":309395,"PRIMENAME":"Cedar Avenue","ELEVTYP_F":0,"ELEVTYP_T":0},"geometry":{"type":"LineString","coordinates":[[-73.9870869152816,40.2815029634139],[-73.987053790996,40.2815059157461],[-73.9861138301201,40.2815896710055]]}},{"type":"Feature","id":309587,"properties":{"OBJECTID":309587,"PRIMENAME":"Unnamed Segment","ELEVTYP_F":0,"ELEVTYP_T":0},"geometry":{"type":"LineString","coordinates":[[-73.998604512643,40.3064720996473],[-73.9985024442588,40.3062654816294],[-73.9983986127886,40.3060668482984],[-73.9981839028944,40.3060289668431],[-73.9980739207485,40.3060687977279],[-73.9978147170308,40.3061146997714],[-73.9967654542847,40.3062008356643],[-73.9961685683885,40.3062251097767],[-73.9959572973752,40.30629334282]]}},{"type":"Feature","id":309713,"properties":{"OBJECTID":309713,"PRIMENAME":"Ocean Avenue North","ELEVTYP_F":0,"ELEVTYP_T":0},"geometry":{"type":"LineString","coordinates":[[-73.977838192245,40.3071430586989],[-73.9778019014084,40.3073150616014],[-73.9777469707848,40.3075519752826],[-73.9776859943088,40.3078149617403],[-73.9775086759273,40.308666382348]]}},{"type":"Feature","id":309888,"properties":{"OBJECTID":309888,"PRIMENAME":"Bath Avenue","ELEVTYP_F":0,"ELEVTYP_T":0},"geometry":{"type":"LineString","coordinates":[[-73.9869828114071,40.2924004849801],[-73.9866615342924,40.2924013521596]]}},{"type":"Feature","id":310122,"properties":{"OBJECTID":310122,"PRIMENAME":"Highland Avenue","ELEVTYP_F":0,"ELEVTYP_T":0},"geometry":{"type":"LineString","coordinates":[[-74.0014964213798,40.2741494814506],[-74.0007936356757,40.2742062150316],[-74.0002537453594,40.2742483295266]]}},{"type":"Feature","id":310298,"properties":{"OBJECTID":310298,"PRIMENAME":"North Lake Drive","ELEVTYP_F":0,"ELEVTYP_T":0},"geometry":{"type":"LineString","coordinates":[[-73.9853822692577,40.2773984572697],[-73.985524590797,40.2774136124094],[-73.9864419096918,40.2775110823285]]}},{"type":"Feature","id":310543,"properties":{"OBJECTID":310543,"PRIMENAME":"Atlantic Avenue","ELEVTYP_F":0,"ELEVTYP_T":0},"geometry":{"type":"LineString","coordinates":[[-73.9844713662675,40.3200804901849],[-73.9840958424909,40.320120542488],[-73.9839690535719,40.3201367057317],[-73.9825065221849,40.3203231502218],[-73.9823381611165,40.3203338712826]]}},{"type":"Feature","id":310848,"properties":{"OBJECTID":310848,"PRIMENAME":"Unnamed Segment","ELEVTYP_F":0,"ELEVTYP_T":0},"geometry":{"type":"LineString","coordinates":[[-73.985393081904,40.3159109573296],[-73.9852344192242,40.3150451786796],[-73.9852070788757,40.3149471306029]]}},{"type":"Feature","id":311045,"properties":{"OBJECTID":311045,"PRIMENAME":"Unnamed Segment","ELEVTYP_F":0,"ELEVTYP_T":0},"geometry":{"type":"LineString","coordinates":[[-74.0080684517936,40.2818739051765],[-74.0080974227887,40.2814221704767],[-74.008111422285,40.2810761709107],[-74.0081183418557,40.2807149650902]]}},{"type":"Feature","id":311273,"properties":{"OBJECTID":311273,"PRIMENAME":"Cypress Avenue","ELEVTYP_F":0,"ELEVTYP_T":0},"geometry":{"type":"LineString","coordinates":[[-74.0060811252696,40.2634276521424],[-74.0060723504679,40.2635156815626],[-74.0060261242224,40.2639786864354]]}},{"type":"Feature","id":311431,"properties":{"OBJECTID":311431,"PRIMENAME":"Atlantic Avenue","ELEVTYP_F":0,"ELEVTYP_T":0},"geometry":{"type":"LineString","coordinates":[[-73.9944969627706,40.3138678547369],[-73.9943958539608,40.3139361680184],[-73.9942266381688,40.3140879516237],[-73.9939197578113,40.3143296973246],[-73.9938996278455,40.3143465713035]]}},{"type":"Feature","id":311640,"properties":{"OBJECTID":311640,"PRIMENAME":"Norwood Avenue","ELEVTYP_F":0,"ELEVTYP_T":0},"geometry":{"type":"LineString","coordinates":[[-74.0001813419425,40.2634068773854],[-74.000267157574,40.2636962132279]]}},{"type":"Feature","id":312156,"properties":{"OBJECTID":312156,"PRIMENAME":"Joline Avenue","ELEVTYP_F":0,"ELEVTYP_T":0},"geometry":{"type":"LineString","coordinates":[[-73.9962986792236,40.3087077989732],[-73.9952674704944,40.3090231483195]]}},{"type":"Feature","id":312470,"properties":{"OBJECTID":312470,"PRIMENAME":"Branchport Avenue","ELEVTYP_F":0,"ELEVTYP_T":0},"geometry":{"type":"LineString","coordinates":[[-74.005230436094,40.30855889306],[-74.0051347037597,40.3091196375798],[-74.0051012349141,40.3093719438818]]}},{"type":"Feature","id":313058,"properties":{"OBJECTID":313058,"PRIMENAME":"Werah Place","ELEVTYP_F":0,"ELEVTYP_T":0},"geometry":{"type":"LineString","coordinates":[[-74.0047101998989,40.3162327325515],[-74.0044234362176,40.3163853453746]]}},{"type":"Feature","id":313320,"properties":{"OBJECTID":313320,"PRIMENAME":"Seaview Avenue","ELEVTYP_F":0,"ELEVTYP_T":0},"geometry":{"type":"LineString","coordinates":[[-73.9817019930747,40.3110416735285],[-73.981492265418,40.3110346939329]]}},{"type":"Feature","id":313502,"properties":{"OBJECTID":313502,"PRIMENAME":"Stratton Place","ELEVTYP_F":0,"ELEVTYP_T":0},"geometry":{"type":"LineString","coordinates":[[-73.9993512547578,40.2650021364731],[-73.9993795916455,40.2650131570907],[-73.9994222025645,40.2650176790195],[-73.9995244787829,40.265022486017],[-74.0005697477837,40.2651184463513],[-74.0006680192933,40.2651274735748]]}},{"type":"Feature","id":313525,"properties":{"OBJECTID":313525,"PRIMENAME":"Liberty Street","ELEVTYP_F":0,"ELEVTYP_T":0},"geometry":{"type":"LineString","coordinates":[[-73.9858162473816,40.3052454683354],[-73.9859359251474,40.3056634634656],[-73.9859491763462,40.3057460161723]]}},{"type":"Feature","id":314096,"properties":{"OBJECTID":314096,"PRIMENAME":"Vista Court","ELEVTYP_F":0,"ELEVTYP_T":0},"geometry":{"type":"LineString","coordinates":[[-73.9763434030977,40.3250539686906],[-73.9764667252949,40.3250759390124],[-73.9769331143382,40.3251590869116]]}},{"type":"Feature","id":314151,"properties":{"OBJECTID":314151,"PRIMENAME":"Railroad Street","ELEVTYP_F":0,"ELEVTYP_T":0},"geometry":{"type":"LineString","coordinates":[[-73.99095612808,40.2801864784922],[-73.9908028268251,40.2805396347418],[-73.9905687107099,40.2810533055416],[-73.990511486127,40.2811557252623]]}},{"type":"Feature","id":314160,"properties":{"OBJECTID":314160,"PRIMENAME":"Unnamed Segment","ELEVTYP_F":0,"ELEVTYP_T":0},"geometry":{"type":"LineString","coordinates":[[-74.0130027616491,40.2638543016898],[-74.0127833877968,40.2638957950109],[-74.0125409232498,40.2639590452505],[-74.0122790809125,40.2640246856321],[-74.0119467656763,40.2640183408056]]}},{"type":"Feature","id":314295,"properties":{"OBJECTID":314295,"PRIMENAME":"Woolley Street","ELEVTYP_F":0,"ELEVTYP_T":0},"geometry":{"type":"LineString","coordinates":[[-73.980857775879,40.3290028559138],[-73.9807579066611,40.329036722537],[-73.9791220385092,40.3295917759918]]}},{"type":"Feature","id":314341,"properties":{"OBJECTID":314341,"PRIMENAME":"South Lincoln Avenue","ELEVTYP_F":0,"ELEVTYP_T":0},"geometry":{"type":"LineString","coordinates":[[-74.0099597696347,40.2663458470181],[-74.0092316540504,40.2662552708942],[-74.0090017251366,40.266220968281],[-74.0088215692458,40.2661820453329],[-74.0087610115441,40.2661565868178]]}},{"type":"Feature","id":314458,"properties":{"OBJECTID":314458,"PRIMENAME":"Langtry Terrace","ELEVTYP_F":0,"ELEVTYP_T":0},"geometry":{"type":"LineString","coordinates":[[-73.979297108683,40.3070184338614],[-73.9803529250426,40.3070562576873]]}},{"type":"Feature","id":314604,"properties":{"OBJECTID":314604,"PRIMENAME":"Beechwood Avenue","ELEVTYP_F":0,"ELEVTYP_T":0},"geometry":{"type":"LineString","coordinates":[[-74.0021890048562,40.2846469450994],[-74.0023060652739,40.2846339964216],[-74.0043364912464,40.2844091764779],[-74.0046326679274,40.284377502323]]}},{"type":"Feature","id":314640,"properties":{"OBJECTID":314640,"PRIMENAME":"Matilda Terrace","ELEVTYP_F":0,"ELEVTYP_T":0},"geometry":{"type":"LineString","coordinates":[[-73.9849008786447,40.2894071336858],[-73.9853621123207,40.2894017467095],[-73.9853784341599,40.2894018193072],[-73.9854554589404,40.2894021618736],[-73.9855424955736,40.2894168513703],[-73.9859216147519,40.2894852446715],[-73.9869703437183,40.2897118003059]]}},{"type":"Feature","id":314829,"properties":{"OBJECTID":314829,"PRIMENAME":"Morris Avenue","ELEVTYP_F":0,"ELEVTYP_T":0},"geometry":{"type":"LineString","coordinates":[[-73.9970813546654,40.3011870024617],[-73.9969775839519,40.3011302197106],[-73.9969323725717,40.3011054811154],[-73.9961300665014,40.3006666245176],[-73.9958784374598,40.3005289832806],[-73.9958392341443,40.3005074416511],[-73.9950074733692,40.3000503735935]]}},{"type":"Feature","id":315047,"properties":{"OBJECTID":315047,"PRIMENAME":"Monmouth Boulevard","ELEVTYP_F":0,"ELEVTYP_T":0},"geometry":{"type":"LineString","coordinates":[[-73.9986202445411,40.3204769886907],[-73.9987212210879,40.320484426178],[-73.9991012327586,40.3205156110041]]}},{"type":"Feature","id":315148,"properties":{"OBJECTID":315148,"PRIMENAME":"Park Terrace","ELEVTYP_F":0,"ELEVTYP_T":0},"geometry":{"type":"LineString","coordinates":[[-74.0008067674448,40.2694616740773],[-74.0007232724066,40.2693874676394],[-74.0006428795997,40.269320411377],[-74.0005437446819,40.269258024258],[-74.0004197398285,40.2692050550912],[-74.0003079953568,40.2691712183691],[-74.0002147818207,40.2691564853695]]}},{"type":"Feature","id":315171,"properties":{"OBJECTID":315171,"PRIMENAME":"Comanche Drive","ELEVTYP_F":0,"ELEVTYP_T":0},"geometry":{"type":"LineString","coordinates":[[-74.0009239457632,40.3293189940674],[-74.00085834321,40.3289728719039],[-74.0007914903661,40.3286163660607]]}},{"type":"Feature","id":315214,"properties":{"OBJECTID":315214,"PRIMENAME":"Adams Street","ELEVTYP_F":0,"ELEVTYP_T":0},"geometry":{"type":"LineString","coordinates":[[-73.9862609794386,40.2735907054701],[-73.9861758691184,40.2735750649583],[-73.9849829084783,40.2733553040452]]}},{"type":"Feature","id":315261,"properties":{"OBJECTID":315261,"PRIMENAME":"3rd Avenue","ELEVTYP_F":0,"ELEVTYP_T":0},"geometry":{"type":"LineString","coordinates":[[-73.9875559484319,40.3034815955005],[-73.9876690288741,40.3043134268417],[-73.9876692215718,40.304406572711]]}},{"type":"Feature","id":315286,"properties":{"OBJECTID":315286,"PRIMENAME":"Sunset Avenue","ELEVTYP_F":0,"ELEVTYP_T":0},"geometry":{"type":"LineString","coordinates":[[-73.9917724200107,40.3234781805149],[-73.9921284208247,40.3234561802131]]}},{"type":"Feature","id":315302,"properties":{"OBJECTID":315302,"PRIMENAME":"Unnamed Segment","ELEVTYP_F":0,"ELEVTYP_T":0},"geometry":{"type":"LineString","coordinates":[[-73.999352754657,40.2704492371989],[-73.9994503807423,40.269655286208],[-73.9986992454751,40.2696006986317],[-73.998669495372,40.2697399076119],[-73.9986136193713,40.2701760120797],[-73.9986386554973,40.2703806528459]]}},{"type":"Feature","id":315409,"properties":{"OBJECTID":315409,"PRIMENAME":"Morris Avenue","ELEVTYP_F":0,"ELEVTYP_T":0},"geometry":{"type":"LineString","coordinates":[[-73.983988180874,40.2982769436196],[-73.9833268888306,40.2984004023172],[-73.9831399926748,40.2984323721788]]}},{"type":"Feature","id":315429,"properties":{"OBJECTID":315429,"PRIMENAME":"Bath Avenue","ELEVTYP_F":0,"ELEVTYP_T":0},"geometry":{"type":"LineString","coordinates":[[-73.9960919022969,40.2960184892612],[-73.9958212431462,40.2958848539231],[-73.9956676655792,40.2958063442875]]}},{"type":"Feature","id":315460,"properties":{"OBJECTID":315460,"PRIMENAME":"Ludlow Street","ELEVTYP_F":0,"ELEVTYP_T":0},"geometry":{"type":"LineString","coordinates":[[-73.9973651235832,40.3102023152493],[-73.9978956022947,40.310932537084]]}},{"type":"Feature","id":315680,"properties":{"OBJECTID":315680,"PRIMENAME":"Unnamed Segment","ELEVTYP_F":0,"ELEVTYP_T":0},"geometry":{"type":"LineString","coordinates":[[-74.005711271847,40.282912043793],[-74.0056606952347,40.2829008243543],[-74.0053783114232,40.2828630309387],[-74.0051759890131,40.282764599131],[-74.004543497637,40.2826948149424],[-74.004296544185,40.2826714901955]]}},{"type":"Feature","id":316256,"properties":{"OBJECTID":316256,"PRIMENAME":"Ocean Boulevard","ELEVTYP_F":0,"ELEVTYP_T":0},"geometry":{"type":"LineString","coordinates":[[-73.9812225865425,40.2996606452506],[-73.9811566333784,40.2994099586623],[-73.9811022356712,40.299195231261],[-73.9810729759928,40.2989520396222],[-73.9810714006564,40.2989259378098],[-73.9810639704434,40.298802879185]]}},{"type":"Feature","id":316400,"properties":{"OBJECTID":316400,"PRIMENAME":"Woodgate Avenue","ELEVTYP_F":0,"ELEVTYP_T":0},"geometry":{"type":"LineString","coordinates":[[-73.996380402698,40.2719400437763],[-73.9963596775261,40.2713470676081]]}},{"type":"Feature","id":316582,"properties":{"OBJECTID":316582,"PRIMENAME":"Eaton Avenue","ELEVTYP_F":0,"ELEVTYP_T":0},"geometry":{"type":"LineString","coordinates":[[-73.9906950918203,40.2673718147785],[-73.9910279545134,40.2662806801285]]}},{"type":"Feature","id":316636,"properties":{"OBJECTID":316636,"PRIMENAME":"Berger Avenue","ELEVTYP_F":0,"ELEVTYP_T":0},"geometry":{"type":"LineString","coordinates":[[-74.0053147745942,40.2633567081851],[-74.0048109177929,40.263310108129],[-74.0026290829649,40.2630936236431]]}},{"type":"Feature","id":317197,"properties":{"OBJECTID":317197,"PRIMENAME":"South Lincoln Avenue","ELEVTYP_F":0,"ELEVTYP_T":0},"geometry":{"type":"LineString","coordinates":[[-74.0117218989207,40.2665483722847],[-74.0115876640517,40.2665321297519],[-74.0108233946553,40.2664452001286]]}},{"type":"Feature","id":317205,"properties":{"OBJECTID":317205,"PRIMENAME":"Hoey Avenue","ELEVTYP_F":0,"ELEVTYP_T":0},"geometry":{"type":"LineString","coordinates":[[-73.9941514708686,40.2761110472942],[-73.994167481352,40.2766224145393],[-73.9941702622543,40.2767109598855]]}},{"type":"Feature","id":317307,"properties":{"OBJECTID":317307,"PRIMENAME":"Shore Drive","ELEVTYP_F":0,"ELEVTYP_T":0},"geometry":{"type":"LineString","coordinates":[[-73.990132420916,40.3243621804066],[-73.9899644214611,40.3239801813954],[-73.9899334197291,40.3238781807669],[-73.9899094185789,40.3237481808517]]}},{"type":"Feature","id":317333,"properties":{"OBJECTID":317333,"PRIMENAME":"Port Au Peck Avenue","ELEVTYP_F":0,"ELEVTYP_T":0},"geometry":{"type":"LineString","coordinates":[[-74.0054338142793,40.319770357923],[-74.0052755243946,40.3204508750388]]}},{"type":"Feature","id":317521,"properties":{"OBJECTID":317521,"PRIMENAME":"Seaview Avenue","ELEVTYP_F":0,"ELEVTYP_T":0},"geometry":{"type":"LineString","coordinates":[[-73.9804723093839,40.3110190552886],[-73.9802956882612,40.3110296543803]]}},{"type":"Feature","id":317710,"properties":{"OBJECTID":317710,"PRIMENAME":"New Ocean Avenue","ELEVTYP_F":0,"ELEVTYP_T":0},"geometry":{"type":"LineString","coordinates":[[-73.9786958400166,40.316374667404],[-73.978593206299,40.31688860743]]}},{"type":"Feature","id":318018,"properties":{"OBJECTID":318018,"PRIMENAME":"MacArthur Avenue","ELEVTYP_F":0,"ELEVTYP_T":0},"geometry":{"type":"LineString","coordinates":[[-73.9863151486315,40.3148221609675],[-73.9863412176292,40.3149597842291],[-73.986478814704,40.315699101503],[-73.9864957214643,40.3157869678882]]}},{"type":"Feature","id":318256,"properties":{"OBJECTID":318256,"PRIMENAME":"Shore Drive","ELEVTYP_F":0,"ELEVTYP_T":0},"geometry":{"type":"LineString","coordinates":[[-73.9907674207464,40.3242251816235],[-73.9907844209721,40.3242461813463],[-73.9908144195382,40.3242851820057],[-73.9908354205743,40.3243921811357],[-73.9907774208368,40.32443218055],[-73.9906654212749,40.3244751818379],[-73.9905374215381,40.3245101804949],[-73.99030142085,40.3245511806939],[-73.9902624207334,40.3245521805978],[-73.9902144193665,40.3245411801409],[-73.9901994200038,40.3245271800269],[-73.990132420916,40.3243621804066]]}},{"type":"Feature","id":318412,"properties":{"OBJECTID":318412,"PRIMENAME":"New Ocean Avenue","ELEVTYP_F":0,"ELEVTYP_T":0},"geometry":{"type":"LineString","coordinates":[[-73.9794705108194,40.3120350108882],[-73.9794456257921,40.3121551814338],[-73.9794060650906,40.3124409164364],[-73.9793085112349,40.3132120957293]]}},{"type":"Feature","id":318439,"properties":{"OBJECTID":318439,"PRIMENAME":"Unnamed Segment","ELEVTYP_F":0,"ELEVTYP_T":0},"geometry":{"type":"LineString","coordinates":[[-73.9948694221447,40.3244491809687],[-73.9948924203857,40.3244641809068],[-73.9949424221171,40.3245371819563],[-73.9949544217657,40.3245931811556],[-73.9949624204921,40.3247061805713]]}},{"type":"Feature","id":318607,"properties":{"OBJECTID":318607,"PRIMENAME":"Golf Street","ELEVTYP_F":0,"ELEVTYP_T":0},"geometry":{"type":"LineString","coordinates":[[-74.0107522116614,40.2955554837422],[-74.010736102837,40.2951693293889],[-74.0107179403896,40.2950977664039],[-74.0106872686303,40.2950356776791],[-74.0106839685696,40.2950308866289]]}},{"type":"Feature","id":318995,"properties":{"OBJECTID":318995,"PRIMENAME":"Hull Avenue","ELEVTYP_F":0,"ELEVTYP_T":0},"geometry":{"type":"LineString","coordinates":[[-74.0117218989207,40.2665483722847],[-74.0117300698036,40.2666280731159],[-74.0117940271317,40.2672526898015]]}},{"type":"Feature","id":319013,"properties":{"OBJECTID":319013,"PRIMENAME":"Patten Lane","ELEVTYP_F":0,"ELEVTYP_T":0},"geometry":{"type":"LineString","coordinates":[[-73.9936723698892,40.3208176399117],[-73.993700212874,40.3208257775977],[-73.9939171979924,40.3209506453871],[-73.993954247821,40.3209937146362],[-73.9939663730306,40.3210366478269],[-73.9939472252852,40.3210985236753],[-73.9939158100456,40.3211365163424],[-73.9938720216752,40.3211649304479],[-73.9938220991531,40.3211790144061],[-73.9937598745155,40.321178742118],[-73.9936914440105,40.3211641402457],[-73.993648118228,40.3211306237026],[-73.9936173441664,40.3210827777384],[-73.9936114959703,40.3210303457693],[-73.993618163153,40.3209731653953],[-73.9936723698892,40.3208176399117]]}},{"type":"Feature","id":319205,"properties":{"OBJECTID":319205,"PRIMENAME":"Winhar Place","ELEVTYP_F":0,"ELEVTYP_T":0},"geometry":{"type":"LineString","coordinates":[[-73.9998422749222,40.3192717826976],[-73.9996547872115,40.3190709284253],[-73.9996757858595,40.3189859461038]]}},{"type":"Feature","id":319208,"properties":{"OBJECTID":319208,"PRIMENAME":"Reid Street","ELEVTYP_F":0,"ELEVTYP_T":0},"geometry":{"type":"LineString","coordinates":[[-73.9933659052788,40.2800520251385],[-73.993220934537,40.2800593233055],[-73.9920878831076,40.2801163152653],[-73.9917767340151,40.2801196982126],[-73.9910544360066,40.2801784834633],[-73.99095612808,40.2801864784922]]}},{"type":"Feature","id":319247,"properties":{"OBJECTID":319247,"PRIMENAME":"Orchard Road","ELEVTYP_F":0,"ELEVTYP_T":0},"geometry":{"type":"LineString","coordinates":[[-74.0083357035255,40.2931389509131],[-74.0073988653081,40.2935967104278],[-74.0068869146811,40.2938137625815],[-74.005849971216,40.294324065822],[-74.0057480403381,40.294374224932]]}},{"type":"Feature","id":319361,"properties":{"OBJECTID":319361,"PRIMENAME":"Indiana Avenue","ELEVTYP_F":0,"ELEVTYP_T":0},"geometry":{"type":"LineString","coordinates":[[-73.9892576419769,40.2927255356896],[-73.9892999442962,40.2927018657763],[-73.9893176509365,40.2926546440468],[-73.9894489273362,40.2921745914488],[-73.9897054969228,40.2911605710716],[-73.9899258286614,40.2903308415348]]}},{"type":"Feature","id":319642,"properties":{"OBJECTID":319642,"PRIMENAME":"Lori Road","ELEVTYP_F":0,"ELEVTYP_T":0},"geometry":{"type":"LineString","coordinates":[[-73.9911794314518,40.329160172793],[-73.9912994186497,40.3292265580585],[-73.9915164618808,40.3293466543028],[-73.9917080958885,40.3294494801521]]}},{"type":"Feature","id":319718,"properties":{"OBJECTID":319718,"PRIMENAME":"South Lincoln Avenue","ELEVTYP_F":0,"ELEVTYP_T":0},"geometry":{"type":"LineString","coordinates":[[-73.9993160247896,40.2640306404574],[-73.9996365015152,40.2640400695502],[-73.9996556159258,40.2640386390842]]}},{"type":"Feature","id":319749,"properties":{"OBJECTID":319749,"PRIMENAME":"Avery Avenue","ELEVTYP_F":0,"ELEVTYP_T":0},"geometry":{"type":"LineString","coordinates":[[-73.9833125748447,40.2882716863235],[-73.9834237784494,40.2882666375076]]}},{"type":"Feature","id":320138,"properties":{"OBJECTID":320138,"PRIMENAME":"Ocean Avenue","ELEVTYP_F":0,"ELEVTYP_T":0},"geometry":{"type":"LineString","coordinates":[[-73.9812634152282,40.2894071738421],[-73.9813364152996,40.2890391739461]]}},{"type":"Feature","id":320406,"properties":{"OBJECTID":320406,"PRIMENAME":"Unnamed Segment","ELEVTYP_F":0,"ELEVTYP_T":0},"geometry":{"type":"LineString","coordinates":[[-73.9948864214424,40.3141081791014],[-73.9949764207986,40.3141761779188],[-73.9952754210608,40.314368178565],[-73.9953054203914,40.3143671782218],[-73.995403421853,40.3142771790274],[-73.9954164200689,40.314266179277],[-73.9954124203374,40.3142431798088],[-73.9951184225807,40.3140491784731],[-73.9950904200165,40.3140501784765],[-73.9950274214493,40.3140731791402],[-73.9948864214424,40.3141081791014]]}},{"type":"Feature","id":320696,"properties":{"OBJECTID":320696,"PRIMENAME":"Westwood Avenue","ELEVTYP_F":0,"ELEVTYP_T":0},"geometry":{"type":"LineString","coordinates":[[-73.9973375106221,40.2878318335333],[-73.9963928751044,40.2888908650341],[-73.9960811103544,40.2892324120282]]}},{"type":"Feature","id":321134,"properties":{"OBJECTID":321134,"PRIMENAME":"Port Au Peck Avenue","ELEVTYP_F":0,"ELEVTYP_T":0},"geometry":{"type":"LineString","coordinates":[[-74.0043832306027,40.3242184113186],[-74.0043411711793,40.3243980142584],[-74.0042204393998,40.3249034365372]]}},{"type":"Feature","id":321362,"properties":{"OBJECTID":321362,"PRIMENAME":"Greeley Terrace","ELEVTYP_F":0,"ELEVTYP_T":0},"geometry":{"type":"LineString","coordinates":[[-73.9790651359594,40.3076142660303],[-73.9786397757133,40.30759982089]]}},{"type":"Feature","id":321465,"properties":{"OBJECTID":321465,"PRIMENAME":"Port Au Peck Avenue","ELEVTYP_F":0,"ELEVTYP_T":0},"geometry":{"type":"LineString","coordinates":[[-74.0065067411881,40.3161254407161],[-74.0063288692779,40.3163754836818],[-74.0062726720251,40.3164687399749],[-74.0062343396397,40.3165323526696],[-74.0062092411486,40.316595549896]]}},{"type":"Feature","id":321567,"properties":{"OBJECTID":321567,"PRIMENAME":"Matilda Terrace","ELEVTYP_F":0,"ELEVTYP_T":0},"geometry":{"type":"LineString","coordinates":[[-73.984209747841,40.2894088651657],[-73.9847708079268,40.2894086404714],[-73.9849008786447,40.2894071336858]]}},{"type":"Feature","id":321665,"properties":{"OBJECTID":321665,"PRIMENAME":"Myrtle Avenue","ELEVTYP_F":0,"ELEVTYP_T":0},"geometry":{"type":"LineString","coordinates":[[-74.0086596521626,40.3024240560539],[-74.0087493640171,40.3025722943515],[-74.0087882780276,40.3026351597486]]}},{"type":"Feature","id":321913,"properties":{"OBJECTID":321913,"PRIMENAME":"Astor Place","ELEVTYP_F":0,"ELEVTYP_T":0},"geometry":{"type":"LineString","coordinates":[[-73.9801903384056,40.2989649322874],[-73.9801973708678,40.2990250296236],[-73.9802090806507,40.2991251452648],[-73.9802393244436,40.2992396736265],[-73.98033023379,40.2994943997031],[-73.9803977676076,40.2996836266967]]}},{"type":"Feature","id":322132,"properties":{"OBJECTID":322132,"PRIMENAME":"North Broadway","ELEVTYP_F":0,"ELEVTYP_T":0},"geometry":{"type":"LineString","coordinates":[[-73.9833109318596,40.3052954700879],[-73.9823689834556,40.3057723837735]]}},{"type":"Feature","id":322199,"properties":{"OBJECTID":322199,"PRIMENAME":"3rd Avenue","ELEVTYP_F":0,"ELEVTYP_T":0},"geometry":{"type":"LineString","coordinates":[[-73.9875553487795,40.2937853293783],[-73.9875538902614,40.2933691160744]]}},{"type":"Feature","id":322216,"properties":{"OBJECTID":322216,"PRIMENAME":"Morris Avenue","ELEVTYP_F":0,"ELEVTYP_T":0},"geometry":{"type":"LineString","coordinates":[[-73.9950074733692,40.3000503735935],[-73.9945145957405,40.2997795199321],[-73.9944571748961,40.299748303532]]}},{"type":"Feature","id":322278,"properties":{"OBJECTID":322278,"PRIMENAME":"Long Branch Avenue","ELEVTYP_F":0,"ELEVTYP_T":0},"geometry":{"type":"LineString","coordinates":[[-73.985533520177,40.3199177889014],[-73.9856674249452,40.3206238451459]]}},{"type":"Feature","id":322379,"properties":{"OBJECTID":322379,"PRIMENAME":"Morris Avenue","ELEVTYP_F":0,"ELEVTYP_T":0},"geometry":{"type":"LineString","coordinates":[[-73.9831399926748,40.2984323721788],[-73.9818086999919,40.2986602268913]]}},{"type":"Feature","id":322415,"properties":{"OBJECTID":322415,"PRIMENAME":"Unnamed Segment","ELEVTYP_F":0,"ELEVTYP_T":0},"geometry":{"type":"LineString","coordinates":[[-74.0109174254667,40.311769178075],[-74.011161425928,40.3121721775595],[-74.0112634260046,40.3123551768953]]}},{"type":"Feature","id":322717,"properties":{"OBJECTID":322717,"PRIMENAME":"Prospect Street","ELEVTYP_F":0,"ELEVTYP_T":0},"geometry":{"type":"LineString","coordinates":[[-73.9944529750599,40.2978488466741],[-73.9941467134533,40.2981908514083],[-73.9940722674685,40.2982696982125]]}},{"type":"Feature","id":322841,"properties":{"OBJECTID":322841,"PRIMENAME":"Riverdale Avenue","ELEVTYP_F":0,"ELEVTYP_T":0},"geometry":{"type":"LineString","coordinates":[[-73.9784586499998,40.3241922263391],[-73.9783248665025,40.3239404929992],[-73.9782361456329,40.3237719030345]]}},{"type":"Feature","id":322941,"properties":{"OBJECTID":322941,"PRIMENAME":"Riddle Avenue","ELEVTYP_F":0,"ELEVTYP_T":0},"geometry":{"type":"LineString","coordinates":[[-73.991662286445,40.3260263842828],[-73.9907145751499,40.3262497739551],[-73.9905520712666,40.3262880783066]]}},{"type":"Feature","id":323016,"properties":{"OBJECTID":323016,"PRIMENAME":"Bethel Avenue","ELEVTYP_F":0,"ELEVTYP_T":0},"geometry":{"type":"LineString","coordinates":[[-73.9950915782436,40.2711788871617],[-73.9951062938843,40.2711567149265],[-73.9951188000168,40.2711424669807],[-73.9951313070776,40.2711329952482],[-73.9951541713303,40.2711283458133],[-73.9953194155096,40.2711260476145],[-73.9953284020429,40.2711259219871],[-73.9962555741243,40.2711140671204],[-73.9963531725266,40.2711128446481]]}},{"type":"Feature","id":323188,"properties":{"OBJECTID":323188,"PRIMENAME":"Shrewsbury Avenue","ELEVTYP_F":0,"ELEVTYP_T":0},"geometry":{"type":"LineString","coordinates":[[-74.0123432472352,40.3214269631802],[-74.012329673849,40.321314655573],[-74.0123187364142,40.3211001266645],[-74.0123014904976,40.3208998735483],[-74.0122652176288,40.3207472244674],[-74.0122564643742,40.3207176217692]]}},{"type":"Feature","id":323270,"properties":{"OBJECTID":323270,"PRIMENAME":"Vanderbilt Avenue","ELEVTYP_F":0,"ELEVTYP_T":0},"geometry":{"type":"LineString","coordinates":[[-74.0006414036837,40.2950630051435],[-74.0004575682671,40.2949249512102],[-74.0002096755438,40.2947761330212],[-73.9998750899463,40.2945697576817],[-73.9997974301454,40.2945218473765]]}},{"type":"Feature","id":323280,"properties":{"OBJECTID":323280,"PRIMENAME":"Pullman Avenue","ELEVTYP_F":0,"ELEVTYP_T":0},"geometry":{"type":"LineString","coordinates":[[-73.9848537777831,40.27233479761],[-73.9864630902995,40.2726231438075],[-73.986553287231,40.272615170617]]}},{"type":"Feature","id":323308,"properties":{"OBJECTID":323308,"PRIMENAME":"Joline Avenue","ELEVTYP_F":0,"ELEVTYP_T":0},"geometry":{"type":"LineString","coordinates":[[-73.9974673569977,40.3083593539744],[-73.9971630574159,40.3084515613137],[-73.9962986792236,40.3087077989732]]}},{"type":"Feature","id":323323,"properties":{"OBJECTID":323323,"PRIMENAME":"Cedar Avenue","ELEVTYP_F":0,"ELEVTYP_T":0},"geometry":{"type":"LineString","coordinates":[[-73.9882126611688,40.2814012694941],[-73.9878766343923,40.2814326153896],[-73.9878719719621,40.2814330306731],[-73.9870869152816,40.2815029634139]]}},{"type":"Feature","id":323325,"properties":{"OBJECTID":323325,"PRIMENAME":"Woodgate Avenue","ELEVTYP_F":0,"ELEVTYP_T":0},"geometry":{"type":"LineString","coordinates":[[-73.9965337371078,40.2766452257738],[-73.9965273051598,40.2764734840244]]}},{"type":"Feature","id":323523,"properties":{"OBJECTID":323523,"PRIMENAME":"Palmer Avenue","ELEVTYP_F":0,"ELEVTYP_T":0},"geometry":{"type":"LineString","coordinates":[[-74.0120033304134,40.2782946423114],[-74.0128445869137,40.2782161324358],[-74.0137876803816,40.2781111695679]]}},{"type":"Feature","id":324001,"properties":{"OBJECTID":324001,"PRIMENAME":"Garfield Avenue","ELEVTYP_F":0,"ELEVTYP_T":0},"geometry":{"type":"LineString","coordinates":[[-74.0027291122583,40.2607033716165],[-74.0028453164238,40.2607137259678],[-74.0030118696616,40.2607285800048]]}},{"type":"Feature","id":324106,"properties":{"OBJECTID":324106,"PRIMENAME":"Airsdale Avenue","ELEVTYP_F":0,"ELEVTYP_T":0},"geometry":{"type":"LineString","coordinates":[[-73.9857966963881,40.3213073984334],[-73.9858823911517,40.3212774443864],[-73.9872683868375,40.3207927267087],[-73.9873647861945,40.3207603764295]]}},{"type":"Feature","id":324132,"properties":{"OBJECTID":324132,"PRIMENAME":"Port Au Peck Avenue","ELEVTYP_F":0,"ELEVTYP_T":0},"geometry":{"type":"LineString","coordinates":[[-74.0040592841008,40.3255800959763],[-74.0039064016814,40.3262336212696],[-74.0039015885131,40.3262542174915]]}},{"type":"Feature","id":324375,"properties":{"OBJECTID":324375,"PRIMENAME":"Unnamed Segment","ELEVTYP_F":0,"ELEVTYP_T":0},"geometry":{"type":"LineString","coordinates":[[-73.9847626061146,40.2809861874072],[-73.9848964143348,40.2809761724893],[-73.9859594165365,40.2808681732034],[-73.9860734160125,40.2808511734644],[-73.9860904147827,40.2808331718116],[-73.9861324167235,40.2807501724654],[-73.9861444175308,40.280700172464],[-73.9861054174518,40.2803941728289],[-73.9862324689405,40.2803857844693],[-73.986229433839,40.2802484400967]]}},{"type":"Feature","id":324480,"properties":{"OBJECTID":324480,"PRIMENAME":"Van Court Avenue","ELEVTYP_F":0,"ELEVTYP_T":0},"geometry":{"type":"LineString","coordinates":[[-73.9996037603493,40.2789276874472],[-73.9995956073014,40.2788765081575],[-73.9995500216035,40.2786179582135]]}},{"type":"Feature","id":324488,"properties":{"OBJECTID":324488,"PRIMENAME":"Avenel Boulevard","ELEVTYP_F":0,"ELEVTYP_T":0},"geometry":{"type":"LineString","coordinates":[[-73.9867398085586,40.317064954454],[-73.9855584439667,40.3171963354246],[-73.9850368978041,40.3172605039829]]}},{"type":"Feature","id":324631,"properties":{"OBJECTID":324631,"PRIMENAME":"Elberon Square","ELEVTYP_F":0,"ELEVTYP_T":0},"geometry":{"type":"LineString","coordinates":[[-73.9887457190273,40.2652990286279],[-73.988504417388,40.2652081698035],[-73.9884244169011,40.2651961696881],[-73.988303415902,40.2651911701087],[-73.9880734156639,40.2652321687551],[-73.987994416015,40.2652341690698],[-73.9879941563671,40.2652341445037],[-73.9879424177169,40.2652291699772],[-73.9874374162451,40.2651361699303],[-73.9870484171569,40.2650821681711]]}},{"type":"Feature","id":325047,"properties":{"OBJECTID":325047,"PRIMENAME":"Bath Avenue","ELEVTYP_F":0,"ELEVTYP_T":0},"geometry":{"type":"LineString","coordinates":[[-73.9861525431411,40.2924195349942],[-73.9861437301498,40.2924202884331],[-73.9859444079395,40.2924432308379],[-73.985559352496,40.2925563173274],[-73.9854122800125,40.292599511859]]}},{"type":"Feature","id":325328,"properties":{"OBJECTID":325328,"PRIMENAME":"Larchwood Avenue","ELEVTYP_F":0,"ELEVTYP_T":0},"geometry":{"type":"LineString","coordinates":[[-74.0078216437421,40.259929547672],[-74.0078095746753,40.2599985115242],[-74.0077504335342,40.2603364178755]]}},{"type":"Feature","id":325889,"properties":{"OBJECTID":325889,"PRIMENAME":"Larchwood Avenue","ELEVTYP_F":0,"ELEVTYP_T":0},"geometry":{"type":"LineString","coordinates":[[-74.0105129190129,40.2784532526922],[-74.0103830518547,40.2778530645734],[-74.0102439248047,40.277294839403],[-74.0100802026255,40.2767031547842],[-74.0100511217834,40.2766056314144]]}},{"type":"Feature","id":325919,"properties":{"OBJECTID":325919,"PRIMENAME":"Joline Avenue","ELEVTYP_F":0,"ELEVTYP_T":0},"geometry":{"type":"LineString","coordinates":[[-74.009304137459,40.3042500496542],[-74.0090344554189,40.3042310346771],[-74.0088384391472,40.304219495663],[-74.0086563144348,40.3042258879564],[-74.0085114980549,40.3042395473505],[-74.0083712562805,40.3042603916314],[-74.0082122903545,40.3042918622626],[-74.0080579445862,40.3043341142733],[-74.007641403833,40.3044717982831],[-74.0068972155751,40.3047259654585],[-74.0065929534808,40.3048318959632],[-74.0064993453971,40.3048644661557]]}},{"type":"Feature","id":326069,"properties":{"OBJECTID":326069,"PRIMENAME":"Shrewsbury Avenue","ELEVTYP_F":0,"ELEVTYP_T":0},"geometry":{"type":"LineString","coordinates":[[-74.0058653440001,40.3179346742108],[-74.0057013894512,40.3177801869287],[-74.0055305233915,40.3176096751363],[-74.0051738759376,40.3172537631037],[-74.0051397567589,40.3171918223098]]}},{"type":"Feature","id":326424,"properties":{"OBJECTID":326424,"PRIMENAME":"Avenel Boulevard","ELEVTYP_F":0,"ELEVTYP_T":0},"geometry":{"type":"LineString","coordinates":[[-73.9796456975871,40.3178448527501],[-73.9795664863253,40.317852759928]]}},{"type":"Feature","id":326470,"properties":{"OBJECTID":326470,"PRIMENAME":"Buttonwood Avenue","ELEVTYP_F":0,"ELEVTYP_T":0},"geometry":{"type":"LineString","coordinates":[[-74.0058273380991,40.304010171376],[-74.0058875658705,40.3039822083271],[-74.0087045604216,40.3026740333065],[-74.0087882780276,40.3026351597486]]}},{"type":"Feature","id":326707,"properties":{"OBJECTID":326707,"PRIMENAME":"Griffin Street","ELEVTYP_F":0,"ELEVTYP_T":0},"geometry":{"type":"LineString","coordinates":[[-73.9812370401277,40.3297645101075],[-73.9813378794458,40.3297399259493],[-73.9815874618999,40.3296790861514],[-73.9822984672449,40.3295393278243],[-73.9823620220012,40.3295260781352]]}},{"type":"Feature","id":326864,"properties":{"OBJECTID":326864,"PRIMENAME":"Rosewood Row","ELEVTYP_F":0,"ELEVTYP_T":0},"geometry":{"type":"LineString","coordinates":[[-73.9842018357929,40.3160423886239],[-73.984185602431,40.3159653687991],[-73.9839990016415,40.315080608705]]}},{"type":"Feature","id":327119,"properties":{"OBJECTID":327119,"PRIMENAME":"Truax Road","ELEVTYP_F":0,"ELEVTYP_T":0},"geometry":{"type":"LineString","coordinates":[[-73.9971521125548,40.2666100881056],[-73.997059050956,40.266802728123],[-73.9965279103388,40.2679537970805],[-73.9962497018744,40.2685531039065],[-73.9960030562233,40.2690905882032],[-73.9959080390838,40.2693189335477],[-73.9957545660906,40.2698759027156],[-73.9957372553011,40.2699386926031]]}},{"type":"Feature","id":327221,"properties":{"OBJECTID":327221,"PRIMENAME":"Campbell Court","ELEVTYP_F":0,"ELEVTYP_T":0},"geometry":{"type":"LineString","coordinates":[[-74.0081620030679,40.2642965946803],[-74.0082317705801,40.2642921690127],[-74.0091529449566,40.2642341756433]]}},{"type":"Feature","id":327302,"properties":{"OBJECTID":327302,"PRIMENAME":"Pinewood Avenue","ELEVTYP_F":0,"ELEVTYP_T":0},"geometry":{"type":"LineString","coordinates":[[-74.0019408048386,40.263763134634],[-74.0027968124608,40.2638051659976]]}},{"type":"Feature","id":327606,"properties":{"OBJECTID":327606,"PRIMENAME":"Kingsley Street","ELEVTYP_F":0,"ELEVTYP_T":0},"geometry":{"type":"LineString","coordinates":[[-73.9898423487962,40.3212044122144],[-73.9898057315419,40.3212042507256],[-73.9897499271929,40.3211706497702],[-73.989663637874,40.3210558770465],[-73.9896141778669,40.3210090643971]]}},{"type":"Feature","id":327940,"properties":{"OBJECTID":327940,"PRIMENAME":"Westwood Avenue","ELEVTYP_F":0,"ELEVTYP_T":0},"geometry":{"type":"LineString","coordinates":[[-73.9947114345892,40.2907058918256],[-73.9946749420477,40.2907507284724],[-73.9945543820876,40.290898851123],[-73.9941648861027,40.2913832993964],[-73.993561742472,40.2921384491197],[-73.9934950774296,40.2922227651784]]}},{"type":"Feature","id":327984,"properties":{"OBJECTID":327984,"PRIMENAME":"Liberty Street","ELEVTYP_F":0,"ELEVTYP_T":0},"geometry":{"type":"LineString","coordinates":[[-73.9889418067612,40.3120567750545],[-73.9890183529249,40.3121493240935],[-73.9894255339801,40.3126467687987],[-73.9894733226143,40.3127009775973]]}},{"type":"Feature","id":328204,"properties":{"OBJECTID":328204,"PRIMENAME":"James Street","ELEVTYP_F":0,"ELEVTYP_T":0},"geometry":{"type":"LineString","coordinates":[[-73.9812511203694,40.3123824956791],[-73.9814768694722,40.3111205501666],[-73.981492265418,40.3110346939329]]}},{"type":"Feature","id":328521,"properties":{"OBJECTID":328521,"PRIMENAME":"3rd Avenue","ELEVTYP_F":0,"ELEVTYP_T":0},"geometry":{"type":"LineString","coordinates":[[-73.9873844838241,40.3009201058302],[-73.9873485614775,40.3010879534574],[-73.9872930515339,40.3013473219085],[-73.987273759229,40.3014282748408],[-73.9873148071996,40.3017196491045],[-73.9873286822897,40.3018181452054]]}},{"type":"Feature","id":328796,"properties":{"OBJECTID":328796,"PRIMENAME":"South Lincoln Avenue","ELEVTYP_F":0,"ELEVTYP_T":0},"geometry":{"type":"LineString","coordinates":[[-74.0018575641158,40.2645734417183],[-74.0018341172638,40.2645650771978],[-74.0009164694298,40.2642443238339]]}},{"type":"Feature","id":329141,"properties":{"OBJECTID":329141,"PRIMENAME":"Marina Bay Drive","ELEVTYP_F":0,"ELEVTYP_T":0},"geometry":{"type":"LineString","coordinates":[[-73.9939764220047,40.3254691808155],[-73.9940804215847,40.3254491818607],[-73.9943574210701,40.3253621811693],[-73.9944864209881,40.3253441806961]]}},{"type":"Feature","id":329224,"properties":{"OBJECTID":329224,"PRIMENAME":"Ocean Boulevard","ELEVTYP_F":0,"ELEVTYP_T":0},"geometry":{"type":"LineString","coordinates":[[-73.9810548934148,40.2985262330632],[-73.9810719512395,40.2982752585075],[-73.9811006169884,40.2980711161526]]}},{"type":"Feature","id":329277,"properties":{"OBJECTID":329277,"PRIMENAME":"Unnamed Segment","ELEVTYP_F":0,"ELEVTYP_T":0},"geometry":{"type":"LineString","coordinates":[[-73.9946734217318,40.324315181292],[-73.9947694225251,40.3243271803217],[-73.9948254219627,40.3243611804889],[-73.994854420347,40.3243911800062],[-73.9948694221447,40.3244491809687]]}},{"type":"Feature","id":329708,"properties":{"OBJECTID":329708,"PRIMENAME":"Van Court Avenue","ELEVTYP_F":0,"ELEVTYP_T":0},"geometry":{"type":"LineString","coordinates":[[-73.9989962263584,40.2743473197444],[-73.998948282964,40.2738407835861],[-73.9989358553189,40.2736865581036],[-73.9989237895787,40.2735368356903]]}},{"type":"Feature","id":329763,"properties":{"OBJECTID":329763,"PRIMENAME":"Eastwood Avenue","ELEVTYP_F":0,"ELEVTYP_T":0},"geometry":{"type":"LineString","coordinates":[[-73.9893941346953,40.3102333936547],[-73.9893983718548,40.3102156613299],[-73.9894099874355,40.3101923784042],[-73.9894292592869,40.3101617988291],[-73.9894935290494,40.3101270811667],[-73.9897412709102,40.3099992956769]]}},{"type":"Feature","id":329769,"properties":{"OBJECTID":329769,"PRIMENAME":"Winter Street","ELEVTYP_F":0,"ELEVTYP_T":0},"geometry":{"type":"LineString","coordinates":[[-73.9997974301454,40.2945218473765],[-73.9992677487648,40.2950580292546],[-73.9985612951771,40.2946355564201],[-73.9985167212615,40.2945836429157]]}},{"type":"Feature","id":330025,"properties":{"OBJECTID":330025,"PRIMENAME":"Cayuga Avenue","ELEVTYP_F":0,"ELEVTYP_T":0},"geometry":{"type":"LineString","coordinates":[[-74.0037439889998,40.3269292442771],[-74.0050219190086,40.3271050862513],[-74.0054608045172,40.3271644620094],[-74.0062225852189,40.3272675176506],[-74.0066642375548,40.3273313606913],[-74.0073112741047,40.3274151294181],[-74.0074605956561,40.3274348168309],[-74.0076785277772,40.3274357445515],[-74.0087813276174,40.3273546455345]]}},{"type":"Feature","id":330311,"properties":{"OBJECTID":330311,"PRIMENAME":"Maple Avenue","ELEVTYP_F":0,"ELEVTYP_T":0},"geometry":{"type":"LineString","coordinates":[[-74.0052626956647,40.2875048043993],[-74.0053346262037,40.2874970402324],[-74.005750356148,40.2874521086338],[-74.0058406471035,40.2874423492618],[-74.0077948442649,40.2872311170035],[-74.0078585746484,40.2872171675777]]}},{"type":"Feature","id":330328,"properties":{"OBJECTID":330328,"PRIMENAME":"Westwood Avenue","ELEVTYP_F":0,"ELEVTYP_T":0},"geometry":{"type":"LineString","coordinates":[[-73.998046035216,40.2870334161379],[-73.9977144655557,40.2874073577335],[-73.9974346403369,40.2877229406188],[-73.9973375106221,40.2878318335333]]}},{"type":"Feature","id":330646,"properties":{"OBJECTID":330646,"PRIMENAME":"North Bath Avenue","ELEVTYP_F":0,"ELEVTYP_T":0},"geometry":{"type":"LineString","coordinates":[[-73.9809551594517,40.2937844482059],[-73.9802566409001,40.2939664220008]]}},{"type":"Feature","id":330712,"properties":{"OBJECTID":330712,"PRIMENAME":"Hoyt Street","ELEVTYP_F":0,"ELEVTYP_T":0},"geometry":{"type":"LineString","coordinates":[[-73.9792498873648,40.3205126413951],[-73.9792509242946,40.3204804449801],[-73.9792793239429,40.3195861044298],[-73.9792837588078,40.3194464212233]]}},{"type":"Feature","id":330815,"properties":{"OBJECTID":330815,"PRIMENAME":"Branchport Avenue","ELEVTYP_F":0,"ELEVTYP_T":0},"geometry":{"type":"LineString","coordinates":[[-74.0068489605707,40.3129976975029],[-74.0067822761423,40.3128788716047]]}},{"type":"Feature","id":330975,"properties":{"OBJECTID":330975,"PRIMENAME":"Sunset Avenue","ELEVTYP_F":0,"ELEVTYP_T":0},"geometry":{"type":"LineString","coordinates":[[-73.9925724214851,40.3234261806714],[-73.9926364200856,40.3233321809347],[-73.9926794207008,40.3233081815634],[-73.9927444200589,40.323298180235],[-73.9929844197834,40.3233481811199],[-73.993168421083,40.3234001806026],[-73.9933674203689,40.3234711799253],[-73.9934784197919,40.3235391808217],[-73.9935744226025,40.3235801801045],[-73.9936384200971,40.3236001809734],[-73.9937504206263,40.3236241800426],[-73.9939844222994,40.3236881811881],[-73.9940044210599,40.323699180088],[-73.9940174199683,40.3237291809845],[-73.9939244211164,40.3238781809339],[-73.9939144221088,40.3239741820123]]}},{"type":"Feature","id":331013,"properties":{"OBJECTID":331013,"PRIMENAME":"Wardell Circle","ELEVTYP_F":0,"ELEVTYP_T":0},"geometry":{"type":"LineString","coordinates":[[-73.997884811001,40.3230936795917],[-73.9978229342716,40.3230608262339],[-73.9977646228162,40.3230307046945],[-73.9977205807178,40.3229965561142],[-73.9976871141804,40.3229583896881],[-73.9976404241806,40.3228653988557],[-73.9975875393651,40.3227226658938],[-73.9975448307476,40.3225425053906],[-73.9974837475612,40.3221897564539],[-73.9974413102007,40.3219683363052],[-73.9974275522148,40.3218407619116],[-73.9974184841166,40.3217432402046],[-73.9974336807845,40.3216720410586],[-73.9974685864609,40.3215934602049],[-73.997509001713,40.321526571248],[-73.9975694994212,40.3214742907495],[-73.997634144656,40.321438389516],[-73.9977030440109,40.321409095004],[-73.9977890856559,40.3213897586527],[-73.997866422832,40.3213835060869],[-73.9979436612098,40.321390429613],[-73.9980049867513,40.3214055196185]]}},{"type":"Feature","id":331050,"properties":{"OBJECTID":331050,"PRIMENAME":"Branchport Avenue","ELEVTYP_F":0,"ELEVTYP_T":0},"geometry":{"type":"LineString","coordinates":[[-74.0070823693657,40.3134135478053],[-74.0068489605707,40.3129976975029]]}},{"type":"Feature","id":331115,"properties":{"OBJECTID":331115,"PRIMENAME":"James Street","ELEVTYP_F":0,"ELEVTYP_T":0},"geometry":{"type":"LineString","coordinates":[[-73.9812181117058,40.3125669765934],[-73.9812511203694,40.3123824956791]]}},{"type":"Feature","id":331311,"properties":{"OBJECTID":331311,"PRIMENAME":"West End Court","ELEVTYP_F":0,"ELEVTYP_T":0},"geometry":{"type":"LineString","coordinates":[[-73.9854672006932,40.283561108981],[-73.9849344372776,40.2835103524582],[-73.9845265411513,40.2834714909469],[-73.9843664275519,40.283456228266]]}},{"type":"Feature","id":331319,"properties":{"OBJECTID":331319,"PRIMENAME":"Long Branch Avenue","ELEVTYP_F":0,"ELEVTYP_T":0},"geometry":{"type":"LineString","coordinates":[[-73.9823689834556,40.3057723837735],[-73.9827623136044,40.3071999754907],[-73.9831468466182,40.3086311775068]]}},{"type":"Feature","id":331549,"properties":{"OBJECTID":331549,"PRIMENAME":"Tecumseh Avenue","ELEVTYP_F":0,"ELEVTYP_T":0},"geometry":{"type":"LineString","coordinates":[[-74.0055929079261,40.3190921225973],[-74.0057190952151,40.3191095716237],[-74.0077222241463,40.3193864839219],[-74.0088715271305,40.319546528383],[-74.0102288108631,40.3197367872913],[-74.0107925739902,40.3198104658857],[-74.0112796269358,40.3198838176838],[-74.0117394004476,40.3199402785012],[-74.0118713384719,40.3199564832736]]}},{"type":"Feature","id":331777,"properties":{"OBJECTID":331777,"PRIMENAME":"Division Street","ELEVTYP_F":0,"ELEVTYP_T":0},"geometry":{"type":"LineString","coordinates":[[-73.9956243660125,40.2985001272086],[-73.9959019623234,40.2982032616415],[-73.9960114392853,40.2980804241171]]}},{"type":"Feature","id":332062,"properties":{"OBJECTID":332062,"PRIMENAME":"Cooper Avenue","ELEVTYP_F":0,"ELEVTYP_T":0},"geometry":{"type":"LineString","coordinates":[[-73.9785881787881,40.3086911040574],[-73.9775922882092,40.3086676659982],[-73.9775086759273,40.308666382348]]}},{"type":"Feature","id":332208,"properties":{"OBJECTID":332208,"PRIMENAME":"2nd Avenue","ELEVTYP_F":0,"ELEVTYP_T":0},"geometry":{"type":"LineString","coordinates":[[-73.9863242161901,40.2844250758284],[-73.9862087037707,40.2848084115197]]}},{"type":"Feature","id":332430,"properties":{"OBJECTID":332430,"PRIMENAME":"Iroquois Avenue","ELEVTYP_F":0,"ELEVTYP_T":0},"geometry":{"type":"LineString","coordinates":[[-74.0054338142793,40.319770357923],[-74.0039627187836,40.3195591297675],[-74.0033387496408,40.3194851603326],[-74.0032867121413,40.3194262169218]]}},{"type":"Feature","id":332543,"properties":{"OBJECTID":332543,"PRIMENAME":"Cedar Avenue","ELEVTYP_F":0,"ELEVTYP_T":0},"geometry":{"type":"LineString","coordinates":[[-73.9966930358495,40.2812978302672],[-73.998108617285,40.2814362168084],[-73.9982143648276,40.2814450209694],[-73.9982755499884,40.2814064687263]]}},{"type":"Feature","id":332645,"properties":{"OBJECTID":332645,"PRIMENAME":"Norgrove Place","ELEVTYP_F":0,"ELEVTYP_T":0},"geometry":{"type":"LineString","coordinates":[[-74.0015368396392,40.2731892393837],[-74.0008691319893,40.2732438179573],[-73.9990324774489,40.2733931553815],[-73.9989129503609,40.2734028774623]]}},{"type":"Feature","id":332702,"properties":{"OBJECTID":332702,"PRIMENAME":"Myrtle Avenue","ELEVTYP_F":0,"ELEVTYP_T":0},"geometry":{"type":"LineString","coordinates":[[-74.0071289771429,40.2987730869213],[-74.0071701059406,40.2988910042452],[-74.0072994951391,40.2992620211736]]}},{"type":"Feature","id":332726,"properties":{"OBJECTID":332726,"PRIMENAME":"Doreen Drive","ELEVTYP_F":0,"ELEVTYP_T":0},"geometry":{"type":"LineString","coordinates":[[-74.0062504203315,40.311931734698],[-74.0063087425984,40.311865879055],[-74.0065173342446,40.3118080489536],[-74.0066382488979,40.3117498725213],[-74.0068087188002,40.3116625332373],[-74.0069076379808,40.3116210077463],[-74.0069843961493,40.3116087617266],[-74.0070665547482,40.3116133124845],[-74.0071507562237,40.3116280006647]]}},{"type":"Feature","id":332974,"properties":{"OBJECTID":332974,"PRIMENAME":"Ocean Boulevard","ELEVTYP_F":0,"ELEVTYP_T":0},"geometry":{"type":"LineString","coordinates":[[-73.9802186572729,40.313476354559],[-73.9803203351537,40.3126937150913],[-73.980380256453,40.3121840629495],[-73.9804205437617,40.3118029622605],[-73.9804690794667,40.3111549830223],[-73.9804723093839,40.3110190552886]]}},{"type":"Feature","id":332993,"properties":{"OBJECTID":332993,"PRIMENAME":"Broadway","ELEVTYP_F":0,"ELEVTYP_T":0},"geometry":{"type":"LineString","coordinates":[[-74.0037296274262,40.2994931736021],[-74.0032696961141,40.2995794399856]]}},{"type":"Feature","id":333651,"properties":{"OBJECTID":333651,"PRIMENAME":"Westwood Avenue","ELEVTYP_F":0,"ELEVTYP_T":0},"geometry":{"type":"LineString","coordinates":[[-73.99117902377,40.2950990835634],[-73.9910560699564,40.295249721852]]}},{"type":"Feature","id":334091,"properties":{"OBJECTID":334091,"PRIMENAME":"Elberon Boulevard","ELEVTYP_F":0,"ELEVTYP_T":0},"geometry":{"type":"LineString","coordinates":[[-74.0030526701852,40.2604756722872],[-74.0029898251336,40.2605189413833],[-74.0029613866531,40.2605385248641],[-74.0027834945285,40.2606610264101],[-74.0027291122583,40.2607033716165]]}},{"type":"Feature","id":334309,"properties":{"OBJECTID":334309,"PRIMENAME":"Long Branch Avenue","ELEVTYP_F":0,"ELEVTYP_T":0},"geometry":{"type":"LineString","coordinates":[[-73.9822435299553,40.3052216005914],[-73.9823689834556,40.3057723837735]]}},{"type":"Feature","id":334514,"properties":{"OBJECTID":334514,"PRIMENAME":"Chelsea Avenue","ELEVTYP_F":0,"ELEVTYP_T":0},"geometry":{"type":"LineString","coordinates":[[-73.9873844838241,40.3009201058302],[-73.9877251420193,40.3008819344491],[-73.9887306753647,40.3007692564243],[-73.9890197062037,40.300735174422]]}},{"type":"Feature","id":334699,"properties":{"OBJECTID":334699,"PRIMENAME":"Monmouth Road","ELEVTYP_F":0,"ELEVTYP_T":0},"geometry":{"type":"LineString","coordinates":[[-74.0130027616491,40.2638543016898],[-74.0130872958549,40.2640813066948]]}},{"type":"Feature","id":334862,"properties":{"OBJECTID":334862,"PRIMENAME":"Central Place","ELEVTYP_F":0,"ELEVTYP_T":0},"geometry":{"type":"LineString","coordinates":[[-73.9864835880103,40.3083697035991],[-73.9865693359477,40.3083399968638],[-73.9870312233124,40.3081799970518]]}},{"type":"Feature","id":335932,"properties":{"OBJECTID":335932,"PRIMENAME":"Narragansett Avenue","ELEVTYP_F":0,"ELEVTYP_T":0},"geometry":{"type":"LineString","coordinates":[[-73.986339947183,40.3257550612231],[-73.9866671434772,40.3257320284859],[-73.9873676763734,40.3253295870183],[-73.9880731077694,40.3249933753881]]}},{"type":"Feature","id":336324,"properties":{"OBJECTID":336324,"PRIMENAME":"Atlantic Avenue","ELEVTYP_F":0,"ELEVTYP_T":0},"geometry":{"type":"LineString","coordinates":[[-73.9968586900918,40.3129356279581],[-73.9958199268121,40.3133275948213],[-73.9957397669539,40.3133578551222]]}},{"type":"Feature","id":336415,"properties":{"OBJECTID":336415,"PRIMENAME":"Grant Street","ELEVTYP_F":0,"ELEVTYP_T":0},"geometry":{"type":"LineString","coordinates":[[-73.979297108683,40.3070184338614],[-73.9792636783346,40.3076210069249]]}},{"type":"Feature","id":336454,"properties":{"OBJECTID":336454,"PRIMENAME":"Bampton Place","ELEVTYP_F":0,"ELEVTYP_T":0},"geometry":{"type":"LineString","coordinates":[[-74.0119350481963,40.2967051237228],[-74.0117183753438,40.2970560634132],[-74.011686912711,40.297103587163],[-74.0116802989823,40.2971607150292],[-74.0116833446393,40.2975992205989],[-74.0117017488666,40.2976374285449],[-74.0117389689768,40.2976566651714],[-74.0118136144241,40.2976617293349],[-74.0119657532164,40.2976648146742]]}},{"type":"Feature","id":336624,"properties":{"OBJECTID":336624,"PRIMENAME":"Bath Avenue","ELEVTYP_F":0,"ELEVTYP_T":0},"geometry":{"type":"LineString","coordinates":[[-73.9951526427764,40.2955430603627],[-73.9949172683451,40.2954227354813]]}},{"type":"Feature","id":336785,"properties":{"OBJECTID":336785,"PRIMENAME":"Westwood Avenue","ELEVTYP_F":0,"ELEVTYP_T":0},"geometry":{"type":"LineString","coordinates":[[-73.9926264027821,40.2933167079357],[-73.992336558413,40.2936772625696],[-73.9921417239536,40.2939289944739],[-73.9920748647986,40.2940100142216]]}},{"type":"Feature","id":337322,"properties":{"OBJECTID":337322,"PRIMENAME":"Nicholson Place","ELEVTYP_F":0,"ELEVTYP_T":0},"geometry":{"type":"LineString","coordinates":[[-73.9982374867985,40.3236476854352],[-73.9982071795414,40.3236409341666],[-73.9981754003236,40.3236217717976],[-73.9981507260153,40.3235972327166],[-73.9980841793977,40.3234828806786],[-73.9979267797105,40.3231753394182],[-73.997884811001,40.3230936795917]]}},{"type":"Feature","id":337348,"properties":{"OBJECTID":337348,"PRIMENAME":"Middle Lane","ELEVTYP_F":0,"ELEVTYP_T":0},"geometry":{"type":"LineString","coordinates":[[-74.000519288922,40.3115670565741],[-74.0005815315864,40.3116659056779],[-74.0009759406331,40.3122922511979]]}},{"type":"Feature","id":337379,"properties":{"OBJECTID":337379,"PRIMENAME":"Elberon Boulevard","ELEVTYP_F":0,"ELEVTYP_T":0},"geometry":{"type":"LineString","coordinates":[[-74.0009507108222,40.2622227767266],[-74.0008242443902,40.2622968737548],[-74.000611810892,40.2624246539068],[-74.0004182562528,40.2625238821766],[-74.0001310385878,40.2626656401939],[-74.0000105910343,40.2627250481849]]}},{"type":"Feature","id":337524,"properties":{"OBJECTID":337524,"PRIMENAME":"Werah Place","ELEVTYP_F":0,"ELEVTYP_T":0},"geometry":{"type":"LineString","coordinates":[[-73.9996757858595,40.3189859461038],[-73.9996167860514,40.3190204174605],[-73.9996105935697,40.31902357539],[-73.9995508009169,40.3190537057302],[-73.99950136528,40.3190702647514],[-73.9994191096294,40.3190824819849],[-73.9989974080276,40.3190932845155]]}},{"type":"Feature","id":337544,"properties":{"OBJECTID":337544,"PRIMENAME":"Brighton Avenue","ELEVTYP_F":0,"ELEVTYP_T":0},"geometry":{"type":"LineString","coordinates":[[-73.9854449635973,40.2844752221265],[-73.9844154750374,40.2845464505206],[-73.9842553963239,40.2845575258313],[-73.9840942398478,40.2845706712349]]}},{"type":"Feature","id":337565,"properties":{"OBJECTID":337565,"PRIMENAME":"Monmouth Road","ELEVTYP_F":0,"ELEVTYP_T":0},"geometry":{"type":"LineString","coordinates":[[-74.0125478761313,40.2626372146519],[-74.0127291071941,40.2631194358064],[-74.0130027616491,40.2638543016898]]}},{"type":"Feature","id":337580,"properties":{"OBJECTID":337580,"PRIMENAME":"Roosevelt Avenue","ELEVTYP_F":0,"ELEVTYP_T":0},"geometry":{"type":"LineString","coordinates":[[-74.0108014184503,40.2606259100524],[-74.0097382293675,40.2605231311065]]}},{"type":"Feature","id":337904,"properties":{"OBJECTID":337904,"PRIMENAME":"Lowden Court","ELEVTYP_F":0,"ELEVTYP_T":0},"geometry":{"type":"LineString","coordinates":[[-73.9854122800125,40.292599511859],[-73.985425965863,40.2926243615506],[-73.9854566959041,40.2926802264607],[-73.9854599475673,40.2927147208294],[-73.9854574724504,40.2930410607035],[-73.9854575813213,40.2931631751554]]}},{"type":"Feature","id":338003,"properties":{"OBJECTID":338003,"PRIMENAME":"Cummings Avenue","ELEVTYP_F":0,"ELEVTYP_T":0},"geometry":{"type":"LineString","coordinates":[[-73.9965093501706,40.2760625557533],[-73.9963930613667,40.2760649597267],[-73.9943020260691,40.2761082738525],[-73.9941514708686,40.2761110472942]]}},{"type":"Feature","id":338661,"properties":{"OBJECTID":338661,"PRIMENAME":"Norwood Avenue","ELEVTYP_F":0,"ELEVTYP_T":0},"geometry":{"type":"LineString","coordinates":[[-74.000756135221,40.2641882765552],[-74.0008258346273,40.2638558316991],[-74.0008932172032,40.2635198714064],[-74.0008316057208,40.2634911915277],[-74.0004238629276,40.2634539116046],[-74.0001813419425,40.2634068773854]]}},{"type":"Feature","id":338806,"properties":{"OBJECTID":338806,"PRIMENAME":"Manahassett Way","ELEVTYP_F":0,"ELEVTYP_T":0},"geometry":{"type":"LineString","coordinates":[[-73.9916782088913,40.3221301315873],[-73.9918347432833,40.3221520945712],[-73.9921146331712,40.32219142681],[-73.9921768224403,40.3222012530669],[-73.9922329157087,40.322196723127],[-73.9923202101748,40.322182802976],[-73.9924761484182,40.3221453571357],[-73.9926008853836,40.3221172986506],[-73.9927005890252,40.3221129867788]]}},{"type":"Feature","id":338910,"properties":{"OBJECTID":338910,"PRIMENAME":"Ocean Avenue","ELEVTYP_F":0,"ELEVTYP_T":0},"geometry":{"type":"LineString","coordinates":[[-73.9817340755765,40.2867937132092],[-73.9817828524648,40.2864946759175]]}},{"type":"Feature","id":338984,"properties":{"OBJECTID":338984,"PRIMENAME":"Broadway","ELEVTYP_F":0,"ELEVTYP_T":0},"geometry":{"type":"LineString","coordinates":[[-73.991904354404,40.3040805074077],[-73.9916966561387,40.304087692863]]}},{"type":"Feature","id":339191,"properties":{"OBJECTID":339191,"PRIMENAME":"South Lincoln Avenue","ELEVTYP_F":0,"ELEVTYP_T":0},"geometry":{"type":"LineString","coordinates":[[-73.9960705924182,40.2650375742396],[-73.9962326440783,40.2649784992219],[-73.9966259451935,40.2647991360486],[-73.9971315787801,40.2645677699935],[-73.9974873246384,40.2644168178052],[-73.9975633090551,40.2643859902051]]}},{"type":"Feature","id":339567,"properties":{"OBJECTID":339567,"PRIMENAME":"Eastbourne Avenue","ELEVTYP_F":0,"ELEVTYP_T":0},"geometry":{"type":"LineString","coordinates":[[-73.9940556782191,40.2925279374779],[-73.993599521952,40.2922786209784],[-73.9934950774296,40.2922227651784]]}},{"type":"Feature","id":339941,"properties":{"OBJECTID":339941,"PRIMENAME":"Hendrickson Avenue","ELEVTYP_F":0,"ELEVTYP_T":0},"geometry":{"type":"LineString","coordinates":[[-73.9979116484379,40.307177302626],[-73.9969474370481,40.3074657535005],[-73.9968383301518,40.3074983583328]]}},{"type":"Feature","id":340021,"properties":{"OBJECTID":340021,"PRIMENAME":"2nd Avenue","ELEVTYP_F":0,"ELEVTYP_T":0},"geometry":{"type":"LineString","coordinates":[[-73.9870869152816,40.2815029634139],[-73.9870733121145,40.2816240770382],[-73.98705997355,40.2817431608426],[-73.9869211680992,40.2822643834115]]}},{"type":"Feature","id":340242,"properties":{"OBJECTID":340242,"PRIMENAME":"Neptune Avenue","ELEVTYP_F":0,"ELEVTYP_T":0},"geometry":{"type":"LineString","coordinates":[[-73.978122069442,40.3215286356682],[-73.9780632574592,40.3219654332972]]}},{"type":"Feature","id":340424,"properties":{"OBJECTID":340424,"PRIMENAME":"Westwood Avenue","ELEVTYP_F":0,"ELEVTYP_T":0},"geometry":{"type":"LineString","coordinates":[[-73.9906249677101,40.2957776233229],[-73.9901254362092,40.2963698158747],[-73.9900047102074,40.2965287533795]]}},{"type":"Feature","id":340792,"properties":{"OBJECTID":340792,"PRIMENAME":"Brighton Court","ELEVTYP_F":0,"ELEVTYP_T":0},"geometry":{"type":"LineString","coordinates":[[-73.9854449635973,40.2844752221265],[-73.985452879666,40.2844097568503],[-73.9854794179052,40.2841906416685],[-73.9854987430289,40.2841049667771],[-73.9854965876278,40.2840587038089],[-73.9854934094289,40.2839905223385],[-73.9854767941842,40.2837187824294],[-73.9854672006932,40.283561108981]]}},{"type":"Feature","id":341007,"properties":{"OBJECTID":341007,"PRIMENAME":"Unnamed Segment","ELEVTYP_F":0,"ELEVTYP_T":0},"geometry":{"type":"LineString","coordinates":[[-73.9897412709102,40.3099992956769],[-73.9895994188903,40.3098281775757],[-73.9891994176272,40.3093571776067],[-73.9891934196701,40.3093081779554],[-73.9892104178793,40.3092601777921],[-73.9892364188705,40.3092311779832],[-73.9893024182363,40.309186178962],[-73.9902122481048,40.3087127089243]]}},{"type":"Feature","id":341079,"properties":{"OBJECTID":341079,"PRIMENAME":"Judith Place","ELEVTYP_F":0,"ELEVTYP_T":0},"geometry":{"type":"LineString","coordinates":[[-74.0106839685696,40.2950308866289],[-74.0107875837048,40.2949360116882],[-74.0115644841399,40.2942244123865],[-74.011657236157,40.2941191683386]]}},{"type":"Feature","id":341188,"properties":{"OBJECTID":341188,"PRIMENAME":"Oneida Avenue","ELEVTYP_F":0,"ELEVTYP_T":0},"geometry":{"type":"LineString","coordinates":[[-74.0041132556431,40.3290651737905],[-74.0043596889167,40.3290991893549],[-74.0043937421014,40.3290974961242],[-74.0044238479116,40.3290960057316],[-74.0044561653223,40.3290862613119],[-74.0044777472565,40.3290732042267],[-74.0044789003954,40.3290717762271]]}},{"type":"Feature","id":341802,"properties":{"OBJECTID":341802,"PRIMENAME":"Unnamed Segment","ELEVTYP_F":0,"ELEVTYP_T":0},"geometry":{"type":"LineString","coordinates":[[-73.9854575813213,40.2931631751554],[-73.9851414173388,40.2931661746914],[-73.9851214166173,40.2931761757631],[-73.9851074169022,40.2931971744572],[-73.9849104163153,40.2936211741515]]}},{"type":"Feature","id":341805,"properties":{"OBJECTID":341805,"PRIMENAME":"Wardell Place","ELEVTYP_F":0,"ELEVTYP_T":0},"geometry":{"type":"LineString","coordinates":[[-73.9996261172639,40.2913679354512],[-73.9997679534117,40.292160160421]]}},{"type":"Feature","id":342016,"properties":{"OBJECTID":342016,"PRIMENAME":"Oakhill Avenue","ELEVTYP_F":0,"ELEVTYP_T":0},"geometry":{"type":"LineString","coordinates":[[-74.0050819724329,40.2953845807248],[-74.0049984332645,40.2953114483348],[-74.0046653962275,40.294890636757],[-74.0040607675191,40.2941588355786],[-74.0039909383399,40.2940743129441]]}},{"type":"Feature","id":342022,"properties":{"OBJECTID":342022,"PRIMENAME":"South Lincoln Avenue","ELEVTYP_F":0,"ELEVTYP_T":0},"geometry":{"type":"LineString","coordinates":[[-74.0087610115441,40.2661565868178],[-74.0086726923269,40.2661194539929],[-74.0085177197682,40.2660425331407],[-74.0083435651949,40.2659421142417]]}},{"type":"Feature","id":342173,"properties":{"OBJECTID":342173,"PRIMENAME":"Coleman Avenue","ELEVTYP_F":0,"ELEVTYP_T":0},"geometry":{"type":"LineString","coordinates":[[-73.9995712926146,40.3092532264041],[-73.9994443551553,40.3090779445373],[-73.9991237648276,40.3086618939405],[-73.9989510081515,40.3084419414284],[-73.9988959495463,40.3083130072729],[-73.9987364846857,40.307988217956],[-73.9987308330974,40.3079767452251]]}},{"type":"Feature","id":342181,"properties":{"OBJECTID":342181,"PRIMENAME":"Seneca Place","ELEVTYP_F":0,"ELEVTYP_T":0},"geometry":{"type":"LineString","coordinates":[[-73.9980050322841,40.3183585118439],[-73.9979955528461,40.3182292537666],[-73.9979960497383,40.3181621634448],[-73.9980184284227,40.3180993678287],[-73.9980517492761,40.3180407654],[-73.9981068838501,40.3179907129496],[-73.998222427757,40.3179241207974],[-73.9986185605195,40.3177035873446],[-73.999372022057,40.3173000660405],[-73.9999990949429,40.316954741515],[-74.0005436927671,40.3166509767006],[-74.0006453785326,40.3165955777598]]}},{"type":"Feature","id":342296,"properties":{"OBJECTID":342296,"PRIMENAME":"Seaview Avenue","ELEVTYP_F":0,"ELEVTYP_T":0},"geometry":{"type":"LineString","coordinates":[[-73.9802956882612,40.3110296543803],[-73.9800767345425,40.3110427811374],[-73.9795908049914,40.3110834764639]]}},{"type":"Feature","id":342636,"properties":{"OBJECTID":342636,"PRIMENAME":"Unnamed Segment","ELEVTYP_F":0,"ELEVTYP_T":0},"geometry":{"type":"LineString","coordinates":[[-73.9802470164788,40.2973905079892],[-73.9802154138373,40.2975901760011],[-73.9801124147004,40.298012176545]]}},{"type":"Feature","id":342910,"properties":{"OBJECTID":342910,"PRIMENAME":"Elberon Avenue","ELEVTYP_F":0,"ELEVTYP_T":0},"geometry":{"type":"LineString","coordinates":[[-73.9906711328545,40.2712443964953],[-73.990582864043,40.271702460139],[-73.990299079322,40.2730404404034],[-73.9902591595986,40.2732160953164]]}},{"type":"Feature","id":343039,"properties":{"OBJECTID":343039,"PRIMENAME":"Grand Avenue","ELEVTYP_F":0,"ELEVTYP_T":0},"geometry":{"type":"LineString","coordinates":[[-74.0054892403424,40.3035736660639],[-74.0056315414837,40.3037572697538],[-74.0056675961583,40.3038037905473]]}},{"type":"Feature","id":343212,"properties":{"OBJECTID":343212,"PRIMENAME":"Norgrove Avenue","ELEVTYP_F":0,"ELEVTYP_T":0},"geometry":{"type":"LineString","coordinates":[[-73.9964280912048,40.2735943581539],[-73.9945880612366,40.2736216670185],[-73.9940839855003,40.2736337387937],[-73.9939735418234,40.2736363856607]]}},{"type":"Feature","id":343371,"properties":{"OBJECTID":343371,"PRIMENAME":"Branchport Avenue","ELEVTYP_F":0,"ELEVTYP_T":0},"geometry":{"type":"LineString","coordinates":[[-74.002287654731,40.3034696750573],[-74.0023543883549,40.3036840060035],[-74.0024076981085,40.3038560851844]]}},{"type":"Feature","id":343444,"properties":{"OBJECTID":343444,"PRIMENAME":"Seaview Avenue","ELEVTYP_F":0,"ELEVTYP_T":0},"geometry":{"type":"LineString","coordinates":[[-73.9873227391872,40.3100883553055],[-73.9872244481403,40.310135768825],[-73.9862647412257,40.3105990468586]]}},{"type":"Feature","id":343486,"properties":{"OBJECTID":343486,"PRIMENAME":"Long Branch Avenue","ELEVTYP_F":0,"ELEVTYP_T":0},"geometry":{"type":"LineString","coordinates":[[-73.9862604508734,40.3237423357202],[-73.9864059477142,40.3244967586133],[-73.9864239472197,40.3245874298631],[-73.9864228428722,40.3246194891269],[-73.986412225254,40.3246433795574],[-73.9864107176335,40.3246449598154],[-73.9863894473319,40.3246672439163],[-73.9863649429479,40.3246870926967],[-73.9863318097173,40.3247002329161],[-73.9862709102686,40.3247092959509]]}},{"type":"Feature","id":343834,"properties":{"OBJECTID":343834,"PRIMENAME":"Oakwood Avenue","ELEVTYP_F":0,"ELEVTYP_T":0},"geometry":{"type":"LineString","coordinates":[[-74.0060635887877,40.2947454351629],[-74.0063548207511,40.2950840098812],[-74.0064414185635,40.2951606407939],[-74.0065590995535,40.2952421542845],[-74.0067202719644,40.2953334063736],[-74.0070424743695,40.295530183806],[-74.0072469989874,40.295650196856],[-74.0073337370834,40.2957077499454],[-74.0074078954302,40.2957795509672],[-74.007444595429,40.2958702711261],[-74.0074745366928,40.2960324486626],[-74.0075037181166,40.2962994631948],[-74.0075626620035,40.2967681284957]]}},{"type":"Feature","id":343909,"properties":{"OBJECTID":343909,"PRIMENAME":"Russell Court","ELEVTYP_F":0,"ELEVTYP_T":0},"geometry":{"type":"LineString","coordinates":[[-74.0038827745812,40.3000253310956],[-74.0038185848193,40.3000366400834],[-74.0033911521213,40.3001119195822]]}},{"type":"Feature","id":344182,"properties":{"OBJECTID":344182,"PRIMENAME":"South Lincoln Avenue","ELEVTYP_F":0,"ELEVTYP_T":0},"geometry":{"type":"LineString","coordinates":[[-73.9996556159258,40.2640386390842],[-73.9996515176732,40.26383770501],[-73.9996444084525,40.2635742248569],[-73.9995911710543,40.2634301362053],[-73.9994309348685,40.2633757141096],[-73.9990509043063,40.263367136276],[-73.9989848091526,40.2634327129376],[-73.9989133947696,40.2636057255649],[-73.9988956276706,40.2638673669612],[-73.9988853049629,40.2640193857359]]}},{"type":"Feature","id":344218,"properties":{"OBJECTID":344218,"PRIMENAME":"Sternberger Avenue","ELEVTYP_F":0,"ELEVTYP_T":0},"geometry":{"type":"LineString","coordinates":[[-73.9865089150669,40.2802296248136],[-73.9869544142271,40.2801996311553]]}},{"type":"Feature","id":344461,"properties":{"OBJECTID":344461,"PRIMENAME":"Lincoln Gardens","ELEVTYP_F":0,"ELEVTYP_T":0},"geometry":{"type":"LineString","coordinates":[[-73.993539053914,40.2624359718545],[-73.9935375659654,40.2624095840124],[-73.9935131245444,40.2623522660026],[-73.9934987363043,40.2623310437427]]}},{"type":"Feature","id":344604,"properties":{"OBJECTID":344604,"PRIMENAME":"Unnamed Segment","ELEVTYP_F":0,"ELEVTYP_T":0},"geometry":{"type":"LineString","coordinates":[[-74.0072824107042,40.2830978223146],[-74.0062799856387,40.2831443393491],[-74.006164601744,40.2831347007415],[-74.0060459017384,40.2830335758889],[-74.0059996831294,40.2830049348142]]}},{"type":"Feature","id":344828,"properties":{"OBJECTID":344828,"PRIMENAME":"Pinewood Avenue","ELEVTYP_F":0,"ELEVTYP_T":0},"geometry":{"type":"LineString","coordinates":[[-74.0015539600103,40.2637441186165],[-74.0019408048386,40.263763134634]]}},{"type":"Feature","id":345260,"properties":{"OBJECTID":345260,"PRIMENAME":"Chelton Avenue","ELEVTYP_F":0,"ELEVTYP_T":0},"geometry":{"type":"LineString","coordinates":[[-73.985393081904,40.3159109573296],[-73.9863909125621,40.3157988289758],[-73.9864957214643,40.3157869678882]]}},{"type":"Feature","id":345656,"properties":{"OBJECTID":345656,"PRIMENAME":"West End Avenue","ELEVTYP_F":0,"ELEVTYP_T":0},"geometry":{"type":"LineString","coordinates":[[-73.9881773860059,40.2858553379544],[-73.987838900929,40.2858152351874],[-73.9860972356473,40.285608875806],[-73.9859673831374,40.2856157654602]]}},{"type":"Feature","id":345831,"properties":{"OBJECTID":345831,"PRIMENAME":"Port Au Peck Avenue","ELEVTYP_F":0,"ELEVTYP_T":0},"geometry":{"type":"LineString","coordinates":[[-74.0140285776093,40.313337657092],[-74.0137348091255,40.3133565721445],[-74.0133234754694,40.3134121070602],[-74.0130429588383,40.3134633330925],[-74.0127436213719,40.3135335847868],[-74.0125657932179,40.3135868101656],[-74.0122569378991,40.313679254084],[-74.0113207590239,40.3139946253971],[-74.0107966781446,40.3141696198186],[-74.0100663387102,40.3144134808005],[-74.0088679861857,40.3148182860984],[-74.0086024933722,40.3149062127906],[-74.0082002434461,40.3150394306611],[-74.0080275800588,40.3150968671474]]}},{"type":"Feature","id":345928,"properties":{"OBJECTID":345928,"PRIMENAME":"Seawinds Way","ELEVTYP_F":0,"ELEVTYP_T":0},"geometry":{"type":"LineString","coordinates":[[-73.9925724214851,40.3234261806714],[-73.9925864197098,40.3235971807707],[-73.992644419393,40.3240581808294]]}},{"type":"Feature","id":346138,"properties":{"OBJECTID":346138,"PRIMENAME":"Manitto Place","ELEVTYP_F":0,"ELEVTYP_T":0},"geometry":{"type":"LineString","coordinates":[[-74.0012709749322,40.3172631373394],[-74.0019167955345,40.3169126675276],[-74.0029674115915,40.3163301238829],[-74.0030083542706,40.3163074330485]]}},{"type":"Feature","id":346635,"properties":{"OBJECTID":346635,"PRIMENAME":"Grant Street","ELEVTYP_F":0,"ELEVTYP_T":0},"geometry":{"type":"LineString","coordinates":[[-73.9792468506234,40.3079369911775],[-73.9792464287475,40.3085556246027]]}},{"type":"Feature","id":346972,"properties":{"OBJECTID":346972,"PRIMENAME":"Riverdale Avenue","ELEVTYP_F":0,"ELEVTYP_T":0},"geometry":{"type":"LineString","coordinates":[[-73.9780226636732,40.3233662339926],[-73.9779075675032,40.323147470925],[-73.9779046925218,40.3231435329012]]}},{"type":"Feature","id":347368,"properties":{"OBJECTID":347368,"PRIMENAME":"Kelly Lane","ELEVTYP_F":0,"ELEVTYP_T":0},"geometry":{"type":"LineString","coordinates":[[-73.9953839284493,40.2867595600074],[-73.9953538396907,40.2868075951534],[-73.9953248412076,40.2868405967335],[-73.9952868405918,40.2868805967921],[-73.9952488407696,40.2869245948692],[-73.9952108396743,40.2869655955329],[-73.9951738405584,40.2870065969527],[-73.9951268403908,40.2870585968075],[-73.9950838407089,40.287093596138],[-73.9950398420671,40.2871265961316],[-73.9949628409296,40.2872205951336],[-73.994937839292,40.2872635969697],[-73.9948438423022,40.2873235965575]]}},{"type":"Feature","id":347460,"properties":{"OBJECTID":347460,"PRIMENAME":"West Street","ELEVTYP_F":0,"ELEVTYP_T":0},"geometry":{"type":"LineString","coordinates":[[-73.9825519903217,40.3222361525962],[-73.9825036314193,40.3217914068564],[-73.9824942896298,40.321709118253]]}},{"type":"Feature","id":347478,"properties":{"OBJECTID":347478,"PRIMENAME":"Royal Place","ELEVTYP_F":0,"ELEVTYP_T":0},"geometry":{"type":"LineString","coordinates":[[-73.9973718299405,40.2713444685821],[-73.9986183306333,40.2713324719065],[-73.9987464585734,40.2713417292023]]}},{"type":"Feature","id":347486,"properties":{"OBJECTID":347486,"PRIMENAME":"Cleveland Avenue","ELEVTYP_F":0,"ELEVTYP_T":0},"geometry":{"type":"LineString","coordinates":[[-73.9946290181506,40.2969698170701],[-73.9949885825071,40.2971412467021],[-73.9950572482766,40.2971739673897]]}},{"type":"Feature","id":347584,"properties":{"OBJECTID":347584,"PRIMENAME":"Larchwood Avenue","ELEVTYP_F":0,"ELEVTYP_T":0},"geometry":{"type":"LineString","coordinates":[[-74.0081620030679,40.2642965946803],[-74.0082373657233,40.2649794331382]]}},{"type":"Feature","id":348046,"properties":{"OBJECTID":348046,"PRIMENAME":"Chelton Avenue","ELEVTYP_F":0,"ELEVTYP_T":0},"geometry":{"type":"LineString","coordinates":[[-73.9814269363003,40.3163474827208],[-73.9820642222558,40.3162749853206]]}},{"type":"Feature","id":348482,"properties":{"OBJECTID":348482,"PRIMENAME":"Ocean Avenue North","ELEVTYP_F":0,"ELEVTYP_T":0},"geometry":{"type":"LineString","coordinates":[[-73.9768379791666,40.3180092876735],[-73.976829158506,40.3180102853366],[-73.9767542360441,40.3180385521621],[-73.9766978818397,40.3180906063558]]}},{"type":"Feature","id":348781,"properties":{"OBJECTID":348781,"PRIMENAME":"Long Branch Avenue","ELEVTYP_F":0,"ELEVTYP_T":0},"geometry":{"type":"LineString","coordinates":[[-73.9860985510486,40.3229044742683],[-73.9861603019687,40.3232231864263],[-73.986163165613,40.3232379950861]]}},{"type":"Feature","id":349781,"properties":{"OBJECTID":349781,"PRIMENAME":"Ocean Avenue North","ELEVTYP_F":0,"ELEVTYP_T":0},"geometry":{"type":"LineString","coordinates":[[-73.9772362307165,40.3221903397532],[-73.9772485106651,40.3222979035752]]}},{"type":"Feature","id":349811,"properties":{"OBJECTID":349811,"PRIMENAME":"Laird Street","ELEVTYP_F":0,"ELEVTYP_T":0},"geometry":{"type":"LineString","coordinates":[[-73.9806448173855,40.3030902488848],[-73.9809283893227,40.3030683521192],[-73.9812363229692,40.3030451687802]]}},{"type":"Feature","id":350112,"properties":{"OBJECTID":350112,"PRIMENAME":"Cedar Avenue","ELEVTYP_F":0,"ELEVTYP_T":0},"geometry":{"type":"LineString","coordinates":[[-73.9943747671097,40.2809897025531],[-73.9938535483804,40.2809379000157],[-73.9934294634048,40.2809010696943],[-73.993318342371,40.2808920457907]]}},{"type":"Feature","id":350297,"properties":{"OBJECTID":350297,"PRIMENAME":"Ocean Avenue","ELEVTYP_F":0,"ELEVTYP_T":0},"geometry":{"type":"LineString","coordinates":[[-73.9851010668859,40.27907245409],[-73.9850693288331,40.2792505823967],[-73.9849885708588,40.2797012953705]]}},{"type":"Feature","id":350625,"properties":{"OBJECTID":350625,"PRIMENAME":"Landmark Place","ELEVTYP_F":0,"ELEVTYP_T":0},"geometry":{"type":"LineString","coordinates":[[-73.9804688474743,40.3029612665326],[-73.9802074163995,40.3017391762499]]}},{"type":"Feature","id":350752,"properties":{"OBJECTID":350752,"PRIMENAME":"Ocean Avenue","ELEVTYP_F":0,"ELEVTYP_T":0},"geometry":{"type":"LineString","coordinates":[[-73.9847887775831,40.2808356288844],[-73.9847626061146,40.2809861874072]]}},{"type":"Feature","id":350835,"properties":{"OBJECTID":350835,"PRIMENAME":"Ocean Boulevard","ELEVTYP_F":0,"ELEVTYP_T":0},"geometry":{"type":"LineString","coordinates":[[-73.9837269753324,40.2858174472512],[-73.9836728062977,40.2861383680908],[-73.9835801382169,40.2866843728687],[-73.9834680764928,40.2873446350378],[-73.9834577961706,40.2874052035099],[-73.9834392804964,40.2875158632041]]}},{"type":"Feature","id":351083,"properties":{"OBJECTID":351083,"PRIMENAME":"Ocean Avenue","ELEVTYP_F":0,"ELEVTYP_T":0},"geometry":{"type":"LineString","coordinates":[[-73.9901373466721,40.2613615205773],[-73.990159164346,40.261441550582]]}},{"type":"Feature","id":351361,"properties":{"OBJECTID":351361,"PRIMENAME":"Narragansett Avenue","ELEVTYP_F":0,"ELEVTYP_T":0},"geometry":{"type":"LineString","coordinates":[[-73.9872271932356,40.3200890323132],[-73.9873501607103,40.3206834461877],[-73.9873647861945,40.3207603764295]]}},{"type":"Feature","id":351489,"properties":{"OBJECTID":351489,"PRIMENAME":"Ocean Boulevard","ELEVTYP_F":0,"ELEVTYP_T":0},"geometry":{"type":"LineString","coordinates":[[-73.9819809214854,40.2935172150274],[-73.9818847882681,40.2938418087081]]}},{"type":"Feature","id":352007,"properties":{"OBJECTID":352007,"PRIMENAME":"Chelsea Avenue","ELEVTYP_F":0,"ELEVTYP_T":0},"geometry":{"type":"LineString","coordinates":[[-73.97911852046,40.301860184437],[-73.9795164156504,40.3018171773987],[-73.9802074163995,40.3017391762499]]}},{"type":"Feature","id":352298,"properties":{"OBJECTID":352298,"PRIMENAME":"Ocean Boulevard","ELEVTYP_F":0,"ELEVTYP_T":0},"geometry":{"type":"LineString","coordinates":[[-73.9802956882612,40.3110296543803],[-73.9802924316622,40.3114544870406],[-73.9802579078343,40.311902321541],[-73.9801972182754,40.3125120879322],[-73.9800915703488,40.3132980040688],[-73.9800673273344,40.31348503594]]}},{"type":"Feature","id":352299,"properties":{"OBJECTID":352299,"PRIMENAME":"Berringer Road","ELEVTYP_F":0,"ELEVTYP_T":0},"geometry":{"type":"LineString","coordinates":[[-73.9904294525653,40.260543627653],[-73.9903291419308,40.2605224283053],[-73.9891193056217,40.2602666721038],[-73.9889937118318,40.2602401226186]]}},{"type":"Feature","id":352479,"properties":{"OBJECTID":352479,"PRIMENAME":"Laird Street","ELEVTYP_F":0,"ELEVTYP_T":0},"geometry":{"type":"LineString","coordinates":[[-73.9784515245425,40.3032371199092],[-73.9796684148122,40.3031641773204],[-73.979853685896,40.3031476844994]]}},{"type":"Feature","id":352591,"properties":{"OBJECTID":352591,"PRIMENAME":"McClellan Street","ELEVTYP_F":0,"ELEVTYP_T":0},"geometry":{"type":"LineString","coordinates":[[-74.0046325443528,40.3067425283403],[-74.0046972358749,40.3067223261867],[-74.0054210223981,40.306496663926],[-74.0056119585368,40.3064433928772],[-74.0059762241653,40.3063417633867],[-74.0062320760168,40.3062618172406],[-74.0064878564899,40.3061818972417],[-74.0067438104323,40.3060828988002],[-74.006956129072,40.3059932671042],[-74.0072120816329,40.3058942667146],[-74.0072775669244,40.305873243293]]}},{"type":"Feature","id":352720,"properties":{"OBJECTID":352720,"PRIMENAME":"Ocean Avenue","ELEVTYP_F":0,"ELEVTYP_T":0},"geometry":{"type":"LineString","coordinates":[[-73.9871397534429,40.2706199361001],[-73.987042557492,40.2709378964602],[-73.9867806561163,40.2718374978315],[-73.986553287231,40.272615170617]]}},{"type":"Feature","id":352799,"properties":{"OBJECTID":352799,"PRIMENAME":"Ocean Boulevard","ELEVTYP_F":0,"ELEVTYP_T":0},"geometry":{"type":"LineString","coordinates":[[-73.9830756539312,40.2894058565124],[-73.9829589183772,40.2899861121735],[-73.9829482331388,40.2900290132399]]}},{"type":"Feature","id":352864,"properties":{"OBJECTID":352864,"PRIMENAME":"Ocean Boulevard North","ELEVTYP_F":0,"ELEVTYP_T":0},"geometry":{"type":"LineString","coordinates":[[-73.9800374263409,40.3137369264623],[-73.9800233537853,40.3138554677746],[-73.9799029947086,40.3147807460134],[-73.9798844062664,40.3149236324008],[-73.9798383572318,40.3152727938807],[-73.9796767953762,40.3164977494415],[-73.9796761570001,40.3165025866883],[-73.9796077123455,40.3170185124173],[-73.9795572007771,40.3173992656523],[-73.9794766461787,40.3178576533719]]}},{"type":"Feature","id":352978,"properties":{"OBJECTID":352978,"PRIMENAME":"Ocean Boulevard North","ELEVTYP_F":0,"ELEVTYP_T":0},"geometry":{"type":"LineString","coordinates":[[-73.9772485106651,40.3222979035752],[-73.9772167033962,40.3223715503919],[-73.9771482330155,40.322564059179]]}},{"type":"Feature","id":353054,"properties":{"OBJECTID":353054,"PRIMENAME":"Norwood Avenue","ELEVTYP_F":0,"ELEVTYP_T":0},"geometry":{"type":"LineString","coordinates":[[-73.9998650535201,40.2621965944455],[-73.9998439863217,40.2620988003137],[-73.9998404039289,40.2620665734994],[-73.9998323240163,40.261993882949],[-73.9998299795148,40.2618890328753],[-73.9998403306065,40.2617484669174],[-73.9998637854787,40.2615221693798],[-73.9998891052123,40.2612806433606]]}},{"type":"Feature","id":353083,"properties":{"OBJECTID":353083,"PRIMENAME":"Ocean Avenue","ELEVTYP_F":0,"ELEVTYP_T":0},"geometry":{"type":"LineString","coordinates":[[-73.9893608726124,40.263960646939],[-73.9893535226377,40.2639754394181],[-73.9893280488734,40.2640129639096]]}},{"type":"Feature","id":353215,"properties":{"OBJECTID":353215,"PRIMENAME":"Ocean Boulevard","ELEVTYP_F":0,"ELEVTYP_T":0},"geometry":{"type":"LineString","coordinates":[[-73.9829482331388,40.2900290132399],[-73.9828591826718,40.2903865226447]]}},{"type":"Feature","id":353243,"properties":{"OBJECTID":353243,"PRIMENAME":"Ocean Avenue","ELEVTYP_F":0,"ELEVTYP_T":0},"geometry":{"type":"LineString","coordinates":[[-73.9887457190273,40.2652990286279],[-73.9886888209706,40.2654928646545],[-73.9885692713593,40.2658831474141]]}},{"type":"Feature","id":353333,"properties":{"OBJECTID":353333,"PRIMENAME":"Narragansett Avenue","ELEVTYP_F":0,"ELEVTYP_T":0},"geometry":{"type":"LineString","coordinates":[[-73.9875765892508,40.32165915978],[-73.9876222243737,40.3217569811044],[-73.9876772348258,40.3219001945614],[-73.9877441876664,40.3220958942446],[-73.9878112846516,40.3222820692054],[-73.9878504471298,40.3224875286424]]}},{"type":"Feature","id":353339,"properties":{"OBJECTID":353339,"PRIMENAME":"Ocean Boulevard","ELEVTYP_F":0,"ELEVTYP_T":0},"geometry":{"type":"LineString","coordinates":[[-73.9808706986219,40.3058927187634],[-73.9808553830995,40.3060343574993],[-73.9808302554795,40.3062667365472],[-73.9808055706391,40.3064610837558],[-73.9806910935587,40.3073622996818],[-73.9805254332687,40.3086769486859],[-73.9805207874595,40.3087122578527]]}},{"type":"Feature","id":353388,"properties":{"OBJECTID":353388,"PRIMENAME":"Garfield Avenue","ELEVTYP_F":0,"ELEVTYP_T":0},"geometry":{"type":"LineString","coordinates":[[-73.9812363229692,40.3030451687802],[-73.981392463375,40.303033997246]]}},{"type":"Feature","id":353584,"properties":{"OBJECTID":353584,"PRIMENAME":"Ocean Avenue North","ELEVTYP_F":0,"ELEVTYP_T":0},"geometry":{"type":"LineString","coordinates":[[-73.9769942342693,40.3216408711749],[-73.9772132515404,40.3220610533446],[-73.9772312763518,40.3221469220675],[-73.9772362307165,40.3221903397532]]}},{"type":"Feature","id":353654,"properties":{"OBJECTID":353654,"PRIMENAME":"Ocean Boulevard","ELEVTYP_F":0,"ELEVTYP_T":0},"geometry":{"type":"LineString","coordinates":[[-73.9811956721824,40.3033385816785],[-73.9811431917726,40.3036087216648],[-73.9810966004025,40.30400409641],[-73.9809642334218,40.3050281786705],[-73.9809469849986,40.3051877075137]]}},{"type":"Feature","id":354413,"properties":{"OBJECTID":354413,"PRIMENAME":"Ocean Boulevard North","ELEVTYP_F":0,"ELEVTYP_T":0},"geometry":{"type":"LineString","coordinates":[[-73.9773861356445,40.3222527424815],[-73.9774812713705,40.3220654282725],[-73.9775374741086,40.3219547693161],[-73.9777031408148,40.3216659815485],[-73.97797212556,40.3212060564304]]}},{"type":"Feature","id":354713,"properties":{"OBJECTID":354713,"PRIMENAME":"Ocean Boulevard","ELEVTYP_F":0,"ELEVTYP_T":0},"geometry":{"type":"LineString","coordinates":[[-73.9814065257703,40.3029267659407],[-73.9814893880469,40.3022948528266],[-73.9815679707413,40.3017852278203],[-73.9815665170628,40.3015814440623]]}},{"type":"Feature","id":354867,"properties":{"OBJECTID":354867,"PRIMENAME":"Ocean Boulevard North","ELEVTYP_F":0,"ELEVTYP_T":0},"geometry":{"type":"LineString","coordinates":[[-73.9794766461787,40.3178576533719],[-73.9794253795622,40.3181493202715],[-73.979387187428,40.3182563758062],[-73.9793583273669,40.3183670696392],[-73.9793107003815,40.3184884129925],[-73.9792631286957,40.3186025360268],[-73.9792250731389,40.3186917483508],[-73.9791728118195,40.3188094474449],[-73.9791158229021,40.3189307755775],[-73.9789691022878,40.3191874497712],[-73.9787844237062,40.3195154655899],[-73.9786807765644,40.3196908026376],[-73.9785336596266,40.3199396765906],[-73.9782732060608,40.3203907854757],[-73.9781664562795,40.3205756747849]]}},{"type":"Feature","id":355259,"properties":{"OBJECTID":355259,"PRIMENAME":"Garfield Avenue","ELEVTYP_F":0,"ELEVTYP_T":0},"geometry":{"type":"LineString","coordinates":[[-73.981392463375,40.303033997246],[-73.9826734831301,40.3029293686883],[-73.98281435206,40.3028875712626]]}},{"type":"Feature","id":355273,"properties":{"OBJECTID":355273,"PRIMENAME":"Monmouth Park Highway","ELEVTYP_F":0,"ELEVTYP_T":0},"geometry":{"type":"LineString","coordinates":[[-74.0133286202854,40.3040374948558],[-74.0132141182306,40.3040842859383],[-74.013054965467,40.3041372296105],[-74.012792979267,40.3042147495068],[-74.0125356068994,40.3042887468635],[-74.0124404894868,40.3043074201726],[-74.0122581218324,40.3043438405226]]}},{"type":"Feature","id":355580,"properties":{"OBJECTID":355580,"PRIMENAME":"Ocean Avenue","ELEVTYP_F":0,"ELEVTYP_T":0},"geometry":{"type":"LineString","coordinates":[[-73.9770223438587,40.322953817178],[-73.9769101637583,40.3233602756758]]}},{"type":"Feature","id":355836,"properties":{"OBJECTID":355836,"PRIMENAME":"Ocean Avenue","ELEVTYP_F":0,"ELEVTYP_T":0},"geometry":{"type":"LineString","coordinates":[[-73.9783175086436,40.302907397716],[-73.9783012451135,40.3029154740374],[-73.9782859202072,40.3029245628809],[-73.9782716411799,40.3029346006363],[-73.9782585079675,40.3029455170519],[-73.9782466124863,40.3029572357264],[-73.9782360379905,40.3029696746439],[-73.978226858489,40.3029827467476],[-73.9782191382277,40.302996360549],[-73.9782129312397,40.3030104207685],[-73.9782082809672,40.3030248290019],[-73.9782052199574,40.3030394844093],[-73.9782037696346,40.3030542844211],[-73.9782039401502,40.3030691254552],[-73.9782057303121,40.3030839036426],[-73.9782091275922,40.3030985155539],[-73.9782141082148,40.3031128589235],[-73.9782206373226,40.3031268333651],[-73.9782286692205,40.3031403410745],[-73.9782381476958,40.3031532875139],[-73.9782490064113,40.3031655820736],[-73.9782611693697,40.3031771387065],[-73.9782745514454,40.3031878765298],[-73.9782890589802,40.3031977203915],[-73.978304590439,40.3032066013962],[-73.9783210371204,40.3032144573873],[-73.9783382839171,40.3032212333821],[-73.978356210122,40.3032268819566],[-73.9783746902729,40.3032313635775],[-73.9783935950304,40.3032346468785],[-73.9784127920833,40.3032367088804],[-73.9784321470749,40.3032375351516],[-73.9784515245425,40.3032371199092]]}},{"type":"Feature","id":356280,"properties":{"OBJECTID":356280,"PRIMENAME":"Melrose Terrace","ELEVTYP_F":0,"ELEVTYP_T":0},"geometry":{"type":"LineString","coordinates":[[-73.9799975686531,40.3004315690321],[-73.9800266256059,40.3004270486345],[-73.9806136219381,40.3003357197536],[-73.9809596119129,40.3002818865683],[-73.9810343667528,40.3002727235851],[-73.981097565922,40.3002790189433],[-73.9811422791628,40.3002926987131],[-73.9811740994268,40.3003185912021],[-73.981200019165,40.3003543401345],[-73.981287883643,40.300475523038]]}},{"type":"Feature","id":356676,"properties":{"OBJECTID":356676,"PRIMENAME":"Ocean Avenue","ELEVTYP_F":0,"ELEVTYP_T":0},"geometry":{"type":"LineString","coordinates":[[-73.9890119507004,40.2644837194606],[-73.9889567288757,40.2646218624549],[-73.9889128336492,40.264750780419]]}},{"type":"Feature","id":356713,"properties":{"OBJECTID":356713,"PRIMENAME":"Norwood Avenue","ELEVTYP_F":0,"ELEVTYP_T":0},"geometry":{"type":"LineString","coordinates":[[-74.0000105910343,40.2627250481849],[-73.9999771321459,40.2626069410205],[-73.99992249226,40.2624208530025],[-73.9999080244689,40.2623724797909]]}},{"type":"Feature","id":356775,"properties":{"OBJECTID":356775,"PRIMENAME":"Ocean Boulevard","ELEVTYP_F":0,"ELEVTYP_T":0},"geometry":{"type":"LineString","coordinates":[[-73.9834392804964,40.2875158632041],[-73.983314330812,40.288262415575],[-73.9833125748447,40.2882716863235]]}},{"type":"Feature","id":356976,"properties":{"OBJECTID":356976,"PRIMENAME":"Ocean Avenue","ELEVTYP_F":0,"ELEVTYP_T":0},"geometry":{"type":"LineString","coordinates":[[-73.9849885708588,40.2797012953705],[-73.9849003763727,40.2801934991926],[-73.9848747012524,40.2803413246624]]}},{"type":"Feature","id":357109,"properties":{"OBJECTID":357109,"PRIMENAME":"Ocean Avenue","ELEVTYP_F":0,"ELEVTYP_T":0},"geometry":{"type":"LineString","coordinates":[[-73.9783078749397,40.3022405575439],[-73.9782588397352,40.3025523329397],[-73.9782289388204,40.3028391905617],[-73.9783175086436,40.302907397716]]}},{"type":"Feature","id":357729,"properties":{"OBJECTID":357729,"PRIMENAME":"McClellan Street","ELEVTYP_F":0,"ELEVTYP_T":0},"geometry":{"type":"LineString","coordinates":[[-74.0072775669244,40.305873243293],[-74.0074616567103,40.3058142911015],[-74.0077174002044,40.3057438944637],[-74.0084659812679,40.3055278448296]]}},{"type":"Feature","id":359074,"properties":{"OBJECTID":359074,"PRIMENAME":"Ocean Avenue","ELEVTYP_F":0,"ELEVTYP_T":0},"geometry":{"type":"LineString","coordinates":[[-73.9907566058227,40.259621638076],[-73.9904294525653,40.260543627653]]}},{"type":"Feature","id":361228,"properties":{"OBJECTID":361228,"PRIMENAME":"Ocean Avenue","ELEVTYP_F":0,"ELEVTYP_T":0},"geometry":{"type":"LineString","coordinates":[[-73.9847174763035,40.2812458007983],[-73.9846661200548,40.2815412372068],[-73.9846333155595,40.2817215068376]]}},{"type":"Feature","id":368748,"properties":{"OBJECTID":368748,"PRIMENAME":"Wilbur Ray Avenue","ELEVTYP_F":0,"ELEVTYP_T":0},"geometry":{"type":"LineString","coordinates":[[-73.9863921583406,40.3077909657334],[-73.9873044234323,40.3075308460898]]}},{"type":"Feature","id":368749,"properties":{"OBJECTID":368749,"PRIMENAME":"Liberty Street","ELEVTYP_F":0,"ELEVTYP_T":0},"geometry":{"type":"LineString","coordinates":[[-73.9863446087944,40.3074834291264],[-73.9863810452238,40.307719568217],[-73.9863921583406,40.3077909657334]]}},{"type":"Feature","id":369757,"properties":{"OBJECTID":369757,"PRIMENAME":"Ocean Avenue","ELEVTYP_F":0,"ELEVTYP_T":0},"geometry":{"type":"LineString","coordinates":[[-73.9784456518683,40.3015320627563],[-73.9783586511076,40.301917714582],[-73.9783078749397,40.3022405575439]]}},{"type":"Feature","id":369758,"properties":{"OBJECTID":369758,"PRIMENAME":"Ocean Avenue","ELEVTYP_F":0,"ELEVTYP_T":0},"geometry":{"type":"LineString","coordinates":[[-73.9783175086436,40.302907397716],[-73.9784090438434,40.3028520759904],[-73.978494456282,40.3022686273936],[-73.9784965981346,40.3022579570598]]}},{"type":"Feature","id":369759,"properties":{"OBJECTID":369759,"PRIMENAME":"Ocean Avenue","ELEVTYP_F":0,"ELEVTYP_T":0},"geometry":{"type":"LineString","coordinates":[[-73.9784965981346,40.3022579570598],[-73.9786372459205,40.301557398963]]}},{"type":"Feature","id":369760,"properties":{"OBJECTID":369760,"PRIMENAME":"Centennial Drive","ELEVTYP_F":0,"ELEVTYP_T":0},"geometry":{"type":"LineString","coordinates":[[-73.9783078749397,40.3022405575439],[-73.9784965981346,40.3022579570598]]}},{"type":"Feature","id":369884,"properties":{"OBJECTID":369884,"PRIMENAME":"Centennial Drive","ELEVTYP_F":0,"ELEVTYP_T":0},"geometry":{"type":"LineString","coordinates":[[-73.9784965981346,40.3022579570598],[-73.9785992777889,40.3022674219207],[-73.9786418080276,40.3022698409098],[-73.9786844494291,40.3022692765083],[-73.978726846692,40.3022657334195],[-73.9787686431376,40.3022592424605],[-73.9788094925084,40.3022498561116],[-73.9788490495023,40.3022376556785],[-73.9788869886839,40.3022227396698],[-73.9789229902855,40.30220523454],[-73.9789567532094,40.3021852866426],[-73.978987999733,40.302163062251],[-73.9790164625765,40.3021387465996],[-73.9790419084359,40.302112543089],[-73.9790641238813,40.302084671421],[-73.9790829248156,40.3020553613369],[-73.979098151707,40.3020248607011],[-73.979109675567,40.3019934229197],[-73.979112058077,40.3019855601041],[-73.9791200286067,40.3019514610939],[-73.9791234335969,40.3019169173187],[-73.9791222385341,40.3018822879856],[-73.97911852046,40.301860184437]]}},{"type":"Feature","id":369885,"properties":{"OBJECTID":369885,"PRIMENAME":"Centennial Drive","ELEVTYP_F":0,"ELEVTYP_T":0},"geometry":{"type":"LineString","coordinates":[[-73.97911852046,40.301860184437],[-73.9791164583309,40.3018479298217],[-73.9791061490704,40.301814199739],[-73.979091419845,40.3017814449803],[-73.9790724233252,40.3017500057792],[-73.979049352306,40.3017202054368],[-73.979022449097,40.3016923530666],[-73.9789919914611,40.3016667363256],[-73.9789582926152,40.3016436214149],[-73.9789217024541,40.3016232467802],[-73.9788825981616,40.3016058203683],[-73.9788413841617,40.301591525931],[-73.9787984875174,40.3015805094953],[-73.9787543531844,40.3015728847454],[-73.9786372459205,40.301557398963]]}},{"type":"Feature","id":369886,"properties":{"OBJECTID":369886,"PRIMENAME":"Centennial Drive","ELEVTYP_F":0,"ELEVTYP_T":0},"geometry":{"type":"LineString","coordinates":[[-73.9786372459205,40.301557398963],[-73.9784456518683,40.3015320627563]]}},{"type":"Feature","id":370585,"properties":{"OBJECTID":370585,"PRIMENAME":"Ocean Avenue","ELEVTYP_F":0,"ELEVTYP_T":0},"geometry":{"type":"LineString","coordinates":[[-73.9769101637583,40.3233602756758],[-73.9770752134851,40.3229648261996],[-73.9771290503432,40.3228358338696],[-73.9772364820658,40.3225847326275]]}},{"type":"Feature","id":370592,"properties":{"OBJECTID":370592,"PRIMENAME":"Ocean Avenue","ELEVTYP_F":0,"ELEVTYP_T":0},"geometry":{"type":"LineString","coordinates":[[-73.986553287231,40.272615170617],[-73.9863909990718,40.2731702756552],[-73.9862609794386,40.2735907054701]]}},{"type":"Feature","id":370663,"properties":{"OBJECTID":370663,"PRIMENAME":"Ocean Avenue","ELEVTYP_F":0,"ELEVTYP_T":0},"geometry":{"type":"LineString","coordinates":[[-73.9848747012524,40.2803413246624],[-73.9847887775831,40.2808356288844]]}},{"type":"Feature","id":370842,"properties":{"OBJECTID":370842,"PRIMENAME":"Laird Street","ELEVTYP_F":0,"ELEVTYP_T":0},"geometry":{"type":"LineString","coordinates":[[-73.9804983235113,40.3030990471647],[-73.9806448173855,40.3030902488848]]}},{"type":"Feature","id":371145,"properties":{"OBJECTID":371145,"PRIMENAME":"Cedar Avenue","ELEVTYP_F":0,"ELEVTYP_T":0},"geometry":{"type":"LineString","coordinates":[[-73.9982755499884,40.2814064687263],[-73.9982096782198,40.2813663225459],[-73.9966905499846,40.2812172472669]]}},{"type":"Feature","id":371391,"properties":{"OBJECTID":371391,"PRIMENAME":"Ocean Boulevard","ELEVTYP_F":0,"ELEVTYP_T":0},"geometry":{"type":"LineString","coordinates":[[-73.9809627957028,40.2979345580963],[-73.9809494418757,40.2980173451712],[-73.9809038395064,40.2982792805466],[-73.9809015417739,40.298579514311],[-73.9809060665104,40.2988035164056],[-73.9809089152329,40.2988341380289]]}},{"type":"Feature","id":371930,"properties":{"OBJECTID":371930,"PRIMENAME":"Ocean Avenue","ELEVTYP_F":0,"ELEVTYP_T":0},"geometry":{"type":"LineString","coordinates":[[-73.9893280488734,40.2640129639096],[-73.9892276733653,40.2641607628264],[-73.9890705392024,40.2643745259986],[-73.9890137766954,40.2644791710701],[-73.9890119507004,40.2644837194606]]}},{"type":"Feature","id":372551,"properties":{"OBJECTID":372551,"PRIMENAME":"Ocean Avenue","ELEVTYP_F":0,"ELEVTYP_T":0},"geometry":{"type":"LineString","coordinates":[[-73.9904294525653,40.260543627653],[-73.9903025509473,40.2609011356721]]}},{"type":"Feature","id":373190,"properties":{"OBJECTID":373190,"PRIMENAME":"Ocean Boulevard North","ELEVTYP_F":0,"ELEVTYP_T":0},"geometry":{"type":"LineString","coordinates":[[-73.9786091925263,40.3200979206218],[-73.9788579817181,40.3196694999214],[-73.979094611375,40.3192594999167],[-73.9792651276635,40.3189492915174],[-73.9793311948763,40.318815154537],[-73.9793599976731,40.3187566758942],[-73.9794314098223,40.3185782849395],[-73.9794837817271,40.31844625681],[-73.979541160134,40.3182785087096],[-73.979589052865,40.3181178826093],[-73.9796227934743,40.3179786338037],[-73.9796456975871,40.3178448527501]]}},{"type":"Feature","id":373506,"properties":{"OBJECTID":373506,"PRIMENAME":"Ocean Avenue","ELEVTYP_F":0,"ELEVTYP_T":0},"geometry":{"type":"LineString","coordinates":[[-73.9855407443978,40.2760814571999],[-73.9855276783509,40.2762216383329],[-73.9855143718319,40.2763643717657],[-73.9854768373483,40.2766716319812],[-73.9854409474123,40.2769654237927],[-73.9854290822699,40.2770625460337],[-73.9854148650402,40.2771789301528],[-73.9853822692577,40.2773984572697]]}},{"type":"Feature","id":373733,"properties":{"OBJECTID":373733,"PRIMENAME":"Laird Street","ELEVTYP_F":0,"ELEVTYP_T":0},"geometry":{"type":"LineString","coordinates":[[-73.9812518336281,40.302927799891],[-73.9804688474743,40.3029612665326]]}},{"type":"Feature","id":373932,"properties":{"OBJECTID":373932,"PRIMENAME":"Unnamed Segment","ELEVTYP_F":0,"ELEVTYP_T":0},"geometry":{"type":"LineString","coordinates":[[-73.9903655186362,40.2609154993757],[-73.990487580415,40.2605558804392]]}},{"type":"Feature","id":373974,"properties":{"OBJECTID":373974,"PRIMENAME":"Norwood Avenue","ELEVTYP_F":0,"ELEVTYP_T":0},"geometry":{"type":"LineString","coordinates":[[-73.9999206141831,40.2627501544679],[-73.9999393645131,40.2627963638737],[-73.9999579105472,40.2628420608165],[-74.0000302058152,40.2630201902688],[-74.0001657381827,40.2633669529333]]}},{"type":"Feature","id":373976,"properties":{"OBJECTID":373976,"PRIMENAME":"Ocean Boulevard","ELEVTYP_F":0,"ELEVTYP_T":0},"geometry":{"type":"LineString","coordinates":[[-73.981094269927,40.2973027583148],[-73.9809886238404,40.2977744604939],[-73.9809627957028,40.2979345580963]]}},{"type":"Feature","id":374042,"properties":{"OBJECTID":374042,"PRIMENAME":"5th Avenue","ELEVTYP_F":0,"ELEVTYP_T":0},"geometry":{"type":"LineString","coordinates":[[-73.9943137614478,40.311744725016],[-73.9944121381268,40.3118489240397],[-73.9951222142622,40.3126479417067],[-73.9956715678959,40.3132794565901],[-73.9957397669539,40.3133578551222]]}},{"type":"Feature","id":374371,"properties":{"OBJECTID":374371,"PRIMENAME":"Unnamed Segment","ELEVTYP_F":0,"ELEVTYP_T":0},"geometry":{"type":"LineString","coordinates":[[-73.990159164346,40.261441550582],[-73.9902134594197,40.2613795215159],[-73.990364761193,40.2609177368908],[-73.9903655186362,40.2609154993757]]}},{"type":"Feature","id":374415,"properties":{"OBJECTID":374415,"PRIMENAME":"Ocean Boulevard North","ELEVTYP_F":0,"ELEVTYP_T":0},"geometry":{"type":"LineString","coordinates":[[-73.9797848333622,40.3168313757567],[-73.9798254823654,40.3165175885424],[-73.9799148088647,40.3158316624664],[-73.9799940323236,40.3152422392229],[-73.9800566158864,40.3147814365596],[-73.9800930067649,40.3145135039579],[-73.9802186572729,40.313476354559]]}},{"type":"Feature","id":374834,"properties":{"OBJECTID":374834,"PRIMENAME":"Ocean Avenue","ELEVTYP_F":0,"ELEVTYP_T":0},"geometry":{"type":"LineString","coordinates":[[-73.9786372459205,40.301557398963],[-73.9787274744951,40.3011079697098],[-73.9787871657962,40.3008330023567],[-73.9787846301804,40.3007579265723],[-73.9787248709324,40.3006329442525]]}},{"type":"Feature","id":374857,"properties":{"OBJECTID":374857,"PRIMENAME":"Ocean Boulevard North","ELEVTYP_F":0,"ELEVTYP_T":0},"geometry":{"type":"LineString","coordinates":[[-73.9772948167064,40.3221906044902],[-73.9772485106651,40.3222979035752]]}},{"type":"Feature","id":375035,"properties":{"OBJECTID":375035,"PRIMENAME":"Garfield Avenue","ELEVTYP_F":0,"ELEVTYP_T":0},"geometry":{"type":"LineString","coordinates":[[-73.98281435206,40.3028875712626],[-73.982662736681,40.3028692693415],[-73.9814065257703,40.3029267659407]]}},{"type":"Feature","id":375477,"properties":{"OBJECTID":375477,"PRIMENAME":"Laird Street","ELEVTYP_F":0,"ELEVTYP_T":0},"geometry":{"type":"LineString","coordinates":[[-73.9804688474743,40.3029612665326],[-73.9786553565695,40.3030800472191]]}},{"type":"Feature","id":375481,"properties":{"OBJECTID":375481,"PRIMENAME":"Ocean Boulevard","ELEVTYP_F":0,"ELEVTYP_T":0},"geometry":{"type":"LineString","coordinates":[[-73.9812518336281,40.302927799891],[-73.9812363229692,40.3030451687802]]}},{"type":"Feature","id":375702,"properties":{"OBJECTID":375702,"PRIMENAME":"Ocean Avenue","ELEVTYP_F":0,"ELEVTYP_T":0},"geometry":{"type":"LineString","coordinates":[[-73.9784515245425,40.3032371199092],[-73.978470613462,40.3032344560495],[-73.9784893577086,40.3032306167918],[-73.9785076340254,40.3032256273819],[-73.9785253222327,40.3032195206287],[-73.978542306018,40.3032123366886],[-73.9785584737009,40.303204122801],[-73.9785737189678,40.3031949329781],[-73.9785879415705,40.3031848276496],[-73.9786010479859,40.303173873265],[-73.9786129520306,40.3031621418573],[-73.9786235754279,40.3031497105685],[-73.9786328483221,40.3031366611432],[-73.9786407097383,40.3031230793902],[-73.9786471079833,40.3031090546192],[-73.9786520009849,40.3030946790524],[-73.9786553565695,40.3030800472191]]}},{"type":"Feature","id":375912,"properties":{"OBJECTID":375912,"PRIMENAME":"Landmark Place","ELEVTYP_F":0,"ELEVTYP_T":0},"geometry":{"type":"LineString","coordinates":[[-73.9804983235113,40.3030990471647],[-73.9804688474743,40.3029612665326]]}},{"type":"Feature","id":376128,"properties":{"OBJECTID":376128,"PRIMENAME":"Ocean Avenue","ELEVTYP_F":0,"ELEVTYP_T":0},"geometry":{"type":"LineString","coordinates":[[-73.9786553565695,40.3030800472191],[-73.9786557434855,40.3030737875973],[-73.978655845778,40.3030675203883],[-73.9786556598419,40.3030612554831],[-73.9786551903341,40.3030549992073],[-73.9786544360161,40.3030487596612],[-73.9786533968326,40.3030425440497],[-73.9786520774336,40.3030363595991],[-73.9786504754111,40.3030302135039],[-73.9786485930416,40.3030241156813],[-73.9786464350029,40.3030180697553],[-73.978644004741,40.303012086549],[-73.9786412998617,40.3030061714558],[-73.978638328544,40.3030003317176],[-73.978635091895,40.302994576346],[-73.9786315969312,40.3029889107765],[-73.9786278459707,40.302983339523],[-73.9786238400999,40.3029778742986],[-73.9786195898781,40.3029725187537],[-73.978615098772,40.3029672810098],[-73.9786103714661,40.3029621637898],[-73.9786054125827,40.3029571779226],[-73.9786002314979,40.3029523279536],[-73.9785948305297,40.3029476183964],[-73.9785892178569,40.3029430564932],[-73.9785834028488,40.3029386476902],[-73.9785773901897,40.3029343947103],[-73.9785711868616,40.3029303074923],[-73.9785648010849,40.3029263878744],[-73.9785582386995,40.3029226412869],[-73.9785515126175,40.3029190713907],[-73.9785446274956,40.3029156845111],[-73.9785375903779,40.3029124824814],[-73.9785304106264,40.3029094716482],[-73.9785231023434,40.3029066538764],[-73.9785156666772,40.3029040327738],[-73.97850811773,40.3029016102052],[-73.9785004613279,40.3028993934021],[-73.9784927092342,40.3028973824176],[-73.9784848708524,40.3028955781947],[-73.9784769543753,40.3028939861742],[-73.9784689715799,40.3028926046078],[-73.9784609282992,40.3028914398265],[-73.9784528398532,40.3028904882967],[-73.9784447109194,40.302889753642],[-73.9784365520708,40.3028892377115],[-73.9784283774371,40.3028889387676],[-73.9784201917096,40.3028888586326],[-73.9784120089905,40.3028889991715],[-73.9784038375415,40.3028893568189],[-73.9783956879565,40.3028899307219],[-73.978387568442,40.3028907245202],[-73.9783794896126,40.3028917346589],[-73.9783714632591,40.3028929575887],[-73.9783634975812,40.3028943978497],[-73.9783556008823,40.3028960464729],[-73.9783477837216,40.3028979071085],[-73.9783400579038,40.3028999744059],[-73.9783324304939,40.3029022474962],[-73.9783249109231,40.30290472372],[-73.9783175086436,40.302907397716]]}},{"type":"Feature","id":376352,"properties":{"OBJECTID":376352,"PRIMENAME":"Garfield Avenue","ELEVTYP_F":0,"ELEVTYP_T":0},"geometry":{"type":"LineString","coordinates":[[-73.9814065257703,40.3029267659407],[-73.9812518336281,40.302927799891]]}},{"type":"Feature","id":376367,"properties":{"OBJECTID":376367,"PRIMENAME":"Unnamed Segment","ELEVTYP_F":0,"ELEVTYP_T":0},"geometry":{"type":"LineString","coordinates":[[-73.990487580415,40.2605558804392],[-73.9906105533109,40.2601935777797],[-73.9908116090159,40.2596334617437]]}},{"type":"Feature","id":376567,"properties":{"OBJECTID":376567,"PRIMENAME":"Ocean Boulevard","ELEVTYP_F":0,"ELEVTYP_T":0},"geometry":{"type":"LineString","coordinates":[[-73.981392463375,40.303033997246],[-73.9814065257703,40.3029267659407]]}},{"type":"Feature","id":376593,"properties":{"OBJECTID":376593,"PRIMENAME":"Berringer Road","ELEVTYP_F":0,"ELEVTYP_T":0},"geometry":{"type":"LineString","coordinates":[[-73.990487580415,40.2605558804392],[-73.9904294525653,40.260543627653]]}},{"type":"Feature","id":377028,"properties":{"OBJECTID":377028,"PRIMENAME":"Ocean Avenue","ELEVTYP_F":0,"ELEVTYP_T":0},"geometry":{"type":"LineString","coordinates":[[-73.990159164346,40.261441550582],[-73.9901437005117,40.2614936119479]]}},{"type":"Feature","id":377032,"properties":{"OBJECTID":377032,"PRIMENAME":"Lawrence Avenue","ELEVTYP_F":0,"ELEVTYP_T":0},"geometry":{"type":"LineString","coordinates":[[-73.9903025509473,40.2609011356721],[-73.9903655186362,40.2609154993757]]}},{"type":"Feature","id":377287,"properties":{"OBJECTID":377287,"PRIMENAME":"Norwood Avenue","ELEVTYP_F":0,"ELEVTYP_T":0},"geometry":{"type":"LineString","coordinates":[[-73.9999080244689,40.2623724797909],[-73.999886084631,40.2622991376146],[-73.9998650535201,40.2621965944455]]}},{"type":"Feature","id":377789,"properties":{"OBJECTID":377789,"PRIMENAME":"Ocean Avenue","ELEVTYP_F":0,"ELEVTYP_T":0},"geometry":{"type":"LineString","coordinates":[[-73.9847626061146,40.2809861874072],[-73.9847174763035,40.2812458007983]]}},{"type":"Feature","id":377815,"properties":{"OBJECTID":377815,"PRIMENAME":"Ocean Boulevard","ELEVTYP_F":0,"ELEVTYP_T":0},"geometry":{"type":"LineString","coordinates":[[-73.9812363229692,40.3030451687802],[-73.9812014943519,40.3033087122885],[-73.9811956721824,40.3033385816785]]}},{"type":"Feature","id":377875,"properties":{"OBJECTID":377875,"PRIMENAME":"Ocean Avenue","ELEVTYP_F":0,"ELEVTYP_T":0},"geometry":{"type":"LineString","coordinates":[[-73.9889128336492,40.264750780419],[-73.988867606123,40.2648836103619],[-73.9887886779202,40.2651526148317]]}},{"type":"Feature","id":377999,"properties":{"OBJECTID":377999,"PRIMENAME":"Garfield Avenue","ELEVTYP_F":0,"ELEVTYP_T":0},"geometry":{"type":"LineString","coordinates":[[-73.98281435206,40.3028875712626],[-73.9829254841348,40.3028810131603],[-73.9851051989204,40.3027525125425],[-73.9851491797575,40.3027497162893]]}},{"type":"Feature","id":378111,"properties":{"OBJECTID":378111,"PRIMENAME":"Ocean Boulevard","ELEVTYP_F":0,"ELEVTYP_T":0},"geometry":{"type":"LineString","coordinates":[[-73.9833125748447,40.2882716863235],[-73.9832411285488,40.2886464422126],[-73.9832235574954,40.28873860653],[-73.9831547336455,40.2890462623445],[-73.9830882835516,40.2893432946258],[-73.9830756539312,40.2894058565124]]}},{"type":"Feature","id":378244,"properties":{"OBJECTID":378244,"PRIMENAME":"Norwood Avenue","ELEVTYP_F":0,"ELEVTYP_T":0},"geometry":{"type":"LineString","coordinates":[[-73.9997774474723,40.2612709910985],[-73.9997470679376,40.2615569681881],[-73.9997265459085,40.2618035379056],[-73.9997209564787,40.2619250447804],[-73.9997202192118,40.2620251332342],[-73.9997381610271,40.2621288699662],[-73.9997394133353,40.2621366598149],[-73.9997559786029,40.2622397448156],[-73.9997710055082,40.2622899235924],[-73.9997924214354,40.2623614333775],[-73.9998379443279,40.2625153355728],[-73.9999110323359,40.2627265399957],[-73.9999206141831,40.2627501544679]]}},{"type":"Feature","id":378981,"properties":{"OBJECTID":378981,"PRIMENAME":"Ocean Boulevard","ELEVTYP_F":0,"ELEVTYP_T":0},"geometry":{"type":"LineString","coordinates":[[-73.9805207874595,40.3087122578527],[-73.9804659179119,40.309129447424],[-73.9803995420933,40.3096677036403],[-73.9803799457711,40.3097915341407],[-73.9803471793035,40.3099963167532],[-73.9803308573544,40.3102870975661]]}},{"type":"Feature","id":379687,"properties":{"OBJECTID":379687,"PRIMENAME":"Ocean Boulevard","ELEVTYP_F":0,"ELEVTYP_T":0},"geometry":{"type":"LineString","coordinates":[[-73.981287883643,40.300475523038],[-73.9813100929626,40.300567313111],[-73.9813456687095,40.300713898736],[-73.9813579211225,40.3007643859578],[-73.9814054623533,40.3010600938531],[-73.9814054965574,40.3010614666078],[-73.9814149887288,40.3014414180043],[-73.9814048677116,40.3016015337699]]}},{"type":"Feature","id":380747,"properties":{"OBJECTID":380747,"PRIMENAME":"Ocean Boulevard","ELEVTYP_F":0,"ELEVTYP_T":0},"geometry":{"type":"LineString","coordinates":[[-73.9813506867168,40.3033525821115],[-73.981392463375,40.303033997246]]}},{"type":"Feature","id":381040,"properties":{"OBJECTID":381040,"PRIMENAME":"Ocean Avenue","ELEVTYP_F":0,"ELEVTYP_T":0},"geometry":{"type":"LineString","coordinates":[[-73.9887886779202,40.2651526148317],[-73.9887457190273,40.2652990286279]]}},{"type":"Feature","id":382000,"properties":{"OBJECTID":382000,"PRIMENAME":"Ocean Boulevard","ELEVTYP_F":0,"ELEVTYP_T":0},"geometry":{"type":"LineString","coordinates":[[-73.9814048677116,40.3016015337699],[-73.9814008341162,40.3016653641635],[-73.9813601947233,40.3020940928394],[-73.9812808082294,40.3027085532261],[-73.9812518336281,40.302927799891]]}},{"type":"Feature","id":382263,"properties":{"OBJECTID":382263,"PRIMENAME":"Norwood Avenue","ELEVTYP_F":0,"ELEVTYP_T":0},"geometry":{"type":"LineString","coordinates":[[-73.9998996475179,40.259566759942],[-73.9999038652129,40.2598990880234],[-73.9998993093355,40.2599645970356],[-73.999877774687,40.2602742755899],[-73.9998535055469,40.2605184640486],[-73.9997971605732,40.2610853621618],[-73.9997774474723,40.2612709910985]]}},{"type":"Feature","id":382311,"properties":{"OBJECTID":382311,"PRIMENAME":"Liberty Street","ELEVTYP_F":0,"ELEVTYP_T":0},"geometry":{"type":"LineString","coordinates":[[-73.9862135660938,40.3067758194729],[-73.9862860913073,40.3071043577959],[-73.9863446087944,40.3074834291264]]}},{"type":"Feature","id":382329,"properties":{"OBJECTID":382329,"PRIMENAME":"Ocean Avenue","ELEVTYP_F":0,"ELEVTYP_T":0},"geometry":{"type":"LineString","coordinates":[[-73.9900591959192,40.2617781158207],[-73.9897542475279,40.2628047751624],[-73.9895565572275,40.2634473019327],[-73.989473745193,40.2637043019869],[-73.9894103556048,40.2638612960879],[-73.9893608726124,40.263960646939]]}},{"type":"Feature","id":383075,"properties":{"OBJECTID":383075,"PRIMENAME":"Chelsea Avenue","ELEVTYP_F":0,"ELEVTYP_T":0},"geometry":{"type":"LineString","coordinates":[[-73.9802074163995,40.3017391762499],[-73.9811824151515,40.3016291773109],[-73.9814048677116,40.3016015337699]]}},{"type":"Feature","id":383098,"properties":{"OBJECTID":383098,"PRIMENAME":"Cedar Avenue","ELEVTYP_F":0,"ELEVTYP_T":0},"geometry":{"type":"LineString","coordinates":[[-73.9954141367438,40.2810915300196],[-73.9954132414851,40.2810914162349],[-73.9951145491551,40.2810628259787],[-73.9943747671097,40.2809897025531]]}},{"type":"Feature","id":383133,"properties":{"OBJECTID":383133,"PRIMENAME":"Laird Street","ELEVTYP_F":0,"ELEVTYP_T":0},"geometry":{"type":"LineString","coordinates":[[-73.979853685896,40.3031476844994],[-73.9801964146661,40.3031171768042],[-73.9804983235113,40.3030990471647]]}},{"type":"Feature","id":383505,"properties":{"OBJECTID":383505,"PRIMENAME":"Ocean Boulevard North","ELEVTYP_F":0,"ELEVTYP_T":0},"geometry":{"type":"LineString","coordinates":[[-73.9772364820658,40.3225847326275],[-73.9772526868679,40.3225468568153],[-73.9773314133232,40.3223718651848],[-73.9773762482964,40.3222722095742],[-73.9773861356445,40.3222527424815]]}},{"type":"Feature","id":384026,"properties":{"OBJECTID":384026,"PRIMENAME":"Ocean Boulevard","ELEVTYP_F":0,"ELEVTYP_T":0},"geometry":{"type":"LineString","coordinates":[[-73.9803308573544,40.3102870975661],[-73.9802967427098,40.310892096597],[-73.9802956882612,40.3110296543803]]}},{"type":"Feature","id":384142,"properties":{"OBJECTID":384142,"PRIMENAME":"Ocean Avenue","ELEVTYP_F":0,"ELEVTYP_T":0},"geometry":{"type":"LineString","coordinates":[[-73.9771482330155,40.322564059179],[-73.9771164345086,40.322653468343],[-73.9770514360423,40.3228600051244],[-73.9770254344181,40.322942620715],[-73.9770223438587,40.322953817178]]}},{"type":"Feature","id":384608,"properties":{"OBJECTID":384608,"PRIMENAME":"Norwood Avenue","ELEVTYP_F":0,"ELEVTYP_T":0},"geometry":{"type":"LineString","coordinates":[[-74.0001813419425,40.2634068773854],[-74.0001620630414,40.2632607200282],[-74.0000447119036,40.2628458754989]]}},{"type":"Feature","id":385422,"properties":{"OBJECTID":385422,"PRIMENAME":"Ocean Boulevard North","ELEVTYP_F":0,"ELEVTYP_T":0},"geometry":{"type":"LineString","coordinates":[[-73.97797212556,40.3212060564304],[-73.9780012736586,40.321156198069],[-73.9783396545706,40.3205655850501]]}},{"type":"Feature","id":386444,"properties":{"OBJECTID":386444,"PRIMENAME":"Lawrence Avenue","ELEVTYP_F":0,"ELEVTYP_T":0},"geometry":{"type":"LineString","coordinates":[[-73.9903655186362,40.2609154993757],[-73.990462837514,40.2609376843543],[-73.9907983022374,40.2610058695141],[-73.9909173836509,40.2610302583225],[-73.9910434941087,40.2610560874616]]}},{"type":"Feature","id":386963,"properties":{"OBJECTID":386963,"PRIMENAME":"Ocean Avenue","ELEVTYP_F":0,"ELEVTYP_T":0},"geometry":{"type":"LineString","coordinates":[[-73.9885692713593,40.2658831474141],[-73.9884337015578,40.2663257921753],[-73.9882338772191,40.266996307519]]}},{"type":"Feature","id":387857,"properties":{"OBJECTID":387857,"PRIMENAME":"Ocean Boulevard","ELEVTYP_F":0,"ELEVTYP_T":0},"geometry":{"type":"LineString","coordinates":[[-73.9840072592249,40.2845777777628],[-73.9839136265085,40.2847525591865],[-73.9838487901584,40.2850954221939],[-73.9838278594102,40.2852194775408],[-73.9837269753324,40.2858174472512]]}},{"type":"Feature","id":388059,"properties":{"OBJECTID":388059,"PRIMENAME":"Ocean Boulevard","ELEVTYP_F":0,"ELEVTYP_T":0},"geometry":{"type":"LineString","coordinates":[[-73.9812958010227,40.2963292971635],[-73.9812208988942,40.2967031134838],[-73.9811304252984,40.2971412551199],[-73.981094269927,40.2973027583148]]}},{"type":"Feature","id":388250,"properties":{"OBJECTID":388250,"PRIMENAME":"Jerome Avenue","ELEVTYP_F":0,"ELEVTYP_T":0},"geometry":{"type":"LineString","coordinates":[[-73.9908116090159,40.2596334617437],[-73.9912651285673,40.25973062322],[-73.9922181026847,40.2599311471369],[-73.9928614161656,40.2600665080519],[-73.9935011327378,40.2602075049158],[-73.9950353095912,40.2605335345619],[-73.9951355603894,40.2605542864449]]}},{"type":"Feature","id":388584,"properties":{"OBJECTID":388584,"PRIMENAME":"Ocean Avenue","ELEVTYP_F":0,"ELEVTYP_T":0},"geometry":{"type":"LineString","coordinates":[[-73.9877183458358,40.268675641391],[-73.9876361901469,40.2689530941176],[-73.9874814476537,40.2694785585608]]}},{"type":"Feature","id":392514,"properties":{"OBJECTID":392514,"PRIMENAME":"Ocean Avenue","ELEVTYP_F":0,"ELEVTYP_T":0},"geometry":{"type":"LineString","coordinates":[[-73.9903025509473,40.2609011356721],[-73.9901373466721,40.2613615205773]]}},{"type":"Feature","id":395682,"properties":{"OBJECTID":395682,"PRIMENAME":"Ocean Boulevard","ELEVTYP_F":0,"ELEVTYP_T":0},"geometry":{"type":"LineString","coordinates":[[-73.9816905230541,40.2944988369523],[-73.9815700432074,40.2949985019286],[-73.9814926724144,40.2953508330662],[-73.9813697374373,40.2959602949599],[-73.9812958010227,40.2963292971635]]}},{"type":"Feature","id":395808,"properties":{"OBJECTID":395808,"PRIMENAME":"Ocean Boulevard North","ELEVTYP_F":0,"ELEVTYP_T":0},"geometry":{"type":"LineString","coordinates":[[-73.9800673273344,40.31348503594],[-73.9800374263409,40.3137369264623]]}},{"type":"Feature","id":396190,"properties":{"OBJECTID":396190,"PRIMENAME":"Ocean Avenue","ELEVTYP_F":0,"ELEVTYP_T":0},"geometry":{"type":"LineString","coordinates":[[-73.9901437005117,40.2614936119479],[-73.9900591959192,40.2617781158207]]}},{"type":"Feature","id":396260,"properties":{"OBJECTID":396260,"PRIMENAME":"Wardell Circle","ELEVTYP_F":0,"ELEVTYP_T":0},"geometry":{"type":"LineString","coordinates":[[-73.9980049867513,40.3214055196185],[-73.9980791976167,40.3213129715614],[-73.9982745142109,40.3205822226918],[-73.9982680970384,40.3204511937697]]}},{"type":"Feature","id":396332,"properties":{"OBJECTID":396332,"PRIMENAME":"Liberty Street","ELEVTYP_F":0,"ELEVTYP_T":0},"geometry":{"type":"LineString","coordinates":[[-73.9863921583406,40.3077909657334],[-73.9864475275685,40.3081468959451],[-73.986470085598,40.3082918999339],[-73.9864835880103,40.3083697035991]]}},{"type":"Feature","id":396380,"properties":{"OBJECTID":396380,"PRIMENAME":"Cedar Avenue","ELEVTYP_F":0,"ELEVTYP_T":0},"geometry":{"type":"LineString","coordinates":[[-73.993318342371,40.2808920457907],[-73.9931903031458,40.2808861083589],[-73.9930620385453,40.2808849382697],[-73.992267394625,40.2809539833389],[-73.9914939520542,40.2810205348306],[-73.9914913361081,40.2810207647111],[-73.9906279553244,40.2810969412687],[-73.990511486127,40.2811557252623]]}},{"type":"Feature","id":396497,"properties":{"OBJECTID":396497,"PRIMENAME":"Ocean Avenue","ELEVTYP_F":0,"ELEVTYP_T":0},"geometry":{"type":"LineString","coordinates":[[-73.987379108888,40.2698260625265],[-73.9872913693873,40.270123997385],[-73.9871397534429,40.2706199361001]]}},{"type":"Feature","id":396920,"properties":{"OBJECTID":396920,"PRIMENAME":"Ocean Boulevard","ELEVTYP_F":0,"ELEVTYP_T":0},"geometry":{"type":"LineString","coordinates":[[-73.9824181002479,40.2920350820121],[-73.9821202423852,40.2930468971111],[-73.9819809214854,40.2935172150274]]}},{"type":"Feature","id":397084,"properties":{"OBJECTID":397084,"PRIMENAME":"Landmark Place","ELEVTYP_F":0,"ELEVTYP_T":0},"geometry":{"type":"LineString","coordinates":[[-73.9802074163995,40.3017391762499],[-73.9801734157008,40.3013641772618],[-73.980094461054,40.3009794436814],[-73.9800364150453,40.300607176321],[-73.9799975686531,40.3004315690321]]}},{"type":"Feature","id":397105,"properties":{"OBJECTID":397105,"PRIMENAME":"Ocean Avenue","ELEVTYP_F":0,"ELEVTYP_T":0},"geometry":{"type":"LineString","coordinates":[[-73.9853822692577,40.2773984572697],[-73.9853230382745,40.2777980629021],[-73.9851278807093,40.2789219658463],[-73.9851010668859,40.27907245409]]}},{"type":"Feature","id":397139,"properties":{"OBJECTID":397139,"PRIMENAME":"Norwood Avenue","ELEVTYP_F":0,"ELEVTYP_T":0},"geometry":{"type":"LineString","coordinates":[[-74.0000447119036,40.2628458754989],[-74.0000367144723,40.2628176753999],[-74.0000159692108,40.2627441231559],[-74.0000105910343,40.2627250481849]]}},{"type":"Feature","id":397343,"properties":{"OBJECTID":397343,"PRIMENAME":"Norwood Avenue","ELEVTYP_F":0,"ELEVTYP_T":0},"geometry":{"type":"LineString","coordinates":[[-73.9998891052123,40.2612806433606],[-73.9999039466221,40.2611386971562],[-73.9999508526677,40.2606813518758],[-73.9999654686885,40.2605351715548],[-73.999977580829,40.2604140242668]]}},{"type":"Feature","id":397589,"properties":{"OBJECTID":397589,"PRIMENAME":"Ocean Avenue","ELEVTYP_F":0,"ELEVTYP_T":0},"geometry":{"type":"LineString","coordinates":[[-73.9842513196194,40.2841034211434],[-73.9841470827893,40.2843341864475],[-73.9840588209805,40.2844815407354],[-73.9840072592249,40.2845777777628]]}},{"type":"Feature","id":397819,"properties":{"OBJECTID":397819,"PRIMENAME":"Narragansett Avenue","ELEVTYP_F":0,"ELEVTYP_T":0},"geometry":{"type":"LineString","coordinates":[[-73.9873647861945,40.3207603764295],[-73.9874100424182,40.3209982568964],[-73.9874579116994,40.3212558309076],[-73.9874941281032,40.3214037652802],[-73.9875487074278,40.321599410272],[-73.9875682602575,40.3216413097501],[-73.9875765892508,40.32165915978]]}},{"type":"Feature","id":398045,"properties":{"OBJECTID":398045,"PRIMENAME":"Cedar Avenue","ELEVTYP_F":0,"ELEVTYP_T":0},"geometry":{"type":"LineString","coordinates":[[-73.9966905499846,40.2812172472669],[-73.9958257314005,40.2811307421375],[-73.9954141367438,40.2810915300196]]}},{"type":"Feature","id":398120,"properties":{"OBJECTID":398120,"PRIMENAME":"Ocean Boulevard","ELEVTYP_F":0,"ELEVTYP_T":0},"geometry":{"type":"LineString","coordinates":[[-73.9828591826718,40.2903865226447],[-73.9828048537487,40.2906050182875],[-73.982619235725,40.291271412562],[-73.9824397043488,40.2919616894251],[-73.9824181002479,40.2920350820121]]}},{"type":"Feature","id":398316,"properties":{"OBJECTID":398316,"PRIMENAME":"Ocean Avenue","ELEVTYP_F":0,"ELEVTYP_T":0},"geometry":{"type":"LineString","coordinates":[[-73.9862609794386,40.2735907054701],[-73.9862485496132,40.2736309233598],[-73.9862379434626,40.27366524641],[-73.9860911931275,40.2741507186247],[-73.9859442616029,40.2746505193249],[-73.9858449271638,40.2749937522996]]}},{"type":"Feature","id":398333,"properties":{"OBJECTID":398333,"PRIMENAME":"Ocean Avenue","ELEVTYP_F":0,"ELEVTYP_T":0},"geometry":{"type":"LineString","coordinates":[[-73.9882338772191,40.266996307519],[-73.9882166702375,40.2670540188255],[-73.9879745181747,40.2678386134538],[-73.9879551951012,40.2679012185548],[-73.9878532335492,40.2682200917563],[-73.9877183458358,40.268675641391]]}},{"type":"Feature","id":398543,"properties":{"OBJECTID":398543,"PRIMENAME":"Ocean Boulevard","ELEVTYP_F":0,"ELEVTYP_T":0},"geometry":{"type":"LineString","coordinates":[[-73.9818847882681,40.2938418087081],[-73.9818199584296,40.2940607043503],[-73.9816985945349,40.2944652443387],[-73.9816905230541,40.2944988369523]]}},{"type":"Feature","id":398714,"properties":{"OBJECTID":398714,"PRIMENAME":"Narragansett Avenue","ELEVTYP_F":0,"ELEVTYP_T":0},"geometry":{"type":"LineString","coordinates":[[-73.9870997943992,40.3193885510565],[-73.9871164144054,40.3194814128571],[-73.9872120039495,40.3200155859792],[-73.9872271932356,40.3200890323132]]}},{"type":"Feature","id":398762,"properties":{"OBJECTID":398762,"PRIMENAME":"Rockwell Avenue","ELEVTYP_F":0,"ELEVTYP_T":0},"geometry":{"type":"LineString","coordinates":[[-73.9896064245764,40.3076678479963],[-73.9894918334088,40.3071519031123],[-73.9894768189864,40.3070838652252],[-73.989335287057,40.3064410815944],[-73.9893020131842,40.3062979645152]]}},{"type":"Feature","id":398787,"properties":{"OBJECTID":398787,"PRIMENAME":"Ocean Avenue","ELEVTYP_F":0,"ELEVTYP_T":0},"geometry":{"type":"LineString","coordinates":[[-73.9874814476537,40.2694785585608],[-73.987379108888,40.2698260625265]]}},{"type":"Feature","id":398976,"properties":{"OBJECTID":398976,"PRIMENAME":"Norwood Avenue","ELEVTYP_F":0,"ELEVTYP_T":0},"geometry":{"type":"LineString","coordinates":[[-73.999977580829,40.2604140242668],[-73.9999844287434,40.2603455358569],[-74.0000242729998,40.2600049157291],[-74.0000280784629,40.2599651534502],[-74.0000545906704,40.2596881102955],[-74.0000583252189,40.2595945690641]]}},{"type":"Feature","id":399230,"properties":{"OBJECTID":399230,"PRIMENAME":"Ocean Boulevard North","ELEVTYP_F":0,"ELEVTYP_T":0},"geometry":{"type":"LineString","coordinates":[[-73.9796456975871,40.3178448527501],[-73.9796814814401,40.3176357475436],[-73.9797162642037,40.3173606702773],[-73.9797848333622,40.3168313757567]]}},{"type":"Feature","id":399689,"properties":{"OBJECTID":399689,"PRIMENAME":"Ocean Boulevard","ELEVTYP_F":0,"ELEVTYP_T":0},"geometry":{"type":"LineString","coordinates":[[-73.9809089152329,40.2988341380289],[-73.980934814615,40.2991134697257],[-73.9810130724433,40.2994617204119],[-73.9811402183798,40.2999293337295],[-73.9812520589059,40.3003379923812],[-73.9812734226717,40.3004160526568],[-73.981287883643,40.300475523038]]}},{"type":"Feature","id":399765,"properties":{"OBJECTID":399765,"PRIMENAME":"Ocean Boulevard North","ELEVTYP_F":0,"ELEVTYP_T":0},"geometry":{"type":"LineString","coordinates":[[-73.9778374406064,40.3211491324816],[-73.9776124149798,40.3215445168118],[-73.977529386697,40.3216904026185],[-73.9775112195442,40.3217223243969],[-73.9773972880403,40.3219576774625],[-73.9773260395982,40.3221182510498],[-73.9772948167064,40.3221906044902]]}},{"type":"Feature","id":399799,"properties":{"OBJECTID":399799,"PRIMENAME":"Melrose Terrace","ELEVTYP_F":0,"ELEVTYP_T":0},"geometry":{"type":"LineString","coordinates":[[-73.9787248709324,40.3006329442525],[-73.9788344330782,40.300615484147],[-73.9796197477957,40.3004903511864],[-73.9799975686531,40.3004315690321]]}},{"type":"Feature","id":399984,"properties":{"OBJECTID":399984,"PRIMENAME":"Norwood Avenue","ELEVTYP_F":0,"ELEVTYP_T":0},"geometry":{"type":"LineString","coordinates":[[-74.0001657381827,40.2633669529333],[-74.0001813419425,40.2634068773854]]}},{"type":"Feature","id":400441,"properties":{"OBJECTID":400441,"PRIMENAME":"Ocean Boulevard North","ELEVTYP_F":0,"ELEVTYP_T":0},"geometry":{"type":"LineString","coordinates":[[-73.9783396545706,40.3205655850501],[-73.9784935750415,40.3202969474716],[-73.9784970236458,40.3202910114964],[-73.9786091925263,40.3200979206218]]}},{"type":"Feature","id":400812,"properties":{"OBJECTID":400812,"PRIMENAME":"Ocean Boulevard","ELEVTYP_F":0,"ELEVTYP_T":0},"geometry":{"type":"LineString","coordinates":[[-73.9809469849986,40.3051877075137],[-73.9808832901565,40.3057763492223],[-73.9808706986219,40.3058927187634]]}},{"type":"Feature","id":401531,"properties":{"OBJECTID":401531,"PRIMENAME":"Ocean Avenue","ELEVTYP_F":0,"ELEVTYP_T":0},"geometry":{"type":"LineString","coordinates":[[-73.9858449271638,40.2749937522996],[-73.9857844939742,40.2752026695217],[-73.985599163803,40.2758500200641],[-73.9855414484086,40.2760737461682],[-73.9855407443978,40.2760814571999]]}},{"type":"Feature","id":401692,"properties":{"OBJECTID":401692,"PRIMENAME":"Ocean Avenue","ELEVTYP_F":0,"ELEVTYP_T":0},"geometry":{"type":"LineString","coordinates":[[-73.9787248709324,40.3006329442525],[-73.9786183437888,40.3007285805541],[-73.9784456518683,40.3015320627563]]}},{"type":"Feature","id":401849,"properties":{"OBJECTID":401849,"PRIMENAME":"Liberty Street","ELEVTYP_F":0,"ELEVTYP_T":0},"geometry":{"type":"LineString","coordinates":[[-73.9864835880103,40.3083697035991],[-73.9865136455675,40.3085427476624],[-73.9865495269457,40.3087493291688]]}},{"type":"Feature","id":403119,"properties":{"OBJECTID":403119,"PRIMENAME":"Unnamed Segment","ELEVTYP_F":0,"ELEVTYP_T":0},"geometry":{"type":"LineString","coordinates":[[-74.0106004255917,40.3056161757824],[-74.0107295939831,40.305599509662]]}},{"type":"Feature","id":403120,"properties":{"OBJECTID":403120,"PRIMENAME":"Unnamed Segment","ELEVTYP_F":0,"ELEVTYP_T":0},"geometry":{"type":"LineString","coordinates":[[-74.0107295939831,40.305599509662],[-74.0108794264647,40.3055801765532],[-74.0114384254258,40.3055611758474],[-74.0117674240511,40.3055361763749],[-74.0118474249916,40.3055191763115],[-74.0119174247174,40.3054971758825],[-74.0121954243196,40.3053751754134],[-74.0123054266552,40.3053341765251],[-74.0123964262827,40.3053111763335],[-74.012411975514,40.3053092919446]]}},{"type":"Feature","id":403124,"properties":{"OBJECTID":403124,"PRIMENAME":"Unnamed Segment","ELEVTYP_F":0,"ELEVTYP_T":0},"geometry":{"type":"LineString","coordinates":[[-73.9989091681455,40.263313500564],[-73.9989693591094,40.2632163535482],[-73.9992425911912,40.2629061877184]]}},{"type":"Feature","id":406066,"properties":{"OBJECTID":406066,"PRIMENAME":"Cooper Avenue","ELEVTYP_F":0,"ELEVTYP_T":0},"geometry":{"type":"LineString","coordinates":[[-73.9790060057503,40.3087035754591],[-73.9790089188742,40.3087323390384],[-73.9790198637353,40.3087602307598],[-73.9790384494947,40.3087862545904],[-73.97906401245,40.3088094811995],[-73.9790956397351,40.3088290811462],[-73.9791322019192,40.3088443544998],[-73.9791723933395,40.3088547558352],[-73.9792147787277,40.3088599137114],[-73.9792360886309,40.3088604644689]]}},{"type":"Feature","id":406067,"properties":{"OBJECTID":406067,"PRIMENAME":"Cooper Avenue","ELEVTYP_F":0,"ELEVTYP_T":0},"geometry":{"type":"LineString","coordinates":[[-73.9794617246088,40.3087089943922],[-73.9794598853117,40.3086888285379],[-73.9794514961482,40.3086629842146],[-73.9794365695611,40.3086384900959],[-73.9794155537488,40.3086160816516],[-73.9793890797457,40.3085964317251],[-73.9793579424736,40.3085801303311],[-73.9793230768734,40.3085676669398],[-73.9792855298316,40.3085594157799],[-73.9792464287475,40.3085556246027]]}},{"type":"Feature","id":406068,"properties":{"OBJECTID":406068,"PRIMENAME":"Cooper Avenue","ELEVTYP_F":0,"ELEVTYP_T":0},"geometry":{"type":"LineString","coordinates":[[-73.9792360886309,40.3088604644689],[-73.9792800817163,40.3088573470007],[-73.9793223318221,40.3088485969679],[-73.9793612460752,40.3088345442568],[-73.9793953573698,40.3088157186703],[-73.9794233796797,40.3087928299532],[-73.9794442565427,40.3087667410338],[-73.9794572008899,40.30873843549],[-73.9794617246088,40.3087089943922]]}},{"type":"Feature","id":406069,"properties":{"OBJECTID":406069,"PRIMENAME":"Cooper Avenue","ELEVTYP_F":0,"ELEVTYP_T":0},"geometry":{"type":"LineString","coordinates":[[-73.9792464287475,40.3085556246027],[-73.9792349953789,40.308555379496],[-73.9792221939465,40.3085555722533],[-73.9791834477745,40.3085591057784],[-73.9791461853567,40.3085670225396],[-73.9791115041859,40.3085790893647],[-73.9790804257307,40.308594950849],[-73.9790538653504,40.3086141398237],[-73.9790326053347,40.3086360911145],[-73.9790172718633,40.3086601581876],[-73.9790083165619,40.3086856321922],[-73.9790060057503,40.3087035754591]]}},{"type":"Feature","id":408942,"properties":{"OBJECTID":408942,"PRIMENAME":"Sunset Avenue","ELEVTYP_F":0,"ELEVTYP_T":0},"geometry":{"type":"LineString","coordinates":[[-73.9939144221088,40.3239741820123],[-73.9944653432889,40.3239115484029]]}},{"type":"Feature","id":408979,"properties":{"OBJECTID":408979,"PRIMENAME":"Garrett Drive","ELEVTYP_F":0,"ELEVTYP_T":0},"geometry":{"type":"LineString","coordinates":[[-73.9989654484234,40.2924271432395],[-73.9991367528764,40.2922582854763],[-73.9991438113057,40.292251787479],[-73.9991516353301,40.2922458256901],[-73.9991601558177,40.2922404527869],[-73.9991692974828,40.2922357162434]]}},{"type":"Feature","id":408987,"properties":{"OBJECTID":408987,"PRIMENAME":"Rivera Lane","ELEVTYP_F":0,"ELEVTYP_T":0},"geometry":{"type":"LineString","coordinates":[[-73.9978387759414,40.2920755681537],[-73.997753671765,40.2916320358591],[-73.997751490768,40.291617757192],[-73.9977504112182,40.2916034049723],[-73.9977504368591,40.2915890289781],[-73.9977515676011,40.29157467907],[-73.9977696096854,40.2914210905635]]}},{"type":"Feature","id":408988,"properties":{"OBJECTID":408988,"PRIMENAME":"Garrett Drive","ELEVTYP_F":0,"ELEVTYP_T":0},"geometry":{"type":"LineString","coordinates":[[-73.9978947972872,40.2923675292718],[-73.9976886499767,40.2923900263798],[-73.9976733780883,40.2923914190121],[-73.9976580356419,40.2923922392728],[-73.9976426591998,40.2923924852072],[-73.9976272854056,40.2923921562292],[-73.9976119508964,40.2923912531227],[-73.9975966922158,40.2923897780401],[-73.9975815457266,40.2923877344965],[-73.9975665475243,40.2923851273619],[-73.9975517333509,40.2923819628493],[-73.99753713851,40.2923782485001],[-73.9975227977824,40.2923739931659],[-73.9975087453431,40.2923692069875],[-73.9974950146805,40.2923639013708],[-73.9974816385158,40.2923580889597],[-73.9974686487254,40.2923517836055],[-73.9974560762652,40.2923450003345]]}},{"type":"Feature","id":408989,"properties":{"OBJECTID":408989,"PRIMENAME":"Garrett Drive","ELEVTYP_F":0,"ELEVTYP_T":0},"geometry":{"type":"LineString","coordinates":[[-73.9988939673319,40.2920593918841],[-73.9986928349415,40.2922804357277]]}},{"type":"Feature","id":408990,"properties":{"OBJECTID":408990,"PRIMENAME":"Unnamed Segment","ELEVTYP_F":0,"ELEVTYP_T":0},"geometry":{"type":"LineString","coordinates":[[-73.9983938586782,40.2914709706095],[-73.998388657384,40.2914450766314],[-73.9983316476943,40.2911612461705],[-73.998328651724,40.2911463317771]]}},{"type":"Feature","id":408991,"properties":{"OBJECTID":408991,"PRIMENAME":"Unnamed Segment","ELEVTYP_F":0,"ELEVTYP_T":0},"geometry":{"type":"LineString","coordinates":[[-73.9974560762652,40.2923450003345],[-73.9974398131311,40.2923635796361],[-73.9972616262544,40.2925671415776],[-73.9972405908013,40.2925911725162]]}},{"type":"Feature","id":408992,"properties":{"OBJECTID":408992,"PRIMENAME":"Garrett Drive","ELEVTYP_F":0,"ELEVTYP_T":0},"geometry":{"type":"LineString","coordinates":[[-73.9983938586782,40.2914709706095],[-73.9984379312753,40.2914731841217],[-73.9984820664902,40.2914744728811],[-73.9985262312379,40.2914748359215],[-73.9985703924117,40.2914742729707],[-73.9986145169071,40.2914727844509],[-73.9986585716474,40.2914703714777],[-73.998702523608,40.2914670358601],[-73.9987463398417,40.2914627800983],[-73.998782886682,40.291458840427]]}},{"type":"Feature","id":408993,"properties":{"OBJECTID":408993,"PRIMENAME":"Unnamed Segment","ELEVTYP_F":0,"ELEVTYP_T":0},"geometry":{"type":"LineString","coordinates":[[-73.998328651724,40.2911463317771],[-73.9983269324966,40.2911464468123],[-73.9981751295963,40.2911208474555],[-73.9977821196686,40.2910886594016]]}},{"type":"Feature","id":408994,"properties":{"OBJECTID":408994,"PRIMENAME":"Unnamed Segment","ELEVTYP_F":0,"ELEVTYP_T":0},"geometry":{"type":"LineString","coordinates":[[-73.998328651724,40.2911463317771],[-73.9985465856251,40.2911316951161]]}},{"type":"Feature","id":408995,"properties":{"OBJECTID":408995,"PRIMENAME":"Unnamed Segment","ELEVTYP_F":0,"ELEVTYP_T":0},"geometry":{"type":"LineString","coordinates":[[-73.9972405908013,40.2925911725162],[-73.9973360632355,40.2926407101682],[-73.9973678708693,40.2926556937749],[-73.9974012761268,40.2926684772934],[-73.9974360201381,40.292678961659],[-73.9974718336585,40.2926870656242],[-73.9975084391548,40.2926927263879],[-73.9975455529559,40.2926959000827],[-73.9975828874519,40.2926965621141],[-73.9976201533223,40.2926947073519],[-73.9978801093077,40.2926729365625]]}},{"type":"Feature","id":408996,"properties":{"OBJECTID":408996,"PRIMENAME":"Unnamed Segment","ELEVTYP_F":0,"ELEVTYP_T":0},"geometry":{"type":"LineString","coordinates":[[-73.9972405908013,40.2925911725162],[-73.9971202600974,40.2925287355881],[-73.9971075503463,40.2925217717316],[-73.9970953214567,40.29251432009],[-73.9970836053224,40.2925064000979],[-73.9970724325,40.2924980324113],[-73.997061832129,40.2924892388539],[-73.9970518318558,40.29248004236],[-73.9970424577619,40.2924704669151],[-73.9970337342953,40.2924605374925],[-73.9970256842073,40.2924502799891],[-73.997018328493,40.2924397211572],[-73.9970116863362,40.2924288885353],[-73.9970057750599,40.2924178103756],[-73.9970006100808,40.2924065155709],[-73.9969962048692,40.292395033579],[-73.996992570914,40.2923833943456],[-73.9969897176922,40.2923716282269],[-73.9969536185979,40.2921981962365]]}},{"type":"Feature","id":408997,"properties":{"OBJECTID":408997,"PRIMENAME":"Wardell Place","ELEVTYP_F":0,"ELEVTYP_T":0},"geometry":{"type":"LineString","coordinates":[[-73.9997679534117,40.292160160421],[-73.9998012468211,40.292346117489],[-73.9998849190357,40.2928182992187],[-73.9998979614805,40.2928920646073]]}},{"type":"Feature","id":408998,"properties":{"OBJECTID":408998,"PRIMENAME":"Wardell Place","ELEVTYP_F":0,"ELEVTYP_T":0},"geometry":{"type":"LineString","coordinates":[[-73.9995384311807,40.2908781587985],[-73.9995561628251,40.2909771999123],[-73.9996261172639,40.2913679354512]]}},{"type":"Feature","id":420881,"properties":{"OBJECTID":420881,"PRIMENAME":"Ocean Boulevard North","ELEVTYP_F":0,"ELEVTYP_T":0},"geometry":{"type":"LineString","coordinates":[[-73.9781664562795,40.3205756747849],[-73.9779799442309,40.3208987399692],[-73.9778374406064,40.3211491324816]]}},{"type":"Feature","id":435198,"properties":{"OBJECTID":435198,"PRIMENAME":"Boardwalk","ELEVTYP_F":0,"ELEVTYP_T":0},"geometry":{"type":"LineString","coordinates":[[-73.9823868714489,40.284668843621],[-73.9823015473648,40.2846789077382],[-73.9822677168597,40.2846839758085],[-73.9822345301033,40.284691116425],[-73.9822022032096,40.2847002830875],[-73.982170946693,40.2847114161023],[-73.9821409640983,40.2847244429707],[-73.9821124506743,40.284739278861],[-73.9820855921032,40.2847558271609],[-73.9820605632908,40.2847739801069],[-73.9820375272279,40.2847936194859],[-73.9820166339289,40.2848146174046],[-73.9819980194545,40.2848368371232],[-73.981981805026,40.2848601339447],[-73.9819680962358,40.2848843561583],[-73.9819569823594,40.2849093460266],[-73.9819485357747,40.2849349408128],[-73.9819428114896,40.2849609738409],[-73.9819405580471,40.2849745456978],[-73.9819251734226,40.2850672087224],[-73.9818599116744,40.2854448665541],[-73.9817961726402,40.2858632769759],[-73.9815136439993,40.2875084534007],[-73.9807982114247,40.291439382519],[-73.9802624787436,40.2937164435328],[-73.9799221647572,40.2950030940127],[-73.9795713527228,40.296351037961],[-73.9793341523941,40.2972470960494],[-73.9788819627407,40.2994906504477],[-73.9788005938717,40.299798494223],[-73.9786754967886,40.2999217907794],[-73.9785744097984,40.3003476450842],[-73.9782785503803,40.3016396421491],[-73.9781401638014,40.3025117995203],[-73.9780456552998,40.3035483424556],[-73.9780451010725,40.303620351053],[-73.9781235953984,40.3036869565568],[-73.9779899411835,40.3058985521648],[-73.9779815313793,40.3060439783056],[-73.9772196791514,40.3095466052826],[-73.9768778225143,40.3111833244543]]}}]}
